Match,Bulk,Category,Company,City,Phone,Email,Website,Buys
100,yes,Medical equipment supplier,Al Baddya Medical Equipment Tr LLC,"Office 39&40, Crystal Plaza, King Faisal Street, Al Majaz 1",+97165220900,sales@albaddya.com,,Printable CD-R / Printable DVD-R / Printable Blu-ray (BD-R)
100,yes,Medical equipment supplier,Canway Medical Equipment LLC,"Office 2, Al Safeer Plaza, Al Khattbroad Fish Roundabout, Deira",+97144514824,medical@canwaymed.ae,,Printable CD-R / Printable DVD-R / Printable Blu-ray (BD-R)
100,,Medical equipment supplier,Saltom Medical Equip Trading LLC,"Opp. China mall, Al Jurf 1, New Industrial Area",+97167443328,saltomuae@gmail.com,,Printable CD-R / Printable DVD-R / Printable Blu-ray (BD-R)
100,yes,Medical equipment supplier,AOne Medical Equipment LLC,"Shop no. 2, Al Fairouz Building, Old Maktoum Hospital Road, Deira",+97144483032,info@aonemedical.ae,,Printable CD-R / Printable DVD-R / Printable Blu-ray (BD-R)
100,yes,Medical equipment supplier,Adamsmed Medical Equipment Trading LLC,"B-05, Al Wasl Bldg, WASL District, Deira",+97143218048,sales@adamsmed.ae,,Printable CD-R / Printable DVD-R / Printable Blu-ray (BD-R)
100,yes,Medical equipment supplier,Al Amir Medical Equipment & Supplies Est.,,+97126417120,sales@alamirmedical.ae,,Printable CD-R / Printable DVD-R / Printable Blu-ray (BD-R)
100,yes,Medical equipment supplier,Apolo Medical Equipment Trading LLC,"Bin Jarsh Building Fish Round About, Al Rigga Deira",+971566636522,apollomeds2024@gmail.com,,Printable CD-R / Printable DVD-R / Printable Blu-ray (BD-R)
100,yes,Medical equipment supplier,Corhaven Medical Equipment Trading LLC,Deira,+97142277561,corhaven.hasanhaji@gmail.com,,Printable CD-R / Printable DVD-R / Printable Blu-ray (BD-R)
100,yes,Medical equipment supplier,Curetech Medical Equipment Trading LLC,"Hor Al Anz, Deira",+971582563305,info@curetechmedical.com,,Printable CD-R / Printable DVD-R / Printable Blu-ray (BD-R)
100,,Medical equipment supplier,Medi Star Medical Surgical Articles Requisites Trading Co LLC,"Shop 11, Afra Albadoor Bldg, Opp Emirates Post, Al Nakhal Rd, St 1",+97142590880,medistarmedicaluae@gmail.com,,Printable CD-R / Printable DVD-R / Printable Blu-ray (BD-R)
100,yes,Medical equipment supplier,Medistar Medical Equipment Trading LLC,"Shop No 11, Afra Abdullah Al Badoor Building, Behind Dorus Hotel, Al Nakhal Street, Deira",+971542993052,shankar@medistarmedical.com,https://medistarmedical.com/,Printable CD-R / Printable DVD-R / Printable Blu-ray (BD-R)
100,yes,Medical equipment supplier,MRJ Medical Equipment Trading LLC,"Office 10 20th Floor, Twin Towers, Baniyas road, Deira",+971543980707,info@mrjtrade.ae,,Printable CD-R / Printable DVD-R / Printable Blu-ray (BD-R)
100,yes,Medical equipment supplier,Noble Medical Equipment,"Shop No 22, Ground Floor,  Asmawi Building",+97143255045,info@noblemedical.ae,,Printable CD-R / Printable DVD-R / Printable Blu-ray (BD-R)
100,yes,Medical equipment supplier,Noor Al Qamar Medical Equipment Trading LLC,"204, Bin Demaithan Building, Damascus st",+97142352812,nihasvadakkan21@gmail.com,,Printable CD-R / Printable DVD-R / Printable Blu-ray (BD-R)
100,yes,Medical equipment supplier,Sky Land Medical Supplies Trading LLC,"Office 134, Opp LuLu Staff Accomodation, M36",+97126421662,skylandmedicals@gmail.com,,Printable CD-R / Printable DVD-R / Printable Blu-ray (BD-R)
100,yes,Medical equipment supplier / Medical laboratory,Bionex Medical Equipment LLC,"Shop 13, Binjarish Building, Fish Round About, Deira",+97148763843,sales@bionexmed.com,https://bionexmed.com,Printable CD-R / Printable DVD-R / Printable Blu-ray (BD-R)
100,yes,Medical equipment supplier,Keemz Medical Equipments Trading LLC,"G2, Al Rigga Building, Near Clock Tower, Opp Port Saeed Masjid, Abu Bakr Al Siddiq Street",+971582110786,keemzdubai@gmail.com,,Printable CD-R / Printable DVD-R / Printable Blu-ray (BD-R)
100,yes,Medical equipment supplier,Al Wafer Medical Equipment and General Trading LLC,"Office 04, Opp Golden California Hotel, Naif, Deira",+971558211300,alwaferdubai@gmail.com,https://alwafermedicalequipments.com,Printable CD-R / Printable DVD-R / Printable Blu-ray (BD-R)
100,yes,Medical equipment supplier,Accurate Medical Equipment,,+97143338273,wenceslaus@accuratemedicals.com,,Printable CD-R / Printable DVD-R / Printable Blu-ray (BD-R)
100,yes,Medical equipment supplier,Advance Medical Equipment Trading,New Industrial Area,+97167435919,,,Printable CD-R / Printable DVD-R / Printable Blu-ray (BD-R)
100,yes,Medical equipment supplier,Beats Medical Equipment Trading LLC,"Office No. 109, Kasco Tower,
Al Qusais Industrial Area 3",+971565225437,sales@beatsmed.com,,Printable CD-R / Printable DVD-R / Printable Blu-ray (BD-R)
100,yes,Medical equipment supplier,Bloom Star Medical Equipment Trading LLC,"Sunaiya B 1106, Al Qusais",+97145704522,info@bloomstar.com,,Printable CD-R / Printable DVD-R / Printable Blu-ray (BD-R)
100,,Medical equipment supplier,Crowntech Medical and Laboratory Equipment LLC,"Office No 51, 1st Flr, A Block, Tawjeeh Bldg, M-9, Musaffah",+971505604590,info@crowntech.ae,,Printable CD-R / Printable DVD-R / Printable Blu-ray (BD-R)
100,yes,Medical equipment supplier / Radiology / imaging,Faith Medical Equipment Trading LLC,"Office No. M-11, Next to Etislat Office, Al Reem Tower, Al Maktoum Road, Deira",+97142352112,Info@faithmedeq.com,,Printable CD-R / Printable DVD-R / Printable Blu-ray (BD-R)
100,yes,Medical equipment supplier,Future Island Medical Equipment Trading LLC,New Al Nahda 1,+97165676684,shery4328@gmail.com,,Printable CD-R / Printable DVD-R / Printable Blu-ray (BD-R)
100,yes,Medical equipment supplier,Gamma Medical Supplies LLC,"Off 1, Al Khor Plaza Bldg, Al Garhoud",+97142959822,,,Printable CD-R / Printable DVD-R / Printable Blu-ray (BD-R)
100,yes,Medical equipment supplier,High Star Medical Equipment Trading LLC,,+971506717847,highstardubai@gmail.com,,Printable CD-R / Printable DVD-R / Printable Blu-ray (BD-R)
100,yes,Medical equipment supplier,Honest Hands Medical Equipment Trading,Mussafah MW5,+97125575579,sales@honesthandsmedical.com,,Printable CD-R / Printable DVD-R / Printable Blu-ray (BD-R)
100,,Medical equipment supplier,Invention Vision Medical Requisites Trading LLC,Al Qasmiya,+97165223713,info@ivision.com.co,,Printable CD-R / Printable DVD-R / Printable Blu-ray (BD-R)
100,yes,Medical equipment supplier,Lifecare Medical Equipment Trading LLC,"Shop No.10, Bin Jarsh Building, Omar Bin Al Khattab St., Deira",+97145874760,sales@lifecarebiomed.com,,Printable CD-R / Printable DVD-R / Printable Blu-ray (BD-R)
100,yes,Medical equipment supplier,Medeon Medical Equipment Trading LLC,"Office #403, Al Sanabil building, Banyas square, Deira",+971527060105,info@medeonmed.com,,Printable CD-R / Printable DVD-R / Printable Blu-ray (BD-R)
100,yes,Medical equipment supplier,Megamed Medical Equipment LLC,"Shop No. 12, Binjarish Building,  Fish R/A, Deira",+97142386466,sales@megameduae.ae,,Printable CD-R / Printable DVD-R / Printable Blu-ray (BD-R)
100,,Medical equipment supplier,Mokshed and Fahim Industrial Equipment and Spares Trading LLC,Dubai,+971581603285,mafies.ae@gmail.com,,Printable CD-R / Printable DVD-R / Printable Blu-ray (BD-R)
100,yes,Medical equipment supplier,Orient Medical Equipment and Supplies LLC,,+97125530400,info@orientmeduae.com,,Printable CD-R / Printable DVD-R / Printable Blu-ray (BD-R)
100,yes,Medical equipment supplier,Pakmed Medical Equipment Trading LLC,"Al Rigga, Deira",+971524501847,,,Printable CD-R / Printable DVD-R / Printable Blu-ray (BD-R)
100,yes,Medical equipment supplier,Pentagram Scientific Equipment Trading LLC,"Office No: M-01, 131, Ali Khalifa Belaisha Building, Al Karama",+97142218827,sales1@pentagramuae.com,https://pentagramuae.com/,Printable CD-R / Printable DVD-R / Printable Blu-ray (BD-R)
100,yes,Medical equipment supplier,Sheildify Security Equipment Trading LLC,"G-01, Khalifa BA Balila Bldg, Abu Hail",+971585542050,info@sheildify.com,,Printable CD-R / Printable DVD-R / Printable Blu-ray (BD-R)
100,yes,Medical equipment supplier,Tungsten Analytical Testing Equipment Trading LLC,"209A, Al Nakheel Al Gaith Building, Plot 218-870, Opposite to DCL, Al Karama",+971564020921,ajith@tungstenanalytical.com,http://www.tungstenanalytical.com/,Printable CD-R / Printable DVD-R / Printable Blu-ray (BD-R)
100,yes,Medical equipment supplier,Wonder Life Equipment Trading LLC,"Wasl District Souq - B18 - R1004, 2 Al Maktoum Hospital Road, Naif , Deira",+971551364508,simon@enjoycare.com,,Printable CD-R / Printable DVD-R / Printable Blu-ray (BD-R)
100,yes,Medical equipment supplier,York Medical Equipment Trading LLC,"Shop No.01, Industrial Area 18",+97165453103,sales@yorkmedical.ae,,Printable CD-R / Printable DVD-R / Printable Blu-ray (BD-R)
100,yes,Medical equipment supplier,A and Z Medical Equipment Trading,"204B, Nasseriya Bldg, Al Qusais Industrial Area 1",+97142672072,info@az-gt.com,,Printable CD-R / Printable DVD-R / Printable Blu-ray (BD-R)
100,,Medical equipment supplier / Medical laboratory / Healthcare,A Aras Medical Devices and Equipment CO LLC,"Al Ahbabi Building, Baghdad Road, Damascus Street, Al Qusais",+97142344457,info@arasgroup.ae,,Printable CD-R / Printable DVD-R / Printable Blu-ray (BD-R)
100,yes,Medical equipment supplier,Advance Bioline Medical Equipment LLC,"Greece Cluster, International City, Warsan 1",+97145582451,sales@ablmehealth.com,,Printable CD-R / Printable DVD-R / Printable Blu-ray (BD-R)
100,yes,Medical equipment supplier,Advanced Healthcare Medical Equipment Trading LLC,"1903, Lake Central Tower, Marasi Drive, Business Bay",+97144547730,info@advanced-hc.com,http://www.advanced-hc.com/,Printable CD-R / Printable DVD-R / Printable Blu-ray (BD-R)
100,yes,Medical equipment supplier,Al Arz Refrigeration Equipment Trading Company LLC,"Near Skyline College, Indl Area 3",+97165436904,omar-sales@alarzkitchen.com,,Printable CD-R / Printable DVD-R / Printable Blu-ray (BD-R)
100,yes,Medical equipment supplier,Al Fotune Medical Equipment Trading LLC,"Warehouse 6, Al Sajja Emirates Industrial City",+971501874784,fmetllc@gmail.com,,Printable CD-R / Printable DVD-R / Printable Blu-ray (BD-R)
100,yes,Medical equipment supplier,Al Hikma Medical Equipment Establishment,Al Ain,+97126333223,,,Printable CD-R / Printable DVD-R / Printable Blu-ray (BD-R)
100,yes,Medical equipment supplier,Al Itqan Medical Supplies,Opposite RAK Hospital,+97172211606,itqanmedical@outlook.com,,Printable CD-R / Printable DVD-R / Printable Blu-ray (BD-R)
100,yes,Medical equipment supplier,Al Jawahir Medical Supplies LLC,"B 505, Bel Resheed Tower, Damascus Street, Al Qusais Industrial Area 3",+97142642005,info@ajmsuae.com,http://www.ajmsuae.com/,Printable CD-R / Printable DVD-R / Printable Blu-ray (BD-R)
100,,Medical equipment supplier,Al Kashef Scientific and Laboratory Equipment,"309, Pyramid Centre, Opp Al Nasr Cinema, Karama",+97143369292,,,Printable CD-R / Printable DVD-R / Printable Blu-ray (BD-R)
100,yes,Medical equipment supplier,Al Mansour Medical Supplies,"Opp Etisalat, Tourist Club Area",+97126746660,admin@mansour-medical.com,,Printable CD-R / Printable DVD-R / Printable Blu-ray (BD-R)
100,yes,Medical equipment supplier,Al Maqam Medical Supplies,"Al Maqam Building, Street 3 (community 622), Industrial area, Warsan 2",+97142628970,info@maqammed.ae,,Printable CD-R / Printable DVD-R / Printable Blu-ray (BD-R)
100,yes,Medical equipment supplier,Al Mashriq Medical Supplies LLC,"Falcon Tower Building 16 floor, Al Nasr Street",+97126277223,amms@eim.ae,,Printable CD-R / Printable DVD-R / Printable Blu-ray (BD-R)
100,,Medical equipment supplier,Al Mazroui Medical and Chemical Supplies,"Opp Hamariya Centre, Deira",+97142661272,admin.sales@almaz.net.ae,,Printable CD-R / Printable DVD-R / Printable Blu-ray (BD-R)
100,yes,Medical equipment supplier,Al Modhish Medical Equipments,Dubai,+97142675819,,,Printable CD-R / Printable DVD-R / Printable Blu-ray (BD-R)
100,,Medical equipment supplier,Al Muthathawerah Medical & Lab Equip.Trading Company LLC,Al Majaz 3,+97165373332,info@mutatwra.com,,Printable CD-R / Printable DVD-R / Printable Blu-ray (BD-R)
100,,Medical equipment supplier,Al Saada Medical Stores and Supplies,"Plot 29, M-9, Mussafah",+97125543105,alsaada7@gmail.com,,Printable CD-R / Printable DVD-R / Printable Blu-ray (BD-R)
100,yes,Medical equipment supplier,Al Sahel Medical Supplies Trading LLC,"Near Maktoum Hospital, Deira",+97142395981,smstmed1@eim.ae,,Printable CD-R / Printable DVD-R / Printable Blu-ray (BD-R)
100,yes,Medical equipment supplier,Al Saleh Medical Equipment & Ambulance Suppliers,Al Qusais Indl Area 5,+97142674841,salehmed@emirates.net.ae,,Printable CD-R / Printable DVD-R / Printable Blu-ray (BD-R)
100,yes,Medical equipment supplier,Al Saraya Medical Supplies,"Near Russian Embassy, Ziyani Area",0097142832133,,,Printable CD-R / Printable DVD-R / Printable Blu-ray (BD-R)
100,yes,Medical equipment supplier,Al Shammas Medical Equipment,"12, Auto Centre Bldg, Port Saeed, Deira",+97142661157,shamamed@eim.ae,,Printable CD-R / Printable DVD-R / Printable Blu-ray (BD-R)
100,yes,Medical equipment supplier,Al Tilawi Medical Supplies LLC,"Opp KFC, Airport Rd",+97126320170,,,Printable CD-R / Printable DVD-R / Printable Blu-ray (BD-R)
100,yes,Medical equipment supplier,Al Wasfah Medical Supplies Trading,Garhoud,+97142364788,,,Printable CD-R / Printable DVD-R / Printable Blu-ray (BD-R)
100,yes,Medical equipment supplier,Ameco Medical Equipment LLC,"212, Al Hai Bldg, Port Saeed Rd",+97142950300,,,Printable CD-R / Printable DVD-R / Printable Blu-ray (BD-R)
100,,Medical equipment supplier,Arabian Medical and Scientific Laboratory Supplies Company LLC,"I/Change 3, Al Quoz",+97143384985,arabianmedical123@gmail.com,,Printable CD-R / Printable DVD-R / Printable Blu-ray (BD-R)
100,,Medical equipment supplier,Aras Medical Devices and Equipment Establishment,Dubai,+97142670302,,,Printable CD-R / Printable DVD-R / Printable Blu-ray (BD-R)
100,yes,Medical equipment supplier,Arasca Medical Equipment Trading LLC,Deira,+97142298400,,,Printable CD-R / Printable DVD-R / Printable Blu-ray (BD-R)
100,yes,Medical equipment supplier,AstroMed Medical Equipment Trading LLC,"Shop.No 13, France Cluster Q-04, International City",+97142242749,info@astromeduae.com,,Printable CD-R / Printable DVD-R / Printable Blu-ray (BD-R)
100,yes,Medical equipment supplier,Aswar Medical Supplies Establishment,"Daratulmiya, Khalidiya",+97126312661,,,Printable CD-R / Printable DVD-R / Printable Blu-ray (BD-R)
100,yes,Medical equipment supplier,Baniyas Medical Equipment Trading,"Warehouse #15, Warehouses Lands",+97165748290,bmedical@emirates.net.ae,,Printable CD-R / Printable DVD-R / Printable Blu-ray (BD-R)
100,yes,Medical equipment supplier,Bin Ali Medical Supplies LLC,"Bhnd Emirates Gen Market, Hamdan St",+97126760555,contact@binalimed.com,,Printable CD-R / Printable DVD-R / Printable Blu-ray (BD-R)
100,yes,Medical equipment supplier,Biofoot Medical Equipment Trading LLC,"Opp City Centre, Deira",+97142958508,,,Printable CD-R / Printable DVD-R / Printable Blu-ray (BD-R)
100,yes,Medical equipment supplier,Bioscience Medical Supplies LLC,"Near Post Office, Hor Al Anz",+97142625208,biosc@eim.ae,,Printable CD-R / Printable DVD-R / Printable Blu-ray (BD-R)
100,yes,Medical equipment supplier,Coast Sands Medical Equipment,Khalidiya,+97126332258,,,Printable CD-R / Printable DVD-R / Printable Blu-ray (BD-R)
100,,Medical equipment supplier,Coral Laboratories & Chemicals Trading LLC,"Warehouse No. S10, Behind UHL Sports, Al Qusais Industrial Area 3",+97142733907,corallab@eim.ae,,Printable CD-R / Printable DVD-R / Printable Blu-ray (BD-R)
100,,Medical equipment supplier,DAB Medical Laboratory,"907, Grosvenor Business Tower, TECOM",+97144548413,,,Printable CD-R / Printable DVD-R / Printable Blu-ray (BD-R)
100,,Medical equipment supplier,Dawn Pharmacy Trading,Dubai,+97143519319,,,Printable CD-R / Printable DVD-R / Printable Blu-ray (BD-R)
100,yes,Medical equipment supplier,Dynamic Medical Equipment Centre LLC,"Shop No. 4 (Ground Flr), Building No. 73, Aradah St, Al Nahyan Camp",+97126794739,,,Printable CD-R / Printable DVD-R / Printable Blu-ray (BD-R)
100,yes,Medical equipment supplier,Emirates Drugs And Medical Equipment Store,"CM-1, Damas Bldg, Rolla",+97165621010,,,Printable CD-R / Printable DVD-R / Printable Blu-ray (BD-R)
100,,Medical equipment supplier,"ETACK Medical, Surgical Articles and Requisites Trading Co. LLC","2001, City Tower 2, Sheikh Zayed Road, Trade Center 1",+971564659375,,,Printable CD-R / Printable DVD-R / Printable Blu-ray (BD-R)
100,yes,Medical equipment supplier,Frank Shields Medical Equipment,"Opp Dar Al Shifa, Defence Rd",+97125503044,,,Printable CD-R / Printable DVD-R / Printable Blu-ray (BD-R)
100,yes,Medical equipment supplier,Frontier Medical Equipments LLC,Shk Zayed Rd,+97143884820,,,Printable CD-R / Printable DVD-R / Printable Blu-ray (BD-R)
100,,Medical equipment supplier,Future Dental Instruments Trading LLC,"GR-89, New Al Safiya Bldg, Abu Hail Rd, Galadari R/A, Deira",+97142682641,,,Printable CD-R / Printable DVD-R / Printable Blu-ray (BD-R)
100,,Medical equipment supplier,"Global Medical, Surgery Equipment and Material Trading","Near Emirates Plaza Hotel, Beach Rd",+97167470928,,,Printable CD-R / Printable DVD-R / Printable Blu-ray (BD-R)
100,yes,Medical laboratory,Dentec (Dental Laboratory and Medical Supplies) LLC,"803, Corniche Plaza Bldg, Corniche Rd",+97165722092,,,Printable CD-R / Printable DVD-R
100,yes,Medical laboratory,Inventcare Medical Equipment Trading LLC,Abu Hail,+971563683076,,,Printable CD-R / Printable DVD-R
98,,Laboratory,Medical Diagnostic & Imaging Centre Polyclinic (Medic),"Level 2, Hamsah Commercial Complex, Khalid Bin Al Waleed Road",+97143885000,,,Printable CD-R / Printable DVD-R
98,yes,Radiology / imaging,Widex Medical Equipment,"702, Saeed Tower 2, Sh Zayed Rd",,,,Printable CD-R / Printable DVD-R / Printable Blu-ray (BD-R)
98,yes,Radiology / imaging,Tawam Equipment Trading Establishment,Qusais Indl Area 1,+97142673532,,,Printable CD-R / Printable DVD-R / Printable Blu-ray (BD-R)
98,,Radiology / imaging,MRI Bearings Auto Spare Parts & Components Trading LLC,"Shop No.13, Beside Deira
Park Hotel, Al Nakhal Building No:1, Deira",+97145913565,,,Printable CD-R / Printable DVD-R / Printable Blu-ray (BD-R)
96,yes,Medical equipment supplier,Edrees Medical Prosthetic and Orthotic Center FZ LLC,Dubai,+97144559341,info@edreesmedical.net,,Printable CD-R / Printable DVD-R / Printable Blu-ray (BD-R)
96,,Medical equipment supplier,Mobilis Medical Manufacturing LLC,"Showroom Number 13 and 14, Green Community Village, DIP 1",+97148821978,info@mobilis.ae,,Printable CD-R / Printable DVD-R / Printable Blu-ray (BD-R)
96,,Medical equipment supplier,Aden Medical Equip Tr,"2619, City Centre Building, Buhaira Corniche, Al Majaz 1",+97165531592,aji@adenmedical.com,,Printable CD-R / Printable DVD-R / Printable Blu-ray (BD-R)
96,yes,Medical equipment supplier,Right Face General Trading LLC,"Office 410, 4th Floor, Al Rubaya Building, Damascus Street, Al Qusais Industrial Area 2",+97142386611,sales@rightface.com,,Printable CD-R / Printable DVD-R / Printable Blu-ray (BD-R)
96,,Medical equipment supplier,Euyuncare Vision & Equipment Solution,,+971502140950,zain.ali@euyuncare.com,,Printable CD-R / Printable DVD-R / Printable Blu-ray (BD-R)
96,yes,Medical equipment supplier,Globex WA General Trading LLC,"Office Number 12F Corniche Building, Best Home 12F, Qroun At Tufouh St,Al Hisn 5",+971542209755,info@glbx.ae,,Printable CD-R / Printable DVD-R / Printable Blu-ray (BD-R)
96,yes,Medical equipment supplier,Gosafe General Trading LLC,"Shakha Mahara Building, Al Qusais",+971585394030,gosafegt@gmail.com,,Printable CD-R / Printable DVD-R / Printable Blu-ray (BD-R)
96,,Medical equipment supplier,KHN Trading LLC,"Office Number 2005, Tabarak Tower, Al Mamzar",+97142292324,Info@khn.ae,,Printable CD-R / Printable DVD-R / Printable Blu-ray (BD-R)
96,yes,Medical equipment supplier,Matchwell International Trading FZC,Ajman,+97167473005,,,Printable CD-R / Printable DVD-R / Printable Blu-ray (BD-R)
96,yes,Medical equipment supplier,MED We Trading FZC,Ajman,+971522334310,info@med-we.com,,Printable CD-R / Printable DVD-R / Printable Blu-ray (BD-R)
96,yes,Medical equipment supplier / Healthcare,Medicare General Trading,"5, Al Fairoos Bldg 14, Old Maktoum Hospital Rd, Deira",+97142214249,medicaregt@gmail.com,,Printable CD-R / Printable DVD-R / Printable Blu-ray (BD-R)
96,yes,Medical equipment supplier,Medteo General Trading LLC,Ajman,+971505906272,info@medteo.com,,Printable CD-R / Printable DVD-R / Printable Blu-ray (BD-R)
96,yes,Medical equipment supplier,MRD General Trading FZC,Ajman,+971526899089,info@mrdvehicles.com,,Printable CD-R / Printable DVD-R / Printable Blu-ray (BD-R)
96,,Medical equipment supplier,Toulin Medical Company,"Office No. M01, Al Teejan Street, Al Zahiyah",+97125855311,info@toulinmedical.com,https://toulin.ae/,Printable CD-R / Printable DVD-R / Printable Blu-ray (BD-R)
96,,Medical equipment supplier,Tropical Pharma,"The Iridium Building, Umm Suqeim Road, Al Barsha 1",+971545237040,pharmatropical@gmail.com,,Printable CD-R / Printable DVD-R / Printable Blu-ray (BD-R)
96,yes,Medical equipment supplier,3D Dev and Distribution FZCO,"LOB 21, Jebel Ali Free Zone",+97148873050,,,Printable CD-R / Printable DVD-R / Printable Blu-ray (BD-R)
96,,Medical equipment supplier,Abu Dhabi International Medical Services,"903, Al Khor Plaza, Garhoud, Sh Rashid Rd",+97142954854,,,Printable CD-R / Printable DVD-R / Printable Blu-ray (BD-R)
96,,Medical equipment supplier,Abu Dhabi Medical Industries,"M 43, Plot 125",+97125513422,,,Printable CD-R / Printable DVD-R / Printable Blu-ray (BD-R)
96,yes,Medical equipment supplier,Agfa Healthcare,Dubai,+97145631750,melanie.bahala@agfa.com,,Printable CD-R / Printable DVD-R / Printable Blu-ray (BD-R)
96,,Medical equipment supplier,Al Abraj Medical Services LLC,,+97142582843,,,Printable CD-R / Printable DVD-R / Printable Blu-ray (BD-R)
96,,Medical equipment supplier,Al Anwar Medical Equip Trdg Co LLC,"Warehouse #68, Al Qusais Industrial Area #3",+97142946270,alanwarmedequ@gmail.com,,Printable CD-R / Printable DVD-R / Printable Blu-ray (BD-R)
96,yes,Medical equipment supplier,Al Araa General Trading Co,"212, Al Mulla Bldg, Al Muteena Rd, Deira",+97142681213,,,Printable CD-R / Printable DVD-R / Printable Blu-ray (BD-R)
96,,Medical equipment supplier,Al Burak Medical Services,"M Flr, Abdullah Bin Sinan Bldg, Khalidia",+97126664414,gleen@alburak.ae,,Printable CD-R / Printable DVD-R / Printable Blu-ray (BD-R)
96,,Medical equipment supplier,Al Maa Medical Equip Trad LLC,Industrial Area 1,+97165397112,almaamedical@gmail.com,,Printable CD-R / Printable DVD-R / Printable Blu-ray (BD-R)
96,yes,Medical equipment supplier,Al Muhairy General Trading Company LLC,"17th Floor, UAQ Bank Bldg, Hamdan St",+97126772040,muhairy4@eim.ae,,Printable CD-R / Printable DVD-R / Printable Blu-ray (BD-R)
96,yes,Medical equipment supplier,Al Nadhrah Cosmetics and Medical Equipments Trading,"Office No-406, Building 11, Damascus Street, Al Qusais",+97142674016,kefah@alnadharah.ae,,Printable CD-R / Printable DVD-R / Printable Blu-ray (BD-R)
96,,Medical equipment supplier,Al Noor Medical Co,"Store 294 A, Meena W/House Area, Mina Zayed",+97126732229,,,Printable CD-R / Printable DVD-R / Printable Blu-ray (BD-R)
96,,Medical equipment supplier,Al Razi Pharmaceuticals Co,"Building 2, Gulf Diagnostic Centre, Al Khaleej Al Arabi Street",+97126730057,,,Printable CD-R / Printable DVD-R / Printable Blu-ray (BD-R)
96,,Medical equipment supplier,Al Saadah Medicine And Medical Eqpt Store LLC,,+97142588566,,,Printable CD-R / Printable DVD-R / Printable Blu-ray (BD-R)
96,,Medical equipment supplier,Al Seeb Trading LLC,"M 17, Mussafah Indl Area",+97125556697,seeb_dxb@emirates.net.ae,,Printable CD-R / Printable DVD-R / Printable Blu-ray (BD-R)
96,,Medical equipment supplier,Al Shoumoukh Trading Establishment,"Al Mansoor Tower, Salam St",+97126429906,,,Printable CD-R / Printable DVD-R / Printable Blu-ray (BD-R)
96,,Medical equipment supplier,Al Thabat Trading Establishment,"201, RAK Poultry Bldg, Old Mazda Rd, Tourist Club Area",+97124459213,,,Printable CD-R / Printable DVD-R / Printable Blu-ray (BD-R)
96,,Medical equipment supplier,Al Zahrawi Medical Services Co,"1st Floor, Ford Middle East & Africa Building, Al Wasl Office Complex, Sheikh Zayed Road, Downtown",+97142622728,info@zahrawigroup.com,,Printable CD-R / Printable DVD-R / Printable Blu-ray (BD-R)
96,yes,Medical equipment supplier,Al-Nozha Medical FZE,SAIF Zone,+97165575727,,,Printable CD-R / Printable DVD-R / Printable Blu-ray (BD-R)
96,,Medical equipment supplier,Amreet Trading Co,"45, Golden Tower Bldg, Corniche Rd",+97126263711,,,Printable CD-R / Printable DVD-R / Printable Blu-ray (BD-R)
96,,Medical equipment supplier,Apple Med Trading LLC,Deira,+97142520481,suhail@applemed.ae,,Printable CD-R / Printable DVD-R / Printable Blu-ray (BD-R)
96,,Medical equipment supplier / Healthcare,Arabian Home Health Care LLC,"Al Safa, Sh Zayed Road",+97143351230,dxbshowroom@arabianhomecare.com,https://www.arabianhomecare.com,Printable CD-R / Printable DVD-R / Printable Blu-ray (BD-R)
96,,Medical equipment supplier,Arabian Millenium Trading,"M Flr, Al Moosa Grp Bldg, Umm Hureir Rd",+97143345455,,,Printable CD-R / Printable DVD-R / Printable Blu-ray (BD-R)
96,yes,Medical equipment supplier,Aspen Healthcare FZ LLC,"1904, Tower A, Business Central Towers, DMC",+97144393455,,,Printable CD-R / Printable DVD-R / Printable Blu-ray (BD-R)
96,,Medical equipment supplier,Atlas Medical LLC,"1st Floor 103, Amman Street Opp. Lulu Village ,Muhaisnah 4, Al Qusais",+97142554522,atlas@atlasmedical.ae,,Printable CD-R / Printable DVD-R / Printable Blu-ray (BD-R)
96,,Medical equipment supplier,Atrium Medical Care LLC,"86 Amman St, Al Qusais Industrial Area 5",0097142832133,info@atriumcare.com,,Printable CD-R / Printable DVD-R / Printable Blu-ray (BD-R)
96,,Medical equipment supplier,Babil Pharmacy,"503, National Bank of Oman Bldg, Najda St",+97126349500,,,Printable CD-R / Printable DVD-R / Printable Blu-ray (BD-R)
96,,Medical equipment supplier,Beena Trading Establishment,Dubai,+97142674700,,,Printable CD-R / Printable DVD-R / Printable Blu-ray (BD-R)
96,,Medical equipment supplier,Beme Trading LLC,"Office 3107, The Citadel Tower, Business Bay",+97144522272,,,Printable CD-R / Printable DVD-R / Printable Blu-ray (BD-R)
96,yes,Medical equipment supplier,Big Sea General Trading LLC,"1203, B Wing, Belresheed Tower, Al Qusais Indl Area 3",+97142588897,,,Printable CD-R / Printable DVD-R / Printable Blu-ray (BD-R)
96,,Medical equipment supplier,Big Sea Medical,Al Ghusais,+97142588879,,,Printable CD-R / Printable DVD-R / Printable Blu-ray (BD-R)
96,,Medical equipment supplier,Bin Naeem Hospital Supply Co,"601, Arabian Co Bldg, Old Airport Rd",+97124432464,,,Printable CD-R / Printable DVD-R / Printable Blu-ray (BD-R)
96,,Medical equipment supplier,Bushra Medical and Surgical Instrument LLC,"Office No. 9, Al Khayam Bakery Building, Al Jarf Industrial Area",+971505062826,,,Printable CD-R / Printable DVD-R / Printable Blu-ray (BD-R)
96,yes,Medical equipment supplier,Cyberlab FZE,,+97165489818,cyberlabuae@gmail.com,,Printable CD-R / Printable DVD-R / Printable Blu-ray (BD-R)
96,,Medical equipment supplier,Delma Al Redwan Trading,"Near Deira Sheraton, Al Muteena St, Deira",+97142651728,,,Printable CD-R / Printable DVD-R / Printable Blu-ray (BD-R)
96,yes,Medical equipment supplier,Diatech Medical Equipments Trading and Maintenance,"Al Habtoor Warehouse No.105, D95 Baghdad Street, Al Qusais Industrial Area 2",+97142954430,ecommerce@diatech-uae.com,,Printable CD-R / Printable DVD-R / Printable Blu-ray (BD-R)
96,,Medical equipment supplier,Docib Medical Store LLC,Al Qusais,+97142678173,,,Printable CD-R / Printable DVD-R / Printable Blu-ray (BD-R)
96,,Medical equipment supplier,Dodhys Medical Limited (FZC),"H 1-6, SAIF Zone",+97165571787,sales@dodhys.com,,Printable CD-R / Printable DVD-R / Printable Blu-ray (BD-R)
96,,Medical equipment supplier,Draeger Medical GmbH,Dubai,+97144294600,,,Printable CD-R / Printable DVD-R / Printable Blu-ray (BD-R)
96,yes,Medical equipment supplier / Healthcare,Dynamic Link General Trading LLC,"Dynamic Link, Office 303, Aswar Building, Sheikh Zayed Road,",+97143456644,,,Printable CD-R / Printable DVD-R / Printable Blu-ray (BD-R)
96,,Medical equipment supplier,Fahimi Medical Services,"5th Flr, Deira Tower, Baniyas Sq, Deira",+97142229377,,,Printable CD-R / Printable DVD-R / Printable Blu-ray (BD-R)
96,,Medical equipment supplier,Fresenius Medical Care,Dubai,+97143624733,,,Printable CD-R / Printable DVD-R / Printable Blu-ray (BD-R)
96,,Medical equipment supplier,G Tech Medical Services LLC,"Zahrath Al Khaleej Furniture Bldg, Muroor Rd",+97124455824,,,Printable CD-R / Printable DVD-R / Printable Blu-ray (BD-R)
96,,Medical equipment supplier,Global Intl Medical Systems,"404, Green Tower, Al Maktoum St, Deira",+97142229836,,,Printable CD-R / Printable DVD-R / Printable Blu-ray (BD-R)
96,,Medical equipment supplier,Gulf Dent Trading,"Shop 4, Al Quds Bldg, Bhnd Emirates NBD, Al Quds St",+97167421704,,,Printable CD-R / Printable DVD-R / Printable Blu-ray (BD-R)
96,,Medical equipment supplier,Gulf Scan LLC,"National Paints R/A, Indl Area 17",,,,Printable CD-R / Printable DVD-R / Printable Blu-ray (BD-R)
96,yes,Medical equipment supplier,Ainaya Healthcare Solutions,King Faisal Road,+971509786080,,,Printable CD-R / Printable DVD-R / Printable Blu-ray (BD-R)
94,,IT distributor,A E C Trading LLC,Dubai,+97143938181,,,Printable CD-R / Printable DVD-R / Printable Blu-ray (BD-R)
94,,IT distributor,Achiever Computers LLC,Dubai,+97143522566,,,Printable CD-R / Printable DVD-R / Printable Blu-ray (BD-R)
94,,IT distributor,Al Ikhlas Computers,"Office 641, Al Nokhita Bldg, Nr Hamriya Port, Deira",+97142730751,,,Printable CD-R / Printable DVD-R / Printable Blu-ray (BD-R)
94,yes,IT distributor,Almasa IT Distribution,"201, Al Makhami Bldg, Oud Metha Rd, Karama",+97143063100,,,Printable CD-R / Printable DVD-R / Printable Blu-ray (BD-R)
94,yes,IT distributor,Aptec Distribution FZ LLC,Dubai,+97143697111,,,Printable CD-R / Printable DVD-R / Printable Blu-ray (BD-R)
94,,IT distributor,Azerty Computers LLC,Dubai,+97143559437,,,Printable CD-R / Printable DVD-R / Printable Blu-ray (BD-R)
94,,IT distributor,Click Computers LLC,Dubai,+97143937387,,,Printable CD-R / Printable DVD-R / Printable Blu-ray (BD-R)
94,,IT distributor,Computerage Services and Technologies LLC,Dubai,+97143966996,,,Printable CD-R / Printable DVD-R / Printable Blu-ray (BD-R)
94,yes,IT distributor,Earth Gate Trading FZCO,Dubai,+97143514486,,,Printable CD-R / Printable DVD-R / Printable Blu-ray (BD-R)
94,yes,IT distributor,Global Distribution FZE,,+97143548770,,,Printable CD-R / Printable DVD-R / Printable Blu-ray (BD-R)
94,,IT distributor,Golden Microcomputer Systems,"ICAD, Mussafah",,,,Printable CD-R / Printable DVD-R / Printable Blu-ray (BD-R)
94,yes,IT distributor,IC Tech Distribution LLC,"Office No. 126, Bldg 7, Al Quasis",+971566248617,,,Printable CD-R / Printable DVD-R / Printable Blu-ray (BD-R)
94,,IT distributor,IT Star Computer LLC,"Shop 3, Admiral Plaza Hotel Building, Khalid Bin Waleed Road",+97142805353,,,Printable CD-R / Printable DVD-R / Printable Blu-ray (BD-R)
94,yes,IT distributor,Levant Distribution,JAFZA,+97148872205,,,Printable CD-R / Printable DVD-R / Printable Blu-ray (BD-R)
94,,IT distributor,Newcom Computer Systems,Dubai,+97143510127,,,Printable CD-R / Printable DVD-R / Printable Blu-ray (BD-R)
94,yes,IT distributor,Red Dot Distribution,JAFZA,+97148880145,,,Printable CD-R / Printable DVD-R / Printable Blu-ray (BD-R)
94,yes,IT distributor,S N B IT Distribution,DAFZA,+97142602760,,,Printable CD-R / Printable DVD-R / Printable Blu-ray (BD-R)
94,,IT distributor,Savant Data System LLC,Dubai,+97143939315,,,Printable CD-R / Printable DVD-R / Printable Blu-ray (BD-R)
94,,IT distributor,Shiva Computers LLC,Dubai,+97143511069,,,Printable CD-R / Printable DVD-R / Printable Blu-ray (BD-R)
94,yes,IT distributor,Stor IT Distribution,"404 & 405, LOB 15, Jebel Ali Free Zone",+97148819690,,,Printable CD-R / Printable DVD-R / Printable Blu-ray (BD-R)
94,yes,IT distributor,Syscom Distributions LLC,Dubai,+97143522433,,,Printable CD-R / Printable DVD-R / Printable Blu-ray (BD-R)
94,,Medical laboratory,Al Amal Dental Laboratory,"Bhnd Beysot S/Room, Salam St",+97126450814,,,Printable CD-R / Printable DVD-R
94,,Medical laboratory,Art Dental Laboratory,"M-4, Old ABN Amro Bank Bldg, Istiqlal St",+97126327550,,,Printable CD-R / Printable DVD-R
94,,Medical laboratory,Bissan Dental Laboratory,"M-11, Aeda Al Kubaisi Bldg, Near Choithram S/Market, Khalidiya",+97126669945,,,Printable CD-R / Printable DVD-R
94,,Medical laboratory,Creative Arts Dental Laboratory,Shk Zayed Rd,+97143289896,,,Printable CD-R / Printable DVD-R
94,,Medical laboratory,Middle East Dental Laboratory,"201 & 203, White Crown Bldg, Sh Zayed Rd",+97143329201,,,Printable CD-R / Printable DVD-R
94,,Medical laboratory,Port Dental Laboratory,Dubai,,,,Printable CD-R / Printable DVD-R
92,,Computer supplies,Al Haseeb Computer Trading,"Bhnd KM Trdg, Salam St",+97126766935,,,Printable CD-R / Printable DVD-R / Printable Blu-ray (BD-R)
92,,Computer supplies,Al Refa Star Computer Trading,Dubai,+97143930202,,,Printable CD-R / Printable DVD-R / Printable Blu-ray (BD-R)
92,,Computer supplies,Back 2 Back Computer Trading LLC,"Sabkha Road, Deira",+97142257145,,,Printable CD-R / Printable DVD-R / Printable Blu-ray (BD-R)
92,,Computer supplies,Computer Supplies Limited,"P6-18, SAIF Zone",+97165572554,,,Printable CD-R / Printable DVD-R / Printable Blu-ray (BD-R)
92,,Computer supplies,DSR Tech Computer Trading LLC,Dubai,+97143544115,,,Printable CD-R / Printable DVD-R / Printable Blu-ray (BD-R)
92,,Computer supplies,Infotrack Computers Trading LLC,"Opp. Gold Souq Metro Station, Behind Dewa, Ayal Nassir Road, Deira",+971563852377,,,Printable CD-R / Printable DVD-R / Printable Blu-ray (BD-R)
92,,Computer supplies,Khaleefa Computer Trading,Dubai,+97143936415,,,Printable CD-R / Printable DVD-R / Printable Blu-ray (BD-R)
92,,Computer supplies,Tuba Computer Device Trading,"Shop 4, Umal Tharaffah, Al Meena",+97165627170,,,Printable CD-R / Printable DVD-R / Printable Blu-ray (BD-R)
92,,Hospital / Clinic,Amrita Medical Center,"Near British Council, Al Nasr St, Khalidiya",+97126661555,,,Printable CD-R / Printable DVD-R
92,,Hospital / Clinic,Axon Medical Polyclinic,"Union Co-operative Building, Street 33A, Rashidiya Central Market",+97144599904,,,Printable CD-R / Printable DVD-R
92,,Hospital / Clinic,Medi Clinic Welcare Hospital LLC,"Bhnd Millenium Airport Hotel, Al Garhoud",+97142827788,,,Printable CD-R / Printable DVD-R
92,,Hospital / Clinic,New Medical Centre Hospital,"1st Flr, HSBC Bldg, King Faisal Rd",+97165536936,,,Printable CD-R / Printable DVD-R
92,,Hospital / Medical centre / Laboratory / Clinic,Scientific Clinical Laboratories,"Off 111, 1st Flr, Block B, Shk Hamdan Awards Complex, Jumeirah 1",+97143586606,,,Printable CD-R / Printable DVD-R
92,,Hospital / Clinic,Specialized Medical Care Hospital,Al Jahili,+97137552291,,,Printable CD-R / Printable DVD-R
92,,Hospital / Radiology / imaging / Clinic,Universal Hospital,"Wellness Towers A and B, 5056 Airport Road, Behind Al Hilal Bank",+97125999555,,,Printable CD-R / Printable DVD-R / Printable Blu-ray (BD-R)
92,,Radiology / imaging,Vienna Trading LLC,"Shop 2, Sl Safa Building, Al Jadaf",+97143967071,,,Printable CD-R / Printable DVD-R / Printable Blu-ray (BD-R)
92,,Radiology / imaging,MRI Dubai,"Villa Number 1, Jumeirah Street, Al Shasha Street, Jumeirah 3",,,,Printable CD-R / Printable DVD-R / Printable Blu-ray (BD-R)
90,yes,Medical equipment supplier,Value Added Technology Mena FZ LLC,Dubai,+97145727509,vatechuae@gmail.com,,Printable CD-R / Printable DVD-R / Printable Blu-ray (BD-R)
90,yes,Medical equipment supplier,Varitron FZC,Sharjah,+97165571952,varitron@eim.ae,,Printable CD-R / Printable DVD-R / Printable Blu-ray (BD-R)
90,,Medical equipment supplier,Westfort Group,"M1, P/634, ME12, Shabia 12, Near Model School, Mussafah",+97125547371,info@westfortgroup.com,,Printable CD-R / Printable DVD-R / Printable Blu-ray (BD-R)
90,,Medical equipment supplier,Astro International Group,"Office Number 5, Al Habtoor Building, Leader Showroom Al Khabaisi, Deira",+971562332568,safna@astro-intl.com,,Printable CD-R / Printable DVD-R / Printable Blu-ray (BD-R)
90,,Medical equipment supplier,Capital Ambulance,,+97124441266,info@capitalambulance.ae,,Printable CD-R / Printable DVD-R / Printable Blu-ray (BD-R)
90,,Medical equipment supplier,Dar Al Kanz Fabrication and Welding LLC,"Plot No. 2517, Shed 4, Al Sajja Indl Area",+97165749827,sales@dak-fab.com,https://dak-fab.com,Printable CD-R / Printable DVD-R / Printable Blu-ray (BD-R)
90,,Medical equipment supplier,Life Link Drug Store LLC,"Taha Showroom 10, Maleha Road",+97165236800,info@llds.ae,,Printable CD-R / Printable DVD-R / Printable Blu-ray (BD-R)
90,yes,Medical equipment supplier,Paramed International FZCO,"S20109, South Zone 2, JAFZA",+97148865665,sales1@paramed.ae,http://paramed.ae/,Printable CD-R / Printable DVD-R / Printable Blu-ray (BD-R)
90,,Medical equipment supplier,Safe Med Fire,Al Karama,+971509312849,info@safemedfire.com,,Printable CD-R / Printable DVD-R / Printable Blu-ray (BD-R)
90,,Medical equipment supplier,Tree Group LLC,"Office Number 316, Mozna Building, Al Qusais 1",+971557831615,sales@treee.ae,,Printable CD-R / Printable DVD-R / Printable Blu-ray (BD-R)
90,,Medical equipment supplier,3M Gulf Limited,Dubai,+97143670777,innovation.gulf@mmm.com,,Printable CD-R / Printable DVD-R / Printable Blu-ray (BD-R)
90,,Medical equipment supplier,Abdul Rahim Abdul Karim LLC,"Sikat Al Khail St, Gold Souk Area",+97142265461,anddubai@eim.ae,,Printable CD-R / Printable DVD-R / Printable Blu-ray (BD-R)
90,yes,Medical equipment supplier,Abronn FZE,"Plot S21504, Mina Jebel Ali, Jebal Ali Industrial Area 2",+97148844860,marketing1@abronn.com,,Printable CD-R / Printable DVD-R / Printable Blu-ray (BD-R)
90,,Medical equipment supplier,AFT Group Of Companies,"Opal Tower, Business Bay",+97148786445,esraa@aftgroups.com,,Printable CD-R / Printable DVD-R / Printable Blu-ray (BD-R)
90,,Medical equipment supplier,Al Areej Group LLC,"Al Mozanab Bldg, Al Qusais Indl Area 1",+97142610835,alareej5@emirates.net.ae,,Printable CD-R / Printable DVD-R / Printable Blu-ray (BD-R)
90,,Medical equipment supplier,Amber Gen Tr LLC,"101, Majaz Pearl Bldg, Al Majaz 2",+97165500737,info@amberpackging.com,,Printable CD-R / Printable DVD-R / Printable Blu-ray (BD-R)
90,,Medical equipment supplier,Amico UAE,Dubai,+97143624727,,,Printable CD-R / Printable DVD-R / Printable Blu-ray (BD-R)
90,,Medical equipment supplier,Bassam International Wheeled Coach,"603, Fairmont Bldg, Sh Zayed Rd",+97143291844,,,Printable CD-R / Printable DVD-R / Printable Blu-ray (BD-R)
90,,Medical equipment supplier,Beta Surgicals Establishment,"Al Nahda Bldg, Opp Millenium School, Al Qusais",+97142581234,betase@eim.ae,,Printable CD-R / Printable DVD-R / Printable Blu-ray (BD-R)
90,,Medical equipment supplier,Concept Natural,,+97165354565,,,Printable CD-R / Printable DVD-R / Printable Blu-ray (BD-R)
90,,Medical equipment supplier,Cytomed Middle East,"902, Crystal Tower, Buhaira Corniche Rd",+97165734447,,,Printable CD-R / Printable DVD-R / Printable Blu-ray (BD-R)
90,,Medical equipment supplier,Eckhart Gulf,"Immigration St, Al Qassimia",+97165733177,,,Printable CD-R / Printable DVD-R / Printable Blu-ray (BD-R)
90,,Medical equipment supplier,Elite Recruitment,"Al Thani Tower, Al Garhoud",,,,Printable CD-R / Printable DVD-R / Printable Blu-ray (BD-R)
90,,Medical equipment supplier,Finasi LLC,Al Ittihad St,+97145513793,,,Printable CD-R / Printable DVD-R / Printable Blu-ray (BD-R)
90,yes,Medical equipment supplier,FourMed FZ LLC,Dubai,+97143635445,,,Printable CD-R / Printable DVD-R / Printable Blu-ray (BD-R)
90,,Medical equipment supplier,German Orthopedic & Rehabilitation Equip Supply LLC,,+97124419115,,,Printable CD-R / Printable DVD-R / Printable Blu-ray (BD-R)
90,,Medical equipment supplier,German Standard Group,,+97142668871,,,Printable CD-R / Printable DVD-R / Printable Blu-ray (BD-R)
90,,Medical equipment supplier,Globemed Care LLC,Dubai,+97142722349,,,Printable CD-R / Printable DVD-R / Printable Blu-ray (BD-R)
90,,Medical equipment supplier,Godrej and Boyce Manufacturing Company Limited,"Office Number 59, Building Number Z, Saif Zone",+97165570866,,,Printable CD-R / Printable DVD-R / Printable Blu-ray (BD-R)
90,,Medical equipment supplier / Computer supplies,Grand Stores,"Saleh Bin Lahij Bldg, Al Garhoud",+97142823700,,,Printable CD-R / Printable DVD-R / Printable Blu-ray (BD-R)
90,,Medical equipment supplier,Gulf Markets International,"203, Kasco Tower, Damascus Street, Al Qusais",+97143432004,,,Printable CD-R / Printable DVD-R / Printable Blu-ray (BD-R)
88,,IT distributor,Seven Bridge Technology LLC,"Shop 32, Fikree Building, Al Souq Al Kabeer",+97144529000,,,Printable CD-R / Printable DVD-R / Printable Blu-ray (BD-R)
88,,IT distributor,Al Majid Informatic Solutions,"M 01, Sharaf Travel Bldg, Opp ADCB Bead Office, Electra St",+97126760008,,,Printable CD-R / Printable DVD-R / Printable Blu-ray (BD-R)
88,yes,IT distributor,Al Shather Trdg FZCO,"Khalid Bin Walid Str, Al Souk Al Kabeer",+97143518188,,,Printable CD-R / Printable DVD-R / Printable Blu-ray (BD-R)
88,,IT distributor,Aptec Gulf Limited,"WH NA2 to NA6, R/A 8, Jebel Ali Free Zone",+97148837838,,,Printable CD-R / Printable DVD-R / Printable Blu-ray (BD-R)
88,,IT distributor,Arab Business Machine,Tecom,+97144500500,,,Printable CD-R / Printable DVD-R / Printable Blu-ray (BD-R)
88,,IT distributor,Cisco Systems,Dubai,+97143907777,,,Printable CD-R / Printable DVD-R / Printable Blu-ray (BD-R)
88,,IT distributor,City Tech Engineering LLC,Ramla Round About,+97167671651,,,Printable CD-R / Printable DVD-R / Printable Blu-ray (BD-R)
88,,IT distributor,Click Telecom,"Al Barha, Opp Golf Hotel, Deira",+97142723737,,,Printable CD-R / Printable DVD-R / Printable Blu-ray (BD-R)
88,,IT distributor,Compass International,"1st Flr, HSBC Bldg, Khalifa St",+97137665566,,,Printable CD-R / Printable DVD-R / Printable Blu-ray (BD-R)
88,,IT distributor,Comstor Middle East,DAFZA,+97142998860,,,Printable CD-R / Printable DVD-R / Printable Blu-ray (BD-R)
88,,IT distributor,Corporate Solutions LLC,Dubai,+97143557266,,,Printable CD-R / Printable DVD-R / Printable Blu-ray (BD-R)
88,,IT distributor,Dalma Electronics LLC,Sharjah,,,,Printable CD-R / Printable DVD-R / Printable Blu-ray (BD-R)
88,yes,IT distributor,Derinton International FZE,DAFZA,+97142990278,,,Printable CD-R / Printable DVD-R / Printable Blu-ray (BD-R)
88,,IT distributor,Dmatics IT Solutions LLC,Dubai,+97143977748,,,Printable CD-R / Printable DVD-R / Printable Blu-ray (BD-R)
88,,IT distributor,Forefront Technologies,"W/House FDO 3, R/A 5, Jebel Ali Free Zone",+97148814440,,,Printable CD-R / Printable DVD-R / Printable Blu-ray (BD-R)
88,,IT distributor,Gen-X Systems LLC,Dubai,+97143425068,,,Printable CD-R / Printable DVD-R / Printable Blu-ray (BD-R)
88,yes,IT distributor / Computer supplies,Golden Systems Middle East FZCO,Jebel Ali South,+97148863300,,,Printable CD-R / Printable DVD-R / Printable Blu-ray (BD-R)
88,,IT distributor,Infas Middle East,"218, Al Mullah Bldg, Opp Deira Sheraton, Al Muteena Rd",+97142973401,,,Printable CD-R / Printable DVD-R / Printable Blu-ray (BD-R)
88,,IT distributor,IT-Serve Com,Dubai,+97143355211,,,Printable CD-R / Printable DVD-R / Printable Blu-ray (BD-R)
88,,IT distributor,M Y B Advance Technology Systems,"Office No. 406, Mohd Suroor Bldg, Khalifa Street",+97126588820,,,Printable CD-R / Printable DVD-R / Printable Blu-ray (BD-R)
88,,IT distributor,Magirus,Dubai,+97143914470,,,Printable CD-R / Printable DVD-R / Printable Blu-ray (BD-R)
88,,IT distributor,Martech CCTV & IT Services,"Office 4, Al Dewar Building, Near J & P Signal, Ind Area 6",+97165424689,,,Printable CD-R / Printable DVD-R / Printable Blu-ray (BD-R)
88,,IT distributor,Metra Service Center,Al Quoz,+97143232923,,,Printable CD-R / Printable DVD-R / Printable Blu-ray (BD-R)
88,,IT distributor,NABS Integrated Technical Services LLC,"JVC Bldg, Airport Rd",+97126216618,,,Printable CD-R / Printable DVD-R / Printable Blu-ray (BD-R)
88,,IT distributor,Nasate Systems Integration & Procurement,"Abu Hail, Deira",,,,Printable CD-R / Printable DVD-R / Printable Blu-ray (BD-R)
88,,IT distributor,Nattiq Technologies,"1202, Saalem Tower, Buhairah Corniche Rd",+97165749995,,,Printable CD-R / Printable DVD-R / Printable Blu-ray (BD-R)
88,,IT distributor,Net Sys Consultants,Garhoud,+97142989164,,,Printable CD-R / Printable DVD-R / Printable Blu-ray (BD-R)
88,yes,IT distributor,One Network FZC,RAK Business Center,+971567649530,,,Printable CD-R / Printable DVD-R / Printable Blu-ray (BD-R)
88,yes,IT distributor,Silicon 21 FZCO,"249, LOB 15, Jebel Ali Free Zone",+97148872441,,,Printable CD-R / Printable DVD-R / Printable Blu-ray (BD-R)
88,yes,IT distributor,SN3 Technologies FZCO,Jebel Ali South Free Zone,+97148865088,,,Printable CD-R / Printable DVD-R / Printable Blu-ray (BD-R)
88,yes,IT distributor,Techmicro FZCO,Dubai,+97143922205,,,Printable CD-R / Printable DVD-R / Printable Blu-ray (BD-R)
88,,IT distributor,Unique Way IT Solutions LLC,Karama,+97143366009,,,Printable CD-R / Printable DVD-R / Printable Blu-ray (BD-R)
88,,IT distributor,Zener Electrical and Electronics Services LLC,"Capital Mall, Musaffah",+97124040700,,,Printable CD-R / Printable DVD-R / Printable Blu-ray (BD-R)
88,,IT distributor,Zoomline Networks Technology LLC,Dubai,,,,Printable CD-R / Printable DVD-R / Printable Blu-ray (BD-R)
88,,Medical centre / Medical laboratory,Abdul Aziz Medical Center,,+97167310722,,,Printable CD-R / Printable DVD-R
88,,Medical centre / Clinic / Dental clinic,Al Karama Medical Clinic,"Near Baniyas Mall, Baniyas East",+97125834988,,,Printable CD-R / Printable DVD-R
88,,Medical centre,Al Rayyan Medical Clinic,"1st Floor 102, Bldg. No. 21, Me/12, Musaffah",+97125522262,,,Printable CD-R / Printable DVD-R
88,,Medical centre,Al Shifa Medical Clinic,"Near Omar Masjid, Sh Khalid Road",+97192384288,,,Printable CD-R / Printable DVD-R
88,,Medical centre,Bashira Specialized Medical Clinic,"Flat # 101, Bldg # 3, Al Najda Street",+97126219995,,,Printable CD-R / Printable DVD-R
88,,Medical centre / Dental clinic,Central Medical Poly Clinic,Dubai,+97192387557,,,Printable CD-R / Printable DVD-R
88,,Medical centre,DNA Health & Wellness Clinics,"899, Al Wasl Road, Al Manara",+97145736500,,,Printable CD-R / Printable DVD-R
88,,Medical centre,Gems Medical Clinic,Al Ain,+97137641852,,,Printable CD-R / Printable DVD-R
88,,Medical centre,H M R T Medical Polyclinics,Al Nahda,+97142655888,,,Printable CD-R / Printable DVD-R
88,,Medical centre,Health & Style Medical Centre,"Ground Floor, Next to Al Thiqa Pharmacy front of ADDC main office",+97126330515,,,Printable CD-R / Printable DVD-R
88,,Medical centre,Healthway Medical Center,"Baniyas East 5, 43rd Street",+97125828982,,,Printable CD-R / Printable DVD-R
88,,Medical centre,Ibn Seena Medical Clinic,"301, Julphar Tower, Near Cultural Centre",+97172331838,,,Printable CD-R / Printable DVD-R
88,,Medical centre,Medhealth Medical Centre,,+97148809900,,,Printable CD-R / Printable DVD-R
88,yes,Medical centre,Sagar Healthcare and Diagnostics FZ LLC,"No. 64, Al Razi Bldg., DHCC",,,,Printable CD-R / Printable DVD-R
88,,Medical laboratory,Alpha Dental Lab,,+97142621192,,,Printable CD-R / Printable DVD-R
88,,Medical laboratory,Balsam Dental Centre,Dubai,+97192222485,,,Printable CD-R / Printable DVD-R
88,,Medical laboratory / Dental clinic,Charly Polyclinic,"Next to Sana Bldg, Karama",+97143379191,,,Printable CD-R / Printable DVD-R
88,,Medical laboratory,City Dental Lab,"104, Natl Bank of Oman Bldg, Najda St",+97126334476,,,Printable CD-R / Printable DVD-R
88,,Medical laboratory,Crown Dental Lab,"4th Flr, Abdul Amin Bldg, Opp Arab Bank",+97167443852,,,Printable CD-R / Printable DVD-R
88,,Medical laboratory,Danty Dental Lab,"305, Natl Bank of Oman Bldg, Najda St",+97126228899,,,Printable CD-R / Printable DVD-R
88,,Medical laboratory,Dental Lounge,,+97143463008,,,Printable CD-R / Printable DVD-R
88,,Medical laboratory,Elite Dental Lab,"TNT Bldg, Opp Sheraton Hotel, Khalifa St",+97126765576,,,Printable CD-R / Printable DVD-R
88,,Medical laboratory,Gulf Pearl Dental Center,Al Nasr Str,+97126345680,,,Printable CD-R / Printable DVD-R
88,,Medical laboratory,High Technology Dental Lab,Dubai,+97165775177,,,Printable CD-R / Printable DVD-R
88,,Medical laboratory,Pearl White Dental Lab,"M1, United Arab Bank, Zayed bin Sultan, Near Jumaira Studio",,,,Printable CD-R / Printable DVD-R
86,,Computer supplies,Ram Computer Technology,"Omeir Travels Building, Abu Baker Al Siddiq St",+97137800813,,,Printable CD-R / Printable DVD-R / Printable Blu-ray (BD-R)
86,,Computer supplies,Al Fairouz Computer,"Behind Thomas Cook Exchange, Hamdan St",+97126742273,,,Printable CD-R / Printable DVD-R / Printable Blu-ray (BD-R)
86,,Computer supplies,Alpha Data,Dubai,+97126333644,,,Printable CD-R / Printable DVD-R / Printable Blu-ray (BD-R)
86,,Computer supplies,Americana Computer Systems LLC,"38 Al'Eed 5 Street, ICAD 3",+97126270700,,,Printable CD-R / Printable DVD-R / Printable Blu-ray (BD-R)
86,,Computer supplies,City Viw Computers,Electra St,+97126343412,,,Printable CD-R / Printable DVD-R / Printable Blu-ray (BD-R)
86,,Computer supplies,Citylink Computer,"Bhnd Hamdan Centre, Hamdan St",+97126217955,,,Printable CD-R / Printable DVD-R / Printable Blu-ray (BD-R)
86,,Computer supplies,Computer Exchange,Electra Street,+97126769592,,,Printable CD-R / Printable DVD-R / Printable Blu-ray (BD-R)
86,,Computer supplies,Crown Computers,Electra St,+97126764060,,,Printable CD-R / Printable DVD-R / Printable Blu-ray (BD-R)
86,,Computer supplies,Daisytek Computers LLC,Dubai,+97143930734,,,Printable CD-R / Printable DVD-R / Printable Blu-ray (BD-R)
86,,Computer supplies,Grandsys Computers and Elect,"Opp Choithram S/Market, King Faisal Rd",+97165731999,,,Printable CD-R / Printable DVD-R / Printable Blu-ray (BD-R)
86,,Computer supplies,HBC Printer Supplies LLC,Dubai,+97143938815,,,Printable CD-R / Printable DVD-R / Printable Blu-ray (BD-R)
86,,Computer supplies,Hitech Outlet Computers LLC,Dubai,+97143556031,,,Printable CD-R / Printable DVD-R / Printable Blu-ray (BD-R)
86,,Computer supplies,Jumeirah Oasis Computers LLC,"Near Habib Bakery, Hor Al Anz, Deira",+97142653455,,,Printable CD-R / Printable DVD-R / Printable Blu-ray (BD-R)
86,,Computer supplies,Kish Computers,"Near Jumbo S/Room, King Faisal St",+97165590825,,,Printable CD-R / Printable DVD-R / Printable Blu-ray (BD-R)
86,,Computer supplies,LID IT Trading LLC,Dubai,+97143556606,,,Printable CD-R / Printable DVD-R / Printable Blu-ray (BD-R)
86,,Computer supplies,Lulu Computers,"Next to Dunia Finance, Hamdan St",+97126767670,,,Printable CD-R / Printable DVD-R / Printable Blu-ray (BD-R)
86,,Computer supplies,Ocean Waves Computer,"Near Xerox Copy Centre, Hamdan St",+97126767921,,,Printable CD-R / Printable DVD-R / Printable Blu-ray (BD-R)
86,,Computer supplies,Preview Computers LLC,"Opp Deira Park Hotel, Al Nakheel Rd, Deira",+97142289740,,,Printable CD-R / Printable DVD-R / Printable Blu-ray (BD-R)
86,,Computer supplies,Print-Age Computers,"Next to Al Nakheel Centre, Al Nakheel Rd",+97142270807,,,Printable CD-R / Printable DVD-R / Printable Blu-ray (BD-R)
86,,Computer supplies,Soft Track Computer LLC,,+9715025,,,Printable CD-R / Printable DVD-R / Printable Blu-ray (BD-R)
86,,Distributor,Evig Group,"Building 2020, Al Quoz 3, Sheikh Zayed Road",+97148864363,,,Printable CD-R / Printable DVD-R / Printable Blu-ray (BD-R)
86,,Distributor,Lovosis Technology,"Office No.5, Baghlaf Building, Satellite Market Naif ,Deira",+97142259194,,,Printable CD-R / Printable DVD-R / Printable Blu-ray (BD-R)
86,,Distributor,We Maintain Technical Services LLC,Dubai,,,,Printable CD-R / Printable DVD-R / Printable Blu-ray (BD-R)
86,,Hospital / Clinic,Ahalia Hospital,"Opp Liwa Centre, Hamdan St",+97126262666,,,Printable CD-R / Printable DVD-R
86,,Hospital / Clinic,Ajman Khalifa Hospital,Ajman,+97167433311,,,Printable CD-R / Printable DVD-R
86,,Hospital / Clinic,Al Ain Hospital (Al Jimi),Al Ain,+97137635888,,,Printable CD-R / Printable DVD-R
86,,Hospital / Clinic,Al Corniche Hospital,"Bhnd Sheraton Hotel, Corniche Rd",+97126724900,,,Printable CD-R / Printable DVD-R
86,,Hospital / Clinic,Al Garhoud Neurology Clinic,Garhoud,+97144553250,,,Printable CD-R / Printable DVD-R
86,,Hospital / Clinic,Al Garhoud Private Hospital,Garhoud,+97144545000,,,Printable CD-R / Printable DVD-R
86,,Hospital / Clinic,Al Hyatt Hospital,"1st Flr, Al Falaha Bldg, Khalifa St",+97137660999,,,Printable CD-R / Printable DVD-R
86,,Hospital / Clinic,Al Khaleej Specialized Hospital,"Near Carrefour, Al Jimi Area",+97137656818,,,Printable CD-R / Printable DVD-R
86,,Hospital / Clinic,Al Noor Hospital,"Bhnd Lulu Centre, Khalifa St",+97126265265,,,Printable CD-R / Printable DVD-R
86,,Hospital / Clinic,Al Qasimia Hospital,"Near Cricket Stadium, Al Wasit St",+97165386444,,,Printable CD-R / Printable DVD-R
86,,Hospital / Clinic,Al Raha Hospital,,+97126330440,,,Printable CD-R / Printable DVD-R
86,,Hospital / Clinic,Al Reef International Hospital,"Emirates Gen Market Bldg, Electra St",+97126328000,,,Printable CD-R / Printable DVD-R
86,,Hospital / Clinic,Al Salama Hospital,"Opp Smokers Centre, Hamdan St, TCA",+97126711220,,,Printable CD-R / Printable DVD-R
86,,Hospital / Clinic,Al Sharq Hospital,,+97192249999,,,Printable CD-R / Printable DVD-R
86,,Hospital / Clinic / Dental clinic,Al Zahra Pvt Hospital,Al Zahra Square,+97165619999,,,Printable CD-R / Printable DVD-R
86,,Hospital / Laboratory / Clinic / Dental clinic,Al Zahra Pvt Medical Centre,"Near to Mashreq Metro Station, Al Barsha",+97143315000,,,Printable CD-R / Printable DVD-R
86,,Hospital / Clinic,Al Zahrawi Hospital,"Opp Choithram S/Market, Al Nakheel Rd",+97172288544,,,Printable CD-R / Printable DVD-R
86,,Hospital / Clinic,American European Medical Centre,"1st Floor, Delma Interior Bldg, Airport Rd",+97124455477,,,Printable CD-R / Printable DVD-R
86,,Hospital / Clinic,American Hospital Dubai,Dubai,+97143367777,,,Printable CD-R / Printable DVD-R
86,,Hospital / Clinic,Belhoul European Hospital LLC,Dubai,+97143454000,,,Printable CD-R / Printable DVD-R
86,,Hospital / Clinic,Belhoul Speciality Hospital LLC,"Al Khaleej Rd, Al Baraha, Deira",+97142733333,,,Printable CD-R / Printable DVD-R
86,yes,Hospital / Clinic,Bestdoc Home Healthcare LLC,Al Qouz Industrial Area 4,+971526604987,,,Printable CD-R / Printable DVD-R
86,,Hospital / Clinic,Bumrungrad International Hospital,Deira,+97142566665,,,Printable CD-R / Printable DVD-R
86,,Hospital / Clinic,Canadian Specialist Hospital,"Abu Hail, Deira",+97147072222,,,Printable CD-R / Printable DVD-R
86,,Hospital / Clinic,Dar Al Shifaa Hospital,"Behind ADAR, Najda Road",+97126900900,,,Printable CD-R / Printable DVD-R
86,,Hospital / Clinic,Delma Island Hospital,Delma Island,+97128781888,,,Printable CD-R / Printable DVD-R
86,,Hospital / Clinic,Dibba Fujairah New Hospital,"Opposite Rabee Co, Sh Rashid Street, Masafi-Dibba Road",+97192446666,,,Printable CD-R / Printable DVD-R
86,,Hospital / Clinic,Emirates Hospital,"Opp Jumeirah Beach Park, Jumeirah Beach Rd",+97143496666,,,Printable CD-R / Printable DVD-R
86,,Hospital / Clinic,Emirates International Hospital,"Near Jimi Hospital, Al Khabisi",+97137637777,,,Printable CD-R / Printable DVD-R
86,yes,Hospital / Clinic,First Response Healthcare LLC,"Office 810, 32C Building, Yes Business Centre, Al Barsha 1",+97145836887,,,Printable CD-R / Printable DVD-R
86,,Hospital / Clinic,General Medical Centre,"2nd Floor, Hypermarket Bldg, Najda St",+97126330440,,,Printable CD-R / Printable DVD-R
86,,Hospital / Medical centre / Clinic,Good Living Medical Centre,"M 12-13, Block B, Opp Union Flag, Shk Hamdan Awards Complex, Jumeirah",+97143546060,,,Printable CD-R / Printable DVD-R
86,,Hospital / Clinic,Grace Medical Center,"Villa 408, Near Japanese Embassy, 26th St, Al Roda, Khalidiya",+97124430909,,,Printable CD-R / Printable DVD-R
86,,Hospital / Clinic,Great Ormond Street Hospital,,+97143624722,,,Printable CD-R / Printable DVD-R
86,,Hospital / Clinic,Gulf Diagnostic Center,"Al Khaleej Al Arbi St, Corniche",+97126658090,,,Printable CD-R / Printable DVD-R
86,,Hospital / Clinic,Gulf Medical Centre,"Near Dnata, Opp Nissan S/R, Al Ittihad Rd, Deira",+97142626000,,,Printable CD-R / Printable DVD-R
86,,Hospital / Clinic,International Modern Hospital,Dubai,+97143988888,,,Printable CD-R / Printable DVD-R
86,,Hospital / Clinic,Iranian Hospital,"Al Wasl Rd, Satwa",+97143440250,,,Printable CD-R / Printable DVD-R
86,,Hospital / Clinic,Jebel Ali Hospital,Jebel Ali Village,+97148845666,,,Printable CD-R / Printable DVD-R
86,,Hospital / Clinic,Jebel Ali International Hospital,"Bhnd HSBC, Dugas Rd, Jebel Ali Free Zone",+97148814000,,,Printable CD-R / Printable DVD-R
86,,Hospital / Clinic,Kalba Hospital,Near Kalba Police Station,+97192777011,,,Printable CD-R / Printable DVD-R
86,,Hospital / Clinic / Polyclinic,Karama Medical Centre,"3rd Floor, Above Sony S/Room, Opp Vegetable Market, Karama",+97143366889,,,Printable CD-R / Printable DVD-R
86,,Hospital / Clinic,Khalifa Hospital,Umm Al Quwain,+97167439333,,,Printable CD-R / Printable DVD-R
86,,Hospital / Clinic,Khorfakkan Hospital,"Near Toyota Round About, Sh Khalid Road",+97192370222,,,Printable CD-R / Printable DVD-R
86,,Hospital / Clinic,Kuwaiti Hospital,"Bhnd Eppco Petrol Pump, Qadsia",+97165242111,,,Printable CD-R / Printable DVD-R
86,,Hospital / Clinic,Life Medical Centre,"1st Flr, Marina Plaza Bldg, Bhnd BHS, Hamdan St",+97126332300,,,Printable CD-R / Printable DVD-R
86,,Hospital / Clinic,Mafraq Hospital,"Bhnd Mafraq Hotel, Baniyas",+97125823100,,,Printable CD-R / Printable DVD-R
86,,Hospital / Clinic,Magrabi Hospitals & Centers,Dubai,+97144370606,,,Printable CD-R / Printable DVD-R
86,,Hospital / Clinic,Medcare Hospital,"Near Safa Park, Off Sh Zayed Rd",+97144079100,,,Printable CD-R / Printable DVD-R
86,,Hospital / Clinic,Medcare Hospital LLC,,+97144079100,,,Printable CD-R / Printable DVD-R
86,,Hospital / Clinic,Moorfields Eye Hospital Dubai,Dubai,+97144297888,,,Printable CD-R / Printable DVD-R
86,,Hospital / Clinic,N M C Trading LLC,,+97126341134,,,Printable CD-R / Printable DVD-R
86,,Hospital / Clinic,Neuro Spinal Hospital,Jumeirah,+97143420000,,,Printable CD-R / Printable DVD-R
86,,Hospital / Clinic,New Al Qassemiya Hospital,"Cricket Stadium Rd, Al Qassimia",+97165386444,,,Printable CD-R / Printable DVD-R
86,,Hospital / Clinic,New Fujairah Hospital,"Near Toyota S/Room, Naimiya St",+97192242999,,,Printable CD-R / Printable DVD-R
86,,Hospital / Clinic,Nmc Specialty Hospital,Al Nahda,+97142679999,,,Printable CD-R / Printable DVD-R
86,,Hospital / Clinic,Northwest Clinic,"935, Al Wasl Road. Umm Suqeim 2, Jumeirah",+97143842000,,,Printable CD-R / Printable DVD-R
86,,Hospital / Clinic,Oman Clinic,"Next to Bank Melli Iran, Al Nakheel",+97172224403,,,Printable CD-R / Printable DVD-R
86,,Hospital / Clinic,Quality Care Medical Center,Abu Dhabi,+97126260600,,,Printable CD-R / Printable DVD-R
86,,Hospital / Clinic,Royal Hospital,SAIF Zone,+97165452222,,,Printable CD-R / Printable DVD-R
86,,Hospital / Clinic,Saif Bin Ghobash Hospital,"Oman Rd, Al Nakheel",+97172223555,,,Printable CD-R / Printable DVD-R
86,,Hospital / Clinic,Saqr Hospital,"Near RAK Hotel, Clock R/A",+97172223666,,,Printable CD-R / Printable DVD-R
86,,Hospital / Clinic,Saudi German Hospital,"Hessa St 331, West Barsha, Shk Zayed Rd",+97143890000,,,Printable CD-R / Printable DVD-R
86,,Hospital / Clinic,Sh Khalifa Medical City,"Near Central Hospital, Karama St",+97126102000,,,Printable CD-R / Printable DVD-R
86,,Hospital / Clinic,Shaam Hospital,"Shaam Rd, Al Nakheel",+97172666465,,,Printable CD-R / Printable DVD-R
86,,Hospital / Clinic,Sharjah Corniche Hospital LLC,"Corniche Plaza II, Al Buhairah Corniche",+97165751222,,,Printable CD-R / Printable DVD-R
86,,Hospital / Clinic,"Taher H Khalil Clinic, Dr","Zarouni building, Al Rigga Road, Deira",+97142687655,,,Printable CD-R / Printable DVD-R
86,,Hospital / Clinic,Thumbay Hospital,DIFC,+97142985555,,,Printable CD-R / Printable DVD-R
86,,Hospital / Clinic,Umm Al Quwain Hospital,"Near Musalla Round About, King Faisal Road",+97167656888,,,Printable CD-R / Printable DVD-R
86,,Hospital / Clinic,Zulekha Hospital LLC,"Al Zahra St, Al Nasserya",,,,Printable CD-R / Printable DVD-R
86,,Laboratory,Al Diyafa Medical Diagnostic Centre,"205, Sedar S/Room Bldg, Al Diyafa St, Satwa",+97143457100,,,Printable CD-R / Printable DVD-R
86,,Laboratory / Dental clinic,Al Ittihad Polyclinic and Diagnostic Centre,"Opp Al Shaab Furniture, Al Ittihad St",+97167441414,,,Printable CD-R / Printable DVD-R
86,,Laboratory,Emirates Medical Laboratory,"Salim Towers, Buheirah Corniche",+97165736866,,,Printable CD-R / Printable DVD-R
86,,Laboratory,Lebon Dental Laboratory,Deira,+97142970088,,,Printable CD-R / Printable DVD-R
86,yes,Laboratory,Megacare Medical Equipment LLC,"Shop No-5, Al Hawai Building, Al Rigga Road, Deira",+97142663031,,,Printable CD-R / Printable DVD-R
86,,Radiology / imaging,Saleh Al Shawaf Trdg Bernafon Audiology,"Office No: 1503, 15th Floor, Green Tower, Riggat Al Buteen, Deira",+97142243494,,,Printable CD-R / Printable DVD-R / Printable Blu-ray (BD-R)
86,,Radiology / imaging,Widex Audiology Centre,"Flat No. 802, Same Building of Lulu Exchange, Tawash Building, Electra St",+97126340670,,,Printable CD-R / Printable DVD-R / Printable Blu-ray (BD-R)
86,,Dental clinic,Dr. Ossama Bazzi Medical General Dental Clinic,"Hor Al Anz, Deira",+97142977566,,,Printable CD-R / Printable DVD-R
86,yes,Healthcare,Bin Zayed Medicines and Medical Equipment,"Bhnd Ducamz, Al Aweer",,,,Printable CD-R / Printable DVD-R
82,,Medical centre,Abdul Ghani Medical Center,"208-A, 2F Floor, Al Fardan Centre, Buhaira Corniche St",+97165562727,,,Printable CD-R / Printable DVD-R
82,,Medical centre,Abu Salman Medical Centre,Mussafah,+97125522549,,,Printable CD-R / Printable DVD-R
82,,Medical centre / Dental clinic,Al Afdal Medical Centre,"Al Mahatta, Qasmiya",+97165590007,,,Printable CD-R / Printable DVD-R
82,,Medical centre,Al Ahly Specialist Medical Center,Muroor Str,+97124487553,,,Printable CD-R / Printable DVD-R
82,yes,Medical centre,Al Amana Home Healthcare,Electra St,+97126774189,,,Printable CD-R / Printable DVD-R
82,,Medical centre,Al Dalil Medical Center,"Near Karachi Darbar Restaurant, After Samnan Mall, Wasit Street, Samnan",+97165236566,,,Printable CD-R / Printable DVD-R
82,,Medical centre,Al Deyafa Medical Centre,Al Nahda Park R/A,+97165301717,,,Printable CD-R / Printable DVD-R
82,,Medical centre,Al Dowali Medical Centre,Dubai,+97143441142,,,Printable CD-R / Printable DVD-R
82,,Medical centre,Al Hana Modern Medical Center,"Al Hana Center, 2nd Floor , 219 Al Mankhool Road, Adjacent to Chelsea Plaza, Al Jaffiliya",+971545829978,,,Printable CD-R / Printable DVD-R
82,,Medical centre,Al Hendawy Medical Center,,+97126213666,,,Printable CD-R / Printable DVD-R
82,,Medical centre,Al Khail Medical Center,Al Quoz,+97143306745,,,Printable CD-R / Printable DVD-R
82,,Medical centre,Al Khayal Medical Centre,Dubai,+97142765600,,,Printable CD-R / Printable DVD-R
82,,Medical centre,Al Madina Medical Center,"Bhnd Al Jazira Club, Airport Rd",+97126439779,,,Printable CD-R / Printable DVD-R
82,,Medical centre,Al Mariffa Medical Centre,,+97142522133,,,Printable CD-R / Printable DVD-R
82,,Medical centre,Al Qadi Medical Centre,Khalidiya,+97126344077,,,Printable CD-R / Printable DVD-R
82,,Medical centre,Al Rafidain Medical Center,"407-408, Al Majaz Pearl Bldg, Al Majaz Northern Park St",,,,Printable CD-R / Printable DVD-R
82,,Medical centre,Al Reyada Medical Centre,"Beside Al Hosn University, Delma St",+97124460801,,,Printable CD-R / Printable DVD-R
82,,Medical centre,Al Sahil Al Sharq Medical Center,Khorfakkan,+97192383389,,,Printable CD-R / Printable DVD-R
82,,Medical centre,Al Tadawi Medical Centre,,+97142999230,,,Printable CD-R / Printable DVD-R
82,,Medical centre,Al Yamama Medical Centre,Hamdan Str,+97126326088,,,Printable CD-R / Printable DVD-R
82,,Medical centre,Alafdal Medical Center,"Opp Emirates NBD Bank, King Abdul Aziz Road, Al Mahatta",+97165590007,,,Printable CD-R / Printable DVD-R
82,,Medical centre / Dental clinic,Alraid Modern Medical Center,"Flat no 204, Al Ghadeer Building, Jamal Abdul Naser Street",+97165507716,,,Printable CD-R / Printable DVD-R
82,,Medical centre,American Crescent Health Care Center,"Music Intl Institute Bldg, Khalidiya St",+97126325000,,,Printable CD-R / Printable DVD-R
82,,Medical centre,Apollo Medical Centre LLC,"Next to ADCB, Hamdan St",+97126397733,,,Printable CD-R / Printable DVD-R
82,,Medical centre,Arabain Gulf Medical Center,,+97165723737,,,Printable CD-R / Printable DVD-R
82,,Medical centre,Arabian Island Medical Centre,"Shabiya Khalia-M-10, Mussafah",+97125520250,,,Printable CD-R / Printable DVD-R
82,,Medical centre,Badr Al Samaa Medical Centre,Dubai,+97143578681,,,Printable CD-R / Printable DVD-R
82,,Medical centre,Bella Roma Medical Center,,+97143940006,,,Printable CD-R / Printable DVD-R
82,,Medical centre,Binbrek Medical Centre,Dubai,+97143555588,,,Printable CD-R / Printable DVD-R
82,,Medical centre,Canadian Medical Center & Plastic Surgery LLC,,+97143944055,,,Printable CD-R / Printable DVD-R
82,,Medical centre,Central Clinic,"Office  Number 204, EMI State Tower, Hamdan",,,,Printable CD-R / Printable DVD-R
82,,Medical centre,Cosmedical Solutions,"203, Al Muhairbi Bldg, Behind Dar Al Shifa Hospital",+97124459899,,,Printable CD-R / Printable DVD-R
82,,Medical centre,Dawn Medical Centre,Hamdan Str,+97126216900,,,Printable CD-R / Printable DVD-R
82,,Medical centre / Dental clinic,Dentamax Medical Center,"Belresheed Building, Al Nahda Street, Al Qusais",+97142636717,,,Printable CD-R / Printable DVD-R
82,,Medical centre,Dibba Medical Center,Dibba,+97192447447,,,Printable CD-R / Printable DVD-R
82,,Medical centre,Dr Sanjay Medical Clininc,"Al Khail Mall, Al Quoz",+97143285999,,,Printable CD-R / Printable DVD-R
82,,Medical centre,Dr Sunny Medical Centre LLC,King Faisal St,+97167666933,,,Printable CD-R / Printable DVD-R
82,,Medical centre,Dr. Ahmed Abu Sharia Medical Centre,Khalidiya -- opposite Khalidiya Urgent Care Unit,+97126674882,,,Printable CD-R / Printable DVD-R
82,,Medical centre,Dublin Health Services Management,"Bin Saqar Tower, Najda St",+97126397800,,,Printable CD-R / Printable DVD-R
82,,Medical centre,Duri Clinic,"Villa No. 467, Al Manhal",+97126665551,,,Printable CD-R / Printable DVD-R
82,,Medical centre,Euromed Clinic Center,"Euromed Clinic, Jumeirah Beach Rd 611",+97143945422,,,Printable CD-R / Printable DVD-R
82,,Medical centre,European Canadian Medical Centre,"202, Amwal Finance Bldg, Khalifa St",+97126276750,,,Printable CD-R / Printable DVD-R
82,,Medical centre,European Medical Services,,+97143263030,,,Printable CD-R / Printable DVD-R
82,yes,Medical centre,Exceed Media LLC,,+97126349121,,,Printable CD-R / Printable DVD-R
82,,Medical centre,Extra Care Medical Centre,"Nahal Tower,National Bank Of Oman Building ,Al Najda Street",+97126344922,,,Printable CD-R / Printable DVD-R
82,,Medical centre,Fatima Medical Centre,"Near UAE Exchange, Buraimi Rd",+97137513883,,,Printable CD-R / Printable DVD-R
82,,Medical centre,GetChecked Clinic,"The Mall, Opp. Jumeirah Beach Resort, The Mall Umm Suqqiem Opposite Madinat Jumeirah Hotel",+971527007915,,,Printable CD-R / Printable DVD-R
82,,Medical centre,Getwell Medical Centre,Dubai,,,,Printable CD-R / Printable DVD-R
82,,Medical centre,Golden Sands Medical Centre,"Near Fatima S/Market, Al Falah St (Old Passport Rd)",+97126427171,,,Printable CD-R / Printable DVD-R
82,,Medical centre,Grand Dr Ismail Polyclinic,"Office Number 3, JSCOM Grand Residence Building, Near Canadian Speciality Hospital, Abu Hail",+97143706200,,,Printable CD-R / Printable DVD-R
82,,Medical centre,Hannover Medical Center,"Office Number 301, ASAS Tower, Al Khan Corniche",+97165433226,,,Printable CD-R / Printable DVD-R
82,,Medical centre,Healers Medical Centre,"Office 101-106 , Sunrise Supermarket Building, Opp Grand Excelsor Hotel, Abu Shagara",+97165539851,,,Printable CD-R / Printable DVD-R
82,,Medical centre,Health N Homeo,Dubai,+971555239919,,,Printable CD-R / Printable DVD-R
82,,Medical centre,Heart First Medical Center,Dubai,+97144298298,,,Printable CD-R / Printable DVD-R
82,,Medical centre,Hijama Clinic Abu Dhabi,"Villa Number 15, Alkrama Streer, Almnhal",+971565994018,,,Printable CD-R / Printable DVD-R
82,yes,Medical centre,Horizon Healthcare Services,"401, Abdulla Bin Darwish Bldg, Salam St",+97126289800,,,Printable CD-R / Printable DVD-R
82,,Medical centre,Hydro Medical Centre,Tecom,+97143918484,,,Printable CD-R / Printable DVD-R
82,,Medical centre,iCare Clinics  Multi Speciality Clinic in Dubai,"Office No 49, 3rd Floor, Oasis Mall, Sheikh zayed road, Al Quoz",+97180042273,,,Printable CD-R / Printable DVD-R
82,,Medical centre,Iris Medical Centre,,+97126665000,,,Printable CD-R / Printable DVD-R
82,,Medical centre,Kalba Medical Center,Sh Saeed Al Qassimi St,+97192777002,,,Printable CD-R / Printable DVD-R
82,,Medical centre,KindCare Medical Center,"Villa 794, Jumeirah Beach Road",+97143388588,,,Printable CD-R / Printable DVD-R
82,,Medical centre,Lifeway Specialized Medical Centre,"105, Al Bin Ham Building Tower A, Al Taawun Street, Al Mamzar",,,,Printable CD-R / Printable DVD-R
82,,Medical centre,Manzil Health Care Services,Muroor Rd,+97126439770,,,Printable CD-R / Printable DVD-R
82,,Medical centre,Marina Medical Center,,+97143999939,,,Printable CD-R / Printable DVD-R
82,,Medical centre,Medi Clinic,Hor Al Anz,+97142507553,,,Printable CD-R / Printable DVD-R
82,,Medical centre,Medlite Medical Center,Dubai,+971555602615,,,Printable CD-R / Printable DVD-R
82,,Medical centre,Metro Medical Centre LLC,Near Gulfa R/A,+97167469694,,,Printable CD-R / Printable DVD-R
82,,Medical centre,Mubadara Elite Home Health Centre,"Office Number 36, First Floor Al Bwardy Building, Plot no.DY-14, Jadaf",+971502332305,,,Printable CD-R / Printable DVD-R
82,,Medical centre,New Almazroui Medical Centre,Mussafah,+97125530663,,,Printable CD-R / Printable DVD-R
82,,Medical centre,New Dr.Sunny Medical Centre,"3rd floor,Above Alukkas Centre,Opp.Rolla square",+97165639966,,,Printable CD-R / Printable DVD-R
82,,Medical centre,New Fujairah Medical Center,Dibba,+97192444711,,,Printable CD-R / Printable DVD-R
82,,Medical centre,New Sanaya Clinic,Hor Al Anz,+97142681333,,,Printable CD-R / Printable DVD-R
82,,Medical centre,Oxford Medical Center,Al Muroor Str,+97124489666,,,Printable CD-R / Printable DVD-R
82,,Medical centre,Physioveda Medical Center LLC,"Villa 181B, Al Wasl Road",+9718008332,,,Printable CD-R / Printable DVD-R
82,,Medical centre,Premier Medical Center LLC,Rolla,+97165616188,,,Printable CD-R / Printable DVD-R
82,,Medical centre,Prime Medical Center,"501, Gulf Air Bldg, Salahuddin Rd, Deira",+97142720720,,,Printable CD-R / Printable DVD-R
82,,Medical centre,Queens Medical Center,"Office No. 203, Highrise Building, 2nd December Street, Satwa Roundabout",+97143533101,,,Printable CD-R / Printable DVD-R
82,,Medical centre,Royal Medical Centre,"Khalid Pharmacy Bldg, Al Dhaid 2nd R/A",+97168822979,,,Printable CD-R / Printable DVD-R
82,yes,Medical centre,Saif-Zone Medical Centre FZC,SAIF Zone,+97165578471,,,Printable CD-R / Printable DVD-R
82,,Medical centre,Seha Medical Center,"Ittihad Road, Al Nuaimia 1",+971588224537,,,Printable CD-R / Printable DVD-R
82,,Medical centre,Shanthi Medical Centre,"Al Buhaira Building, Al Esiqlal Street, Abu Shagara",+97165558991,,,Printable CD-R / Printable DVD-R
82,,Medical centre,Shifa Al Hayat Medical Center LLC,"Office No. 103, Shaha Tower, Al Majaz 3",+97167434868,,,Printable CD-R / Printable DVD-R
82,,Medical centre,Silkor Laser Medical Center,Jumeirah,+97143480500,,,Printable CD-R / Printable DVD-R
82,,Medical centre,Specialist Medical Center,,+97172332255,,,Printable CD-R / Printable DVD-R
82,,Medical centre,Sultan Al Olama Medical Center,Sh Zayed Rd,+97143468686,,,Printable CD-R / Printable DVD-R
82,,Medical centre,Sunny Speciality Medical Center LLC,,+97165688707,,,Printable CD-R / Printable DVD-R
82,,Medical centre,Zia Medical Center,"Jumierah Beach Road, Umm Suqeim 1",+97143387878,,,Printable CD-R / Printable DVD-R
82,,Medical centre,Zia Medical Centre,"Bldg. No. 104, Sector 12, in front of Shabiya Khalifa Br., New Mussafah",,,,Printable CD-R / Printable DVD-R
82,,Medical laboratory,Flinzo Fashion Design LLC,"Shop Number 4, New Industrial Area 2",+97165208273,,,Printable CD-R / Printable DVD-R
82,,Medical laboratory,Dentagraph,"Near Burj Nahar R/A, Deira",+97142713139,,,Printable CD-R / Printable DVD-R
82,,Medical laboratory,Pure Gas Supply LLC,Al Jurf Indl Area 2,+97165460054,,,Printable CD-R / Printable DVD-R
82,,Medical laboratory,Al Reem Hospico LLC,Near Tawam Hospital,+97137677474,,,Printable CD-R / Printable DVD-R
82,,Medical laboratory,Delma Scales and Measuring Devices LLC,Industrial Area 11,+97165347538,,,Printable CD-R / Printable DVD-R
82,,Medical laboratory,International Gas Services Est (SERGAS),"Floor 10, Skytower, Reem Island",+97126732626,,,Printable CD-R / Printable DVD-R
82,,Medical laboratory,Scales Universal Weight Equip LLC,"Bahma Bldg Centre, Behind Toyota S/R, Al Wahda St, INDL Area 4",,,,Printable CD-R / Printable DVD-R
80,,Computer supplies,Advanced Star Network Technology LLC,Al Dhafrah St,+97126416788,,,Printable CD-R / Printable DVD-R / Printable Blu-ray (BD-R)
80,,Computer supplies,Asaleeb Technology,,+97142594434,,,Printable CD-R / Printable DVD-R / Printable Blu-ray (BD-R)
80,,Computer supplies,Barcode Gulf,Dubai,+97143462244,,,Printable CD-R / Printable DVD-R / Printable Blu-ray (BD-R)
80,,Computer supplies,Benq Middle East,Dubai,+97142991000,,,Printable CD-R / Printable DVD-R / Printable Blu-ray (BD-R)
80,,Computer supplies,Complex Technologies,Dubai,+97143932939,,,Printable CD-R / Printable DVD-R / Printable Blu-ray (BD-R)
80,yes,Computer supplies,Dutecs FZC,Al Karama,,,,Printable CD-R / Printable DVD-R / Printable Blu-ray (BD-R)
80,,Computer supplies,Genome Tech Consultants,"#311, 3rd Floor, Al Zarouni Business Centre, Al Barsha 1",+97143708091,,,Printable CD-R / Printable DVD-R / Printable Blu-ray (BD-R)
80,,Computer supplies,Mangala International Technology LLC,"Al Jazeera Printing Bldg, Khalidiya",+97126673310,,,Printable CD-R / Printable DVD-R / Printable Blu-ray (BD-R)
80,,Computer supplies,Microless,"Opposite Cement Factory, First Al Khail Street, Al Quoz 3",+97142623337,,,Printable CD-R / Printable DVD-R / Printable Blu-ray (BD-R)
80,,Computer supplies,Orient Technology Limited,Jebel Ali Free Zone,+97148837744,,,Printable CD-R / Printable DVD-R / Printable Blu-ray (BD-R)
80,,Computer supplies,Smart Elite Group,"B1002, Belrasheed Towers, Al Qusais",+97142220333,,,Printable CD-R / Printable DVD-R / Printable Blu-ray (BD-R)
80,yes,Computer supplies,Toshiba Gulf FZE,"G-17, LOB 13, R/A 6, Jebel Ali Free Zone",+97148817789,,,Printable CD-R / Printable DVD-R / Printable Blu-ray (BD-R)
80,,Computer supplies,Universal Plastic Ind LLC,Al Ghail Area,,,,Printable CD-R / Printable DVD-R / Printable Blu-ray (BD-R)
80,yes,Hospital / Clinic,Global Hawk Telemedicine FZC,,+97142364477,,,Printable CD-R / Printable DVD-R
80,,Hospital / Clinic,Gulf International Cancer Center,"Near Yas Island, Al Bahia",+97125635558,,,Printable CD-R / Printable DVD-R
80,,Hospital / Clinic,Hopital Franco - Emirien,Abu Dhabi,+97126265722,,,Printable CD-R / Printable DVD-R
80,,Hospital / Clinic,Landmark Group,"Dana Plaza, Al Madhab",+97192232730,,,Printable CD-R / Printable DVD-R
80,,Hospital / Clinic,Singapore National Eye Centre,"11 Third Hospital Avenue, Singapore",+9716561009393,,,Printable CD-R / Printable DVD-R
80,,Laboratory,Al Hoty Stanger Laboratories,"Near ICAD, Gate No 2, Mussafah Industrial Area.",+97125542234,,,Printable CD-R / Printable DVD-R
80,yes,Laboratory,Glab International FZE,Ajman,+97167454376,,,Printable CD-R / Printable DVD-R
80,,Laboratory,Ace Laboratories,,+97128781750,,,Printable CD-R / Printable DVD-R
80,,Laboratory,Advanced Medical Center,"Main St, Sh Zayed Rd",+97137641441,,,Printable CD-R / Printable DVD-R
80,,Laboratory,Al Abbar Laboratories,"UBL Bldg, Near City Bank, Bank St",+97143592641,,,Printable CD-R / Printable DVD-R
80,,Laboratory,Al Borg Laboratory,"104, Rashid Al Majid Bldg, Abu Baker Al Siddique Rd, Deira",+97142977780,,,Printable CD-R / Printable DVD-R
80,,Laboratory,Al Durrah Medical Lab,"703, Al Durrah Towers, Corniche Buhaira",+97165568600,,,Printable CD-R / Printable DVD-R
80,,Laboratory,Annab Laboratories,"804, Al Etihad Tower, Khalifa St",+97126274767,,,Printable CD-R / Printable DVD-R
80,,Laboratory,Ansari Medical Centre,"Near Fish Market, Al Nasr St",+97126394139,,,Printable CD-R / Printable DVD-R
80,,Laboratory,Cad-Cam Dental Lab,Dubai,,,,Printable CD-R / Printable DVD-R
80,,Laboratory,Dar Al Hikmah Medical Lab,"Office Number 201, Nakheel Tower, Al Majaz1, Buhaira Cornich Street",+971561191667,,,Printable CD-R / Printable DVD-R
80,,Laboratory,Dar Al-Mouasah Diagnostic Centre,"Opp Al Maha Rotana, Hamdan St",+97126260066,,,Printable CD-R / Printable DVD-R
80,,Laboratory,Emirates Specialized Laboratory,"Al Wasl Rd, Jumeirah",+97143486645,,,Printable CD-R / Printable DVD-R
80,,Laboratory,Medinova Diagnostic Centre,Dubai,+97143936396,,,Printable CD-R / Printable DVD-R
80,,Laboratory,Mediplus Diagnostic Centre,"303, Al Mubarak Centre, Al Arooba St, Rolla",+97165634347,,,Printable CD-R / Printable DVD-R
80,,Dental clinic,Elegant Dental Clinic LLC,"Office 103, Tower 1, Al Saheel Tower, Ettihad Street, Al Nahda 1",+97148786959,,,Printable CD-R / Printable DVD-R
80,,Dental clinic,Ajman Specialized Dental Clinic,"104, Al Shorafa Tower, Sh Rashid Bin Humaid St",+97167447242,,,Printable CD-R / Printable DVD-R
80,,Dental clinic,Al Ahlia Dental Clinic,"301, Yateem Opticals Bldg, Hamdan St",+97126767166,,,Printable CD-R / Printable DVD-R
80,,Dental clinic,Al Ain International Dental Clinic,Dubai,+97137511660,,,Printable CD-R / Printable DVD-R
80,,Dental clinic,Al Anees Dental Clinic,Al Ain,+97137665667,,,Printable CD-R / Printable DVD-R
80,,Dental clinic,Al Areej Dental Clinic,"Mezz. 3, Bldg. No. 13 near Civil Defence, Khalifa A City",+97125565882,,,Printable CD-R / Printable DVD-R
80,,Dental clinic,Al Bahri Dental Clinic (Dr Samih Ali Al Bahri),"1st Flr, Standard Chartered Bank Bldg, Clock Tower Area",+97137643273,,,Printable CD-R / Printable DVD-R
80,,Dental clinic,Al Dafra Speciality Dental Clinic,"Bhnd Liwa Centre, Hamdan St",+97126341447,,,Printable CD-R / Printable DVD-R
80,,Dental clinic,Al Dana Medical and Dental Centre,"M-6, Natl Cinema Bldg, Najda St",+97126781331,,,Printable CD-R / Printable DVD-R
80,,Dental clinic,Al Dana Medico - Dental and Orthodontic Clinic,"Al Dana Towers 1, Al Muntassir Rd, Nakheel",+97172279339,,,Printable CD-R / Printable DVD-R
80,,Dental clinic,Al Dera Dental Clinic LLC,"ADIB building, Al Kuwitat",,,,Printable CD-R / Printable DVD-R
80,,Dental clinic,Al Dhabi Dental Clinic LLC,"Office No.10, 4Building 253. Shabiya 10, Yaroush Street, Mohamed Bin Zayed City",+97125527007,,,Printable CD-R / Printable DVD-R
80,,Dental clinic,Al Dhafra Speciality Dental Clinic,Bhnd Liwa Center,+97126322800,,,Printable CD-R / Printable DVD-R
80,,Dental clinic,Al Farooq Medical and Dental Center,"Near ADCB, Khalidiya St",+97126667399,,,Printable CD-R / Printable DVD-R
80,,Dental clinic,Al Hajjar Dental Clinic,"2, Shop N Save S/Market Bldg, Passport St",+97137658155,,,Printable CD-R / Printable DVD-R
80,,Dental clinic,Al Jawahra Dental Clinic,"204, Golden Fork Restaurant Bldg, Khalifa St",+97126275200,,,Printable CD-R / Printable DVD-R
80,,Dental clinic,Al Jawhara Dental Clinic,"07, Al Jawhara Bldg, Muroor R/A",+97167460166,,,Printable CD-R / Printable DVD-R
80,,Dental clinic,Al Jazeerah Dental Clinic,"Sh Mohd Qasimi Bldg, Al Khan Rd",+97165564477,,,Printable CD-R / Printable DVD-R
80,,Dental clinic,Al Kenan Dental Clinic,"Floor O,C 13, Liwa Centre, Hamdan St, Al Markaziyah",+97126340322,,,Printable CD-R / Printable DVD-R
80,,Dental clinic,Al Malak Dental Clinic,"Opp Sh Salama Mosque, Main St",+97137655582,,,Printable CD-R / Printable DVD-R
80,,Dental clinic,Al Maliky Dental Clinic,"Bhnd Sh Soud Al Qasmi Mosque, Al Wasit Rd, Al Shahba",+97165388205,,,Printable CD-R / Printable DVD-R
80,,Dental clinic,Al Manara Dental Clinic,"Beside Hardees, Khalifa St",+97137665441,,,Printable CD-R / Printable DVD-R
80,,Dental clinic,Al Rahmah Medical Clinic,"Near Giant S/Market, Rumilah Area",+97167443050,,,Printable CD-R / Printable DVD-R
80,,Dental clinic,Al Safwa Specialized Dental Clinic,"603, Marjan Plaza, Opp Hamdan Centre, Hamdan St",+97126262989,,,Printable CD-R / Printable DVD-R
80,,Dental clinic,Al Worood Medical and Dental Center,"203, NEXT Bldg, Najda St",+97126313600,,,Printable CD-R / Printable DVD-R
80,,Dental clinic,Al Yasmeen Dental Clinic,"M Flr, Opp Ali Pharmacy, Muraqqabat St, Deira",+97142699177,,,Printable CD-R / Printable DVD-R
80,,Dental clinic,Amal Abdel Kader Dental Clinic,"803, Al Durrah Tower, Buhairah Corniche",+97165565564,,,Printable CD-R / Printable DVD-R
80,,Dental clinic,Amal Specialized Dental Clinic,"4th Flr, Crowne Plaza Comml Bldg, Sh Zayed Rd",+97143316363,,,Printable CD-R / Printable DVD-R
80,,Dental clinic,American Dental Clinic,Dubai,+97143440668,,,Printable CD-R / Printable DVD-R
80,,Dental clinic,American Medical & Dental Center,"1002, Block A, Al Razi Bldg, Bldg 64, DHC",+97143748428,,,Printable CD-R / Printable DVD-R
80,,Dental clinic,Anand Shenoy's Dental Clinic,"Baskin Robbins Bldg, Al Diyafah St, Satwa",,,,Printable CD-R / Printable DVD-R
80,,Dental clinic,Ansam Dental Clinic,"Opp Sands Hotel, Electra St",+97126392299,,,Printable CD-R / Printable DVD-R
80,,Dental clinic,"Ara's Dental Clinic, Dr","307, Dana Plaza, Al Maktoum St, Deira",+97142284814,,,Printable CD-R / Printable DVD-R
80,,Dental clinic,Arwa Dental Clinic,"602, 6th Floor, Al Wahda Building, Port Saeed, Deira",+97142955200,,,Printable CD-R / Printable DVD-R
80,,Dental clinic,"Aseel Al Kubaisi Dental Clinic, Dr","112, Al Bassam Bldg, Abu Baker Rd, Deira",+97142651915,,,Printable CD-R / Printable DVD-R
80,,Dental clinic,Ashokan Medical Clinic,"302, Al Lootha Bldg, Naif Rd, Deira",+97142730220,,,Printable CD-R / Printable DVD-R
80,,Dental clinic,Asmat Dental Clinic,"102, Mandoos Bldg, Bhnd Chamber of Commerce, Corniche",+97126216063,,,Printable CD-R / Printable DVD-R
80,,Dental clinic,Ayman Dental Clinic,Abu Dhabi,+97126275040,,,Printable CD-R / Printable DVD-R
80,,Dental clinic,Bamboat Dental Clinic,Shk Zayed Rd,+97143285333,,,Printable CD-R / Printable DVD-R
80,,Dental clinic,Barbara Orthodontic And Dental Polyclinic,"El Etihad Bldg, Bhnd NBAD Bldg, Khalifa St",+97126269898,,,Printable CD-R / Printable DVD-R
80,,Dental clinic,Besiso Dental Clinic,"Opp Khalifa Committee, Corniche Rd",+97126334866,,,Printable CD-R / Printable DVD-R
80,,Dental clinic,Bin Belaila Specialised Dental Clinic,"Villa 833/A, Al Wasl Rd, Umm Sequeim 1",+97143952131,,,Printable CD-R / Printable DVD-R
80,,Dental clinic,Blue Dental Clinic,"Villa 579, Near University of Wollongong, Jumeirah Beach Rd",+97143944233,,,Printable CD-R / Printable DVD-R
80,,Dental clinic,British Dental Clinic,"3rd Flr, Bin Ham Bldg, Hamdan St",+97126773308,,,Printable CD-R / Printable DVD-R
80,,Dental clinic,British Dental Clinic,"Al Wasl Rd, Jumeirah 1",+97143421318,,,Printable CD-R / Printable DVD-R
80,,Dental clinic,Canadian Dental Clinic,"1st Flr, Baskin Robbins Bldg, Khalifa St",+97137666696,,,Printable CD-R / Printable DVD-R
80,,Dental clinic,Confident Dental And Skincare Clinic,"Century Plaza, 1st Floor- Office 110, Jumeirah 1, Jumeirah Beach Road",+97143433315,,,Printable CD-R / Printable DVD-R
80,,Dental clinic,Creative Dental Laboratory,Hamdan Str,+97126353314,,,Printable CD-R / Printable DVD-R
80,,Dental clinic,Crossroads Dental Clinic,"Office Number 505, Block A, Centurion Star Towers, Near Deira City Centre, Port Saeed",+971502055450,,,Printable CD-R / Printable DVD-R
80,,Dental clinic,Dablan Dental Clinic,"JVC Bldg, Al Wahda St",+97165592930,,,Printable CD-R / Printable DVD-R
80,,Dental clinic,daVinci Dental Clinic,"Marina Village 1, Break Water, Commercial Area Behind Marina Mall",+97122222616,,,Printable CD-R / Printable DVD-R
80,,Dental clinic,Davis Dental Clinic,"301, Corniche Plaza 1, Al Buhairah",+97165725626,,,Printable CD-R / Printable DVD-R
80,,Dental clinic,Delta Medical Clinic,"204, Al Ghuwair Tower, Bhnd UAE Exchange Centre, Rolla",+97165620404,,,Printable CD-R / Printable DVD-R
80,,Dental clinic,Dental Art Clinic,"Between HSBC Bank & Eppco Gas Station, Jumeirah Beach Rd",+97143952524,,,Printable CD-R / Printable DVD-R
80,,Dental clinic,Dental Hub Clinic,"201, Dusseldorf Business Point, Al Barsha 1",+97145686449,,,Printable CD-R / Printable DVD-R
80,,Dental clinic,Dentaline Clinic,"Green Corner Bldg, Al Rigga St, Deira",+97142277718,,,Printable CD-R / Printable DVD-R
80,,Dental clinic,Diamond Dental Clinic,"104, La Marquise Bldg, Intersection of Salam & Hamdan St",+97126763322,,,Printable CD-R / Printable DVD-R
80,,Dental clinic,Diana Dental Clinic,"406, Al Ghuwair Tower, Bhnd UAE Exchange, Rolla",+97165621777,,,Printable CD-R / Printable DVD-R
80,,Dental clinic,Dr Ali Al Kaissi Dental Clinic,"506, Al Hawai Bldg, Rigga Rd, Deira",+97142680602,,,Printable CD-R / Printable DVD-R
80,,Dental clinic,Dr Biju'S Implantology Dental Clinic,,+97142574295,,,Printable CD-R / Printable DVD-R
80,,Dental clinic,Dr Ehab's Dental Clinic,"Villa 5, St No 8A, Off Al Diyafa Rd, Satwa",+97143461546,,,Printable CD-R / Printable DVD-R
80,,Dental clinic,Dr Joy Dental Clinic,"Villa No. 1021, Al Wasl Road, Umm Suqeim 2, Jumeirah",+97143285332,,,Printable CD-R / Printable DVD-R
80,,Dental clinic,Dr Michael's Dental Clinic,"Villa No 1020, Al Wasl Rd, Umm Suqeim 1, Jumeirah",+97143397700,,,Printable CD-R / Printable DVD-R
80,,Dental clinic,Dr Narriman Nassir Dental Clinic,Deira,+97142397833,,,Printable CD-R / Printable DVD-R
80,,Dental clinic,Dr Pauls Dental Clinic,"Off 101, Al Nasr Plaza, Oud Metha",+97143575783,,,Printable CD-R / Printable DVD-R
80,,Dental clinic,Dr Pauls Dental Clinic LLC,"Al Barajeel Oasis Complex, 47th Street, Mirdif",+97143965822,,,Printable CD-R / Printable DVD-R
80,,Dental clinic,Dr. Ahmed Yousry Specialized Dental  Clinic,"Flat 505, 5th Floorm BelResheed Tower-1, Al Majaz",+97165753344,,,Printable CD-R / Printable DVD-R
80,,Dental clinic,Dr.Namir Subhi Ahmed Dental Clinic,"Al maktoum Road,Al Doha Center,2nd floor flat 202,Near qatar Airways",,,,Printable CD-R / Printable DVD-R
80,,Healthcare,Blue Tree Clinics,"Villa 967, Umm Suqeim 2, Al Wasl Road",+97143488262,,,Printable CD-R / Printable DVD-R
80,yes,Healthcare,Easy Healthcare,"1601, HDS Business Centre, JLT Cluster M",+97145760159,,,Printable CD-R / Printable DVD-R
80,yes,Healthcare,Luxury Wellness Healthcare,Office # 104 - 4 Khalid Bin Al Waleed Rd - Al Souq Al Kabeer,+971505452624,,,Printable CD-R / Printable DVD-R
80,,Healthcare,SecDaddy Information Technology Solutions,"1004 B, 10th Floor, Al Saman Tower, Hamdan Bin Mohammed St, Al Danah, Zone 1",+971585349009,,,Printable CD-R / Printable DVD-R
80,yes,Healthcare,Sidra Healthcare,"Office Number 61, Oasis Center, Al Quoz 1",+97180074372,,,Printable CD-R / Printable DVD-R
80,yes,Healthcare,True Life Home Healthcare,"Office Number 314, Al Nasriya Building, Block A, Al Qusais",+971589477102,,,Printable CD-R / Printable DVD-R
80,yes,Healthcare,Zakha Home Healthcare Centre LLC,"Office 409, Barsha Valley Building, Al Barsha 1",+971457509115,,,Printable CD-R / Printable DVD-R
80,,Healthcare,Ain Al Bayan Pharmacy,"Markhaniya Mall, Shakhboot Bin Sultan Street, Al Markhaniya",+97137804757,,,Printable CD-R / Printable DVD-R
80,yes,Healthcare,Al Khayat General Trading,"Opp Food Strategic Company, Al Quoz 1",+97143388880,,,Printable CD-R / Printable DVD-R
80,yes,Healthcare,Al Shabak General Trading Company LLC,Dubai,+97142587600,,,Printable CD-R / Printable DVD-R
80,yes,Healthcare,Alpha Sens Healthcare LLC,"Level 1, BHS Bldg, Hamdan St",+97126392005,,,Printable CD-R / Printable DVD-R
80,,Healthcare,Cambridge Health Foods,"Al Sala Tower, Shk Zayed Rd",+97143317268,,,Printable CD-R / Printable DVD-R
80,yes,Healthcare,Dubai Healthcare City,"Bhnd Grand Hyatt, Opp Creek Park, Oud Metha Rd",+97143245555,,,Printable CD-R / Printable DVD-R
80,,Healthcare,Elwan Technical Supplies,Airport St,+97126393292,,,Printable CD-R / Printable DVD-R
80,yes,Healthcare,Euromed Trading and Mktg FZCO,"LOB 15, Jebel Ali Free Zone",+97148811514,,,Printable CD-R / Printable DVD-R
80,yes,Healthcare,Global Tech General Trading LLC,Al Nahda,+971555239620,,,Printable CD-R / Printable DVD-R
80,yes,Healthcare,Healthcare Solutions,"803, City Tower 2, Sh Zayed Rd",+97143319144,,,Printable CD-R / Printable DVD-R
80,,Healthcare,Ideal Pharmacy LLC,,+97125511786,,,Printable CD-R / Printable DVD-R
80,,Healthcare,Life Home Health Care,"Al Wasl Rd, Jumeirah",+97143441122,,,Printable CD-R / Printable DVD-R
80,,Healthcare,Morning Star Para Pharma,Abu Dhabi,,,,Printable CD-R / Printable DVD-R
80,yes,Healthcare,New country Healthcare LLC,Dubai,+97143537733,,,Printable CD-R / Printable DVD-R
80,,Healthcare,Proteck Electronic Trading LLC,Dubai,+97143929312,,,Printable CD-R / Printable DVD-R
80,yes,Healthcare,Shalina Healthcare DMCC,"30th Floor, Al Mas Tower, JLT",+97144309111,,,Printable CD-R / Printable DVD-R
80,yes,Healthcare,Sporty Days General Trading LLC,Deira,+97142271966,,,Printable CD-R / Printable DVD-R
76,,IT distributor,Mayflex Middle East,DAFZA,+97147017987,,,Printable CD-R / Printable DVD-R / Printable Blu-ray (BD-R)
76,,Medical centre,Abdul Hadi Eye Center,,+97143807333,,,Printable CD-R / Printable DVD-R
76,,Medical centre,Al Moosa Day Surgery Center,"Villa Number 36, 5B Street, Jumeirah 1",+971521339175,,,Printable CD-R / Printable DVD-R
76,,Medical centre / Clinic,Al Taie Center for Laparoscopic and Obesity Surgery,"Villa 2, Opp Jumeirah Beach Park, Jumeirah Beach Rd, Jumeirah 2",+97143421999,,,Printable CD-R / Printable DVD-R
76,,Medical centre / Healthcare,AVM Labs,"Office Number 6 , Sarya Building, Al Garhoud",+971501304708,,,Printable CD-R / Printable DVD-R
76,,Medical centre,International SOS MEA,Dubai,+97146018888,,,Printable CD-R / Printable DVD-R
76,,Medical centre,National Rehabiliation Centre,Airport Rd,+97124467777,,,Printable CD-R / Printable DVD-R
76,,Medical centre,Riva International Spa and Training Institute,"Flat 1410 - 1411, Mai Tower, 14th Floor, Al Nahda 1",+97142598831,,,Printable CD-R / Printable DVD-R
76,,Medical centre,Vein Care and Surgery Center,"2035, Bldg 64, DHCC",+97144343000,,,Printable CD-R / Printable DVD-R
76,,Medical centre,Wooridul Spine Centre,Shk Zayed Rd,+97143046767,,,Printable CD-R / Printable DVD-R
76,,Clinic,Cornerstone Clinic,,+97142887035,,,Printable CD-R / Printable DVD-R
76,,Clinic,McBody Clinic LLC,"Villa 412, Al Wasl Rd, Jumeirah 2",+97143855552,,,Printable CD-R / Printable DVD-R
74,,Laboratory,Lonestar Technical and Industrial Services LLC OPC,"Lonestar Technical and Industrial Services, ICAD 1 and 3, Mussafah",+97125500767,,,Printable CD-R / Printable DVD-R
74,,Laboratory,Lonestar Technical Services LLC,"DM 215-404, Makani 3517091148, 5th Street, Umm Ramool",+97143243888,,,Printable CD-R / Printable DVD-R
74,,Laboratory,Cotecna Inspection SA,"Office 208, Block A, Al Hudaiba Awards Building, 2nd December Street",+97143455002,,,Printable CD-R / Printable DVD-R
74,yes,Laboratory,Rotarex Middle East FZE,"A-1402, JAFZA One Bldg, Jebel Ali Free Zone",+97148876701,,,Printable CD-R / Printable DVD-R
74,,Laboratory,Strainstall Middle East,Jebel Ali Industrial Area 1,+97148804380,,,Printable CD-R / Printable DVD-R
74,,Laboratory,Advanced Biotechnology Center,"306, Rigga Al Buteen Plaza Bldg, Al Maktoum Rd, Deira",+97142270004,,,Printable CD-R / Printable DVD-R
74,,Laboratory,Suspire LLC,Sharjah,+97145805742,,,Printable CD-R / Printable DVD-R
74,,Laboratory / Healthcare,Technical Scientific Ent,"17th Flr, Lulu Centre Bldg, Salam St",+97126727888,,,Printable CD-R / Printable DVD-R
74,,Dental clinic,"Abbas Hussain Mohd Clinic, Dr","Villa no 2, 138 Al Amanzi Spa, Al Shamkha 17",+97126448181,,,Printable CD-R / Printable DVD-R
74,,Dental clinic,"Adnan Ballout Clinic, Dr","1st Flr, Albanna Plaza Bldg, Jamal Abdul Naser St",+97165551231,,,Printable CD-R / Printable DVD-R
74,,Dental clinic,Advanced American Dental Center,"Near American Community School, Bateen",+97126812921,,,Printable CD-R / Printable DVD-R
74,,Dental clinic,Ahlan Medical Center,Sharjah,+97165523482,,,Printable CD-R / Printable DVD-R
74,,Dental clinic,Al Aahed Medical Centre,"Bhnd Abu Halab Rest, Hilton R/A",+97137642791,,,Printable CD-R / Printable DVD-R
74,,Dental clinic,Al Abrah Clinic,"804, Centurion Star Tower, 34 Street, Port Saeed, Opposite Deira City Center",+97142354422,,,Printable CD-R / Printable DVD-R
74,,Dental clinic,Al Ain Advanced Dental Center,Al Ain,+97137662059,,,Printable CD-R / Printable DVD-R
74,,Dental clinic,Al Dahbi Medical Centre,"1st Flr, Post Office Bldg, M 10, Mussafah",+97125527007,,,Printable CD-R / Printable DVD-R
74,,Dental clinic,Al Fahim Clinic,"Gift Land Bldg, Sabakha Rd, Deira",+97142267157,,,Printable CD-R / Printable DVD-R
74,,Dental clinic,Al Gharafa Medical Centre,"3rd Flr, Ahlia Exchange Bldg, Near UAE Exchange",+97167448322,,,Printable CD-R / Printable DVD-R
74,,Dental clinic,Al Jawhara Medical Center,"16, Al Bana Bldg, Jamal Abdul Nasser Rd",+97165551231,,,Printable CD-R / Printable DVD-R
74,,Dental clinic,"Al Jundi Orthodontic Clinic, Dr","Zayed 1st St, Khalidiya",+97126665357,,,Printable CD-R / Printable DVD-R
74,,Dental clinic,Al Kamal Medical Centre,"Block 'B', Al Jernain Tower, Khalidiya",+97126651464,,,Printable CD-R / Printable DVD-R
74,,Dental clinic,Al Mumtaz Dental Centre,"Flat No: 403 – 404, Building 136, Zayed Bin Sultan Street",+97137646610,,,Printable CD-R / Printable DVD-R
74,,Dental clinic,Al Noaman Dental Centre,"Near All Prints Bldg, Al Nasr St",,,,Printable CD-R / Printable DVD-R
74,,Dental clinic,Al Noor Medical Centre,"Near Murabba R/A, Main St",+97137662072,,,Printable CD-R / Printable DVD-R
74,,Dental clinic,Al Qudwah Clinic,"101, Al Sagaf Fashion Shop Bldg, Near Etisalat Bldg, Electra Rd",+97126214421,,,Printable CD-R / Printable DVD-R
74,,Dental clinic,Al Thuraya Dental and Implant Center,"Airport Rd, Delma St",+97124432209,,,Printable CD-R / Printable DVD-R
74,,Dental clinic,Al Waha Medical Centre,"Opp Baby Park Center, Serkal Building, Main Road, Al Mujarrah",+971569064650,,,Printable CD-R / Printable DVD-R
74,,Dental clinic,Alabama Dental Center,"Al Manara Junction, Al Wasl Rd",+97143948222,,,Printable CD-R / Printable DVD-R
74,,Dental clinic,Alla Din Abu Bakr Clinic,Abu Dhabi,+97172222240,,,Printable CD-R / Printable DVD-R
74,,Dental clinic,American Dental Center,Abu Dhabi,+97126219800,,,Printable CD-R / Printable DVD-R
74,,Dental clinic,"Amiruddin's Clinic, Dr","Near Hor Al Anz Post Office, Deira",+97142691515,,,Printable CD-R / Printable DVD-R
74,,Dental clinic,Appolonia Dental Center,"K M Trading Bldg, Opp Sheraton Residence, Khalidiya",+97126660997,,,Printable CD-R / Printable DVD-R
74,,Dental clinic,Bin Arab Dental Centre,"Office 109, Al Wasl Road, Al Ferdous 4, Al Safa 1",+97143485900,,,Printable CD-R / Printable DVD-R
74,,Dental clinic,Canadian Specialized Dental Center,Dubai,+97144281499,,,Printable CD-R / Printable DVD-R
74,,Dental clinic,Care Well Medical Centre,"1st Flr, Natl Cinema Bldg, Najda St",+97126728966,,,Printable CD-R / Printable DVD-R
74,,Dental clinic,Central Poly Clinic,"641 A, Al Ghurair Centre, Rigga St, Deira",+97142280009,,,Printable CD-R / Printable DVD-R
74,,Dental clinic,Clover Medical Centre,"Al Ahli House, Al Amman Street, Al Nahda 2",+97142633655,,,Printable CD-R / Printable DVD-R
74,,Dental clinic,Cosmedent Clinic,Dubai,+97143454414,,,Printable CD-R / Printable DVD-R
74,,Dental clinic,Counselling and Dev Clinic,"Villa No 415A, Opp Jumeirah Park, Jumeirah 3",+97143946122,,,Printable CD-R / Printable DVD-R
74,,Dental clinic,Crystal Family Dental Care,Chocolala Bldg,+971526854700,,,Printable CD-R / Printable DVD-R
74,,Dental clinic,Daou Dental Centre,"3, Avis Bldg, Opp ABN Amro Bank, Istiqlal St",+97126311399,,,Printable CD-R / Printable DVD-R
74,,Dental clinic,Dentacare Clinic,"202, Bin Moosa Tower, Opp Liwa Centre, Hamdan St",+97126270527,,,Printable CD-R / Printable DVD-R
74,,Dental clinic,Dental Studio,Sheikh Zayed Road,,,,Printable CD-R / Printable DVD-R
74,,Dental clinic,Doctors Medical Centre,"Thomas Cook Al Rostamani Bldg, Al Arouba St, Rolla",+97165632100,,,Printable CD-R / Printable DVD-R
74,,Dental clinic,Dr Mansoori Clinic,Bhnd Deira City Centre,+97142989995,,,Printable CD-R / Printable DVD-R
74,,Healthcare,DNA Labs UAE,"Office Number 3506, Jumeirah Lake Towers, One Lake Plaza",+971545488731,,,Printable CD-R / Printable DVD-R
74,,Healthcare,Dr Daniel Serralta,"Hessa Street 331, West Al Barsha 3",+971568054323,,,Printable CD-R / Printable DVD-R
74,,Healthcare,DRFK Turkish International Day Surgery Center LLC,"Villa 2, Al Athar Street, Jumeirah 3",+971588414334,,,Printable CD-R / Printable DVD-R
74,,Healthcare,Savan Specialist Oncall Doctor,"The Dome, 1003 Cluster N , Jumeirah Lake Towers",+971589089025,,,Printable CD-R / Printable DVD-R
74,,Healthcare,Al Zafeer Building Material,"Near Al Nakheel Center, Al Nakheel Rd, Deira",+97142282412,,,Printable CD-R / Printable DVD-R
74,,Healthcare,"Body Shop, The","1st Flr, Jimmy Centre, Opp Carrefour",+97137629955,,,Printable CD-R / Printable DVD-R
74,,Healthcare,Cellogique,"West Wing 2, DAFZA",+97142998550,,,Printable CD-R / Printable DVD-R
74,yes,Healthcare,Emirates Wet Wipes FZCO,Jebel Ali Free Zone,+97148813131,,,Printable CD-R / Printable DVD-R
74,,Healthcare,Energy Life LLC,"21B, Zomorradah Bldg, Zabeel Rd, Karama",+97143346660,,,Printable CD-R / Printable DVD-R
74,,Healthcare,Haiden Group,"Q106 / 67, SAIF Zone",+97165258985,,,Printable CD-R / Printable DVD-R
74,,Healthcare,"Himalaya Drug Company LLC, The","4, Block B, DAFZA",+97142045455,,,Printable CD-R / Printable DVD-R
74,,Healthcare,K 2 O,Shk Zayed Rd,+97143211440,,,Printable CD-R / Printable DVD-R
74,,Healthcare,Kalium,Garhood,+97142822209,,,Printable CD-R / Printable DVD-R
74,,Healthcare,Lamcy Korea,"Al Fahidi Heights, Deira",+971562857505,,,Printable CD-R / Printable DVD-R
74,,Healthcare,Roche,,+97148169002,,,Printable CD-R / Printable DVD-R
74,,Healthcare,Silk Route Beauty Products,"Near R/A 6, Jebel Ali Free Zone",+97148812000,,,Printable CD-R / Printable DVD-R
74,,Healthcare,Smart Cells International Limited,Dubai,+97144298382,,,Printable CD-R / Printable DVD-R
74,,Healthcare,SouKare,"Office 610, Pinnacle Building, Sheikh Zayed Road, Al Barsha 1",+971506767020,,,Printable CD-R / Printable DVD-R
74,yes,Healthcare,South Sea Creation FZCO,,+97143687257,,,Printable CD-R / Printable DVD-R
74,,Healthcare,VLCC International LLC,,+97143435633,,,Printable CD-R / Printable DVD-R
74,,Healthcare,Wharf International,Dubai,,,,Printable CD-R / Printable DVD-R
68,,Hospital / Clinic,Obagi Dermatology And Cosmetic Center,"11th St, Karamah",+97124457100,,,Printable CD-R / Printable DVD-R
68,,Dental clinic,CosmeSurge,"Next to Emirates Hospital, Opp Jumeirah Beach Park, Jumeirah Beach Rd",+97143445915,,,Printable CD-R / Printable DVD-R
68,,Dental clinic,Dent Care,Dubai,+97144370111,,,Printable CD-R / Printable DVD-R
68,,Dental clinic,Dentsply IH GmbH,Deira,+97142212979,,,Printable CD-R / Printable DVD-R
68,,Dental clinic,Dr (Mrs) Dina Abdulla Hmeid,"107, 1st Flr, Al Otaibeh Bldg, Net Care Clinic, Al Dhiyafah St, Satwa",+97143988838,,,Printable CD-R / Printable DVD-R
68,,Dental clinic,Dr Fayez Omar Al Basha,"Villa 43, Near Mercato, Jumeirah Beach Rd",+97143499977,,,Printable CD-R / Printable DVD-R
66,yes,Photography / photo studio,Athera Media LLC,"Shams Free Zone Business Center, Al Dhaid",+971562733370,,,Printable CD-R / Printable DVD-R
66,,Photography / photo studio,CCMedia,Al Dasti Building,+971509359114,,,Printable CD-R / Printable DVD-R
66,yes,Photography / photo studio,HD Digital Media Co.LLC,Tamani Arts Offices - Business Bay,+971545406299,,,Printable CD-R / Printable DVD-R
66,,Photography / photo studio,Magic Music Instruments Trading LLC,"Al Khezammia, Al Wasit St",+97165384340,,,Printable CD-R / Printable DVD-R
66,,Photography / photo studio,Najmat Al Fedda Photographs Production SOC,"Marasi Drive Street, Business Bay",+971504149018,,,Printable CD-R / Printable DVD-R
66,yes,Photography / photo studio,Nexus Media FZ LLC,Dubai,+97142767265,,,Printable CD-R / Printable DVD-R
66,yes,Photography / photo studio,Nineteen Media for Advertisement and Conference,"Building 193, Near Desco Center, M35, Musaffah",+971568981914,,,Printable CD-R / Printable DVD-R
66,,Photography / photo studio,SGPLEX Photography LLC FPC,"Office Number C-9 1, Al Safeer",+971502439221,,,Printable CD-R / Printable DVD-R
66,,Photography / photo studio,Artur Ismailov Photography,Dubai,+971564695337,,,Printable CD-R / Printable DVD-R
66,yes,Photography / photo studio,Chillys Media,Umm Hurair Road,+97142632221,,,Printable CD-R / Printable DVD-R
66,,Photography / photo studio,Imagio Kodak Photo Studio,"Shop # 5, Talal 11 Bldg, Al Barsha 1",+97143959004,,,Printable CD-R / Printable DVD-R
66,,Photography / photo studio,Imprint Photo Studio,"Shop Number 9, One Lake Plaza, Cluster T, JLT",+97144232654,,,Printable CD-R / Printable DVD-R
66,,Photography / photo studio,Kamalzaza Photography,,+97143975069,,,Printable CD-R / Printable DVD-R
66,,Photography / photo studio,Masoud Raoufi Photography Services LLC,"Office Number 312, The Metropolis Tower, Bay Sq, Business Bay",+971557427206,,,Printable CD-R / Printable DVD-R
66,yes,Photography / photo studio,Media Partners Middle East FZ LLC,Media City,,,,Printable CD-R / Printable DVD-R
66,,Photography / photo studio,Photographya Studio,"Opp Arab Bank, Al Nasr St",+97126335550,,,Printable CD-R / Printable DVD-R
66,,Photography / photo studio,Pravda Photograghy,,+97126660696,,,Printable CD-R / Printable DVD-R
66,,Photography / photo studio,Quick Photo Studio LLC,Dubai,+97143558282,,,Printable CD-R / Printable DVD-R
66,,Photography / photo studio,Shararh Photo Studio Est,"Shop No. 03, I-10, Morocco Cluster, International City",+971551509727,,,Printable CD-R / Printable DVD-R
66,yes,Photography / photo studio,Rashid Bahattab Media Production,"Street 16, Al Shamkha",+971551941751,,,Printable CD-R / Printable DVD-R
62,,Laboratory,Flexiflo Corporation,JAFZA,+97148838131,,,Printable CD-R / Printable DVD-R
62,,Recording studio,Ibcad Computer Software House,"Near Muraqabat Police Stn, Deira",+97142667110,,,Printable CD-R / Printable DVD-R
62,yes,Recording studio,Ween Media Productions FZE,Dubai,,,,Printable CD-R / Printable DVD-R
60,,Photography / photo studio,Rainlight Events and Exhibition,"Business Center, Level 8 W, Bab Al Qasr Hotel, Corniche Road",+97126319090,,,Printable CD-R / Printable DVD-R
60,,Photography / photo studio,C and D Decor Works SPS LLC,Ajman,+97165206958,,,Printable CD-R / Printable DVD-R
60,,Photography / photo studio,Convert Digital Marketing Management Co LLC,"Office 12, Nadd Al Hammar Road",+971547817988,,,Printable CD-R / Printable DVD-R
60,,Photography / photo studio,Al Mashriq Studio,"Near Madina Hypermarket, Opposite Rainbow Steak House, Al Yarmook Area",+971564734640,,,Printable CD-R / Printable DVD-R
60,,Photography / photo studio,Audience Pool Portal LLC,,+971551124617,,,Printable CD-R / Printable DVD-R
60,yes,Photography / photo studio,Cineflux FZ LLC,"Al Hawai Building, Barsha Heights",+971509543885,,,Printable CD-R / Printable DVD-R
60,yes,Photography / photo studio,Ertekaaz Global FZC,"Studio Ertekaaz, Sheikh Zayed Road",+971564123792,,,Printable CD-R / Printable DVD-R
60,,Photography / photo studio,Hollywood Studio LLC,CityWalk Mall,+971564941099,,,Printable CD-R / Printable DVD-R
60,,Photography / photo studio,Imagix Productions,Dubai,+971555067841,,,Printable CD-R / Printable DVD-R
60,,Photography / photo studio,Logo and Co,Khalifa City,+971529066449,,,Printable CD-R / Printable DVD-R
60,,Photography / photo studio,Purple Star Studio,Dubai,,,,Printable CD-R / Printable DVD-R
60,,Photography / photo studio,Show Entertainment and Art Production,"GR-51, New Al Safiya Bldg, Abu Hail Rd, Deira",+97142626989,,,Printable CD-R / Printable DVD-R
60,,Photography / photo studio,Sound Frame,Al Jafiliya,+971544021081,,,Printable CD-R / Printable DVD-R
60,,Photography / photo studio,Time Line Studio LLC,Karama,+971503187037,,,Printable CD-R / Printable DVD-R
60,,Photography / photo studio,Western Studio,Muweilah,+97165791777,,,Printable CD-R / Printable DVD-R
60,,Photography / photo studio,World Happiness Code Global,"Office Number 2804, Aspin Commercial Tower, Sheikh Zayed Road",+971502955504,,,Printable CD-R / Printable DVD-R
60,,Photography / photo studio,Al Lahdha Studio,"Near National Paints, Industrial Area 10",+971553848520,,,Printable CD-R / Printable DVD-R
60,,Photography / photo studio,Al Sanable Studio LLC,"3rd I/Change, Al Quoz",+97143414688,,,Printable CD-R / Printable DVD-R
60,,Photography / photo studio,Al Sholah Studio and Stores,,+97137816226,,,Printable CD-R / Printable DVD-R
60,,Photography / photo studio,ALS Events Services,"652, Tamani Arts Offices Tower, Assayel Road, Business Bay",+97145835959,,,Printable CD-R / Printable DVD-R
60,,Photography / photo studio,Dias Studio LLC,Business Bay,+97145875989,,,Printable CD-R / Printable DVD-R
60,,Photography / photo studio,Digitally,,+97143343818,,,Printable CD-R / Printable DVD-R
60,,Photography / photo studio,Joy Studio LLC,"Shop 12, Al Nasar Plaza Building, Oud Metha",+97143965452,,,Printable CD-R / Printable DVD-R
60,,Photography / photo studio,Ruby Digital Studio,,+97126420081,,,Printable CD-R / Printable DVD-R
60,,Photography / photo studio,Ston Agency,,+971554515569,,,Printable CD-R / Printable DVD-R
60,,Photography / photo studio,W Studio Still & Motion Capturing,,+97144572845,,,Printable CD-R / Printable DVD-R
60,,Photography / photo studio,Wow Shoots,"Office # 04, 12 A Flr, Damac Smart Heights, Al Barsha",+971509085967,,,Printable CD-R / Printable DVD-R
60,,Photography / photo studio,WSF Creative LLC,Dubai,,,,Printable CD-R / Printable DVD-R
60,,Photography / photo studio,Fabrica Studios Film Development LLC,Dubai,+971585680830,,,Printable CD-R / Printable DVD-R
60,yes,Photography / photo studio,Pixel Craft Digital Studio FZCO,Dubai,+97145536103,,,Printable CD-R / Printable DVD-R
60,,Photography / photo studio,Wilson Studio,Dubai,,,,Printable CD-R / Printable DVD-R
60,,Photography / photo studio,Al Musawir Al Mumtaz Studio,"Al Taawun Street, Al Khalidiya District",+97165520449,,,Printable CD-R / Printable DVD-R
60,,Photography / photo studio,Fotone Studio,"102, Bin Thryam Building, Industrial Area 1",+971542868215,,,Printable CD-R / Printable DVD-R
60,,Photography / photo studio,Souk Studio,"Gate Number 3, Gold Souk, Behind Baskin Robins Icecream Parlour, Deira",,,,Printable CD-R / Printable DVD-R
56,,Recording studio,Ajman Independent Studios LLC,Ajman,+97167038000,,,Printable CD-R / Printable DVD-R
56,,Recording studio,Funoon Ali Emarat for Artistic Production and Distbn LLC,"Opp GPO, Karama",+97143348800,,,Printable CD-R / Printable DVD-R
56,,Recording studio,Hum FM,"G Flr, Al Hamra Cinema Bldg, Next to Lulu Centre, Rolla",+97165651919,,,Printable CD-R / Printable DVD-R
56,,Recording studio,Sameera Recording,"Bhnd Meena Bazar, Main St",+97137665468,,,Printable CD-R / Printable DVD-R
56,,Recording studio,Simorgh Studio,"Office Number 711, 7th Floor, Tamani Arts Offices, Business Bay",+971585451060,,,Printable CD-R / Printable DVD-R
56,,Recording studio,Studio9 Productions And Events,"403, Al Attar Shopping Center, Karama",+97143909396,,,Printable CD-R / Printable DVD-R
56,,Recording studio,Tambi Studios,"Suite B52, Zomorrodah Bldg, Karama",+97143356064,,,Printable CD-R / Printable DVD-R
56,,Recording studio,U A E Radio Ajman Channel 4 Network,"Al Bader St, Nuaimiah",+97167465000,,,Printable CD-R / Printable DVD-R
48,,Photography / photo studio,Al Hazm Typing and Travel,Mussafah M-37,+971585339699,,,Printable CD-R / Printable DVD-R
48,,Photography / photo studio,Orange Advertising and Publishing,"Office 1605, Tabarak Tower, Corniche Road, Taawun",+971505891278,,,Printable CD-R / Printable DVD-R
