part,country,iso2,company,city,segment,product,bulk,rating,verdict,website,contact,wants,posted,why_fit,SOURCE_url
2-buyer,China,CN,"Ningbo Jintian Copper (Group) Co., Ltd.","Ningbo, Zhejiang","One of China's largest copper processing groups (SSE:601609). Fabricates copper tube, rod, wire, strip, plate, busbar, brass/bronze alloys and enameled wire.",Cu,yes,9.5,confirmed,jtcopper.com,service@jtgroup.com.cn,,,Massive fabricator that consumes copper cathode/ingot as raw feedstock for rod/tube/wire lines. Prime bulk cathode buyer.,https://jtcopper.com/company-profile/
2-buyer,China,CN,"Zhejiang Hailiang Co., Ltd. (Hailiang Group)","Zhuji, Zhejiang","World-scale copper tube, pipe, bar, fittings and busbar manufacturer supplying HVAC/refrigeration (Daikin, Carrier, LG etc.).",Cu,yes,9.3,confirmed,hailiang.com,copper@hailiang.com,,,High-volume copper tube/rod mill; consumes copper cathode as its core raw material. Textbook cathode buyer.,https://www.hailiang.us/
2-buyer,China,CN,Golden Dragon Precise Copper Tube Group Inc.,"Xinxiang, Henan","World's largest precision (ACR) copper tube maker; also copper strip, enameled wire and conductors. On China's 500 Largest Enterprises list (2025).",Cu,yes,9,confirmed,gdcopper.com,,,,Enormous copper tube fabricator consuming cathode/ingot at scale. Strong bulk buyer.,https://www.gdcopper.com/
2-buyer,China,CN,"Far East Cable Co., Ltd.","Yixing, Jiangsu","Top-tier Chinese wire & cable manufacturer (power cables, marine cables, optical). Part of Far East Holding Group.",Cu,yes,8.8,confirmed,fe-cable.com,,,,Major cable maker; copper conductor draws heavily on cathode/wire-rod. Bulk copper consumer.,http://en.fe-cable.com/
2-buyer,China,CN,"Hengtong Group Co., Ltd.","Suzhou, Jiangsu","China's largest power & optical cable manufacturer (~25% domestic share); has a dedicated copper materials segment (rod, strip) plus HV/EHV and submarine power cables.",Cu,yes,8.8,confirmed,hengtonggroup.com,,,,Power-cable major with in-house copper rod/strip production - direct cathode consumer at large scale.,https://www.hengtonggroup.com/en/
2-buyer,China,CN,"Zhongtian Technology Group (ZTT / Jiangsu Zhongtian Technology Co., Ltd.)","Nantong, Jiangsu","Large diversified cable and conductor manufacturer (SSE:600522); power cables, special conductors, submarine cables.",Cu,yes,8.5,confirmed,zttgroup.com,,,,Cable/conductor major consuming copper for conductors; strong bulk cathode/wire-rod buyer.,https://www.zttgroup.com/
2-buyer,China,CN,"Tongling Jingda Special Magnet Wire Co., Ltd. (Jingda)","Tongling, Anhui","One of the world's leading enameled / magnet (winding) wire manufacturers for motors, transformers and appliances.",Cu,yes,8.5,confirmed,jingdawire.com,,,,Magnet-wire maker; copper is the base metal for enameled wire - continuous cathode/rod consumer.,https://www.jingdawire.com/about-us/
2-buyer,China,CN,"Ningbo Xingye Shengtai Group Co., Ltd. (Xingye Alloy Materials)","Ningbo, Zhejiang","Leading high-precision copper alloy plate & strip maker (phosphor bronze, cupronickel, brass); parent listed HK:00505. ~80,000 t/yr capacity.",Cu,yes,8,confirmed,cn-shine.com,,,,Copper-alloy strip mill; consumes copper cathode plus alloying metals. Solid bulk buyer.,http://www.cn-shine.com/en/
2-buyer,China,CN,"Anhui Xinke New Materials Co., Ltd.","Wuhu, Anhui","Copper alloy strip maker (SSE:600255): copper-iron alloy strip, tin-plated copper alloy strip, brass strip, phosphor bronze; owns Xinke Copper.",Cu,yes,7.8,plausible,ahxinke.com,,,,Copper strip/alloy fabricator consuming cathode. Real listed company; site was bot-walled/unreachable at fetch time.,http://www.ahxinke.com/english.html
2-buyer,China,CN,"GRIKIN Advanced Materials Co., Ltd. (GRINM subsidiary)",Beijing,China's largest high-purity metal sputtering-target maker; produces 6N high-purity copper and copper sputtering targets/evaporation materials for semiconductors/electronics.,Cu,,7.5,plausible,grikin.com,,,,Ideal buyer for the 5N high-purity copper channel (electronics-grade / sputtering-target feedstock). Real GRINM subsidiary; site refused connection at fetch time.,http://en.grikin.com/class/view?id=2
2-buyer,China,CN,"TBEA Co., Ltd.","Changji, Xinjiang","Power transmission & transformation equipment: transformers, reactors, power cable + new energy",Cu,yes,4,confirmed,https://www.tbea.com,,,,Transformer and power-cable maker consuming copper wire/rod/strip,https://www.tbea.com
2-buyer,China,CN,China Minmetals Corporation,Beijing,State-owned metals & minerals trade/logistics group; large non-ferrous incl. copper trading arm,Cu,yes,4,confirmed,https://www.minmetals.com,,,,Major metals trading house that imports and trades copper cathode/concentrate,https://www.minmetals.com
2-buyer,China,CN,Xiamen C&D Inc. (Nonferrous Metals & Resources Group),"Xiamen, Fujian","Fortune-500 supply-chain group; non-ferrous/copper trading & import, ~1.6M t/yr copper concentrate processing",Cu,yes,4,confirmed,https://www.chinacnd.com,,,,Major copper commodity trader/importer sourcing cathode & concentrate globally,https://www.chinacnd.com/en/business.html
2-buyer,China,CN,"Ningbo Boway Alloy Material Co., Ltd.","Ningbo, Zhejiang","Copper-alloy strip/bar/wire maker (Cu-Cr-Zr, Cu-Ni-Sn, phosphor bronze etc.); SSE 601137",Cu,yes,4,plausible,https://www.bowayalloy.com,,,,High-performance copper-alloy mill consuming copper cathode; site JS/bot-walled,https://www.bowayalloy.com/en/goods/products.html
2-buyer,China,CN,Maike Group (Xi'an Maike Metal International),"Xi'an, Shaanxi",One of China's largest copper importers/traders (~25% of refined copper imports; long Glencore ties),Cu,yes,4,plausible,https://www.maikegroup.com,,,,Top-tier copper cathode importer/trading house; site refused connection but company is real and named,https://www.maikegroup.com/pages_65.html
2-buyer,China,CN,"Zhejiang Wanma Co., Ltd. (002276)","Hangzhou (Lin'an), Zhejiang","Top-10 Chinese power cable & wire manufacturer (up to 500kV), copper-core cables/conductors",Cu,yes,4,plausible,http://en.wanmaelec.com,,,,Large cable maker consuming copper conductor; site timed out but company is listed and real,http://en.wanmaelec.com/
2-buyer,China,CN,"Tianjin Ruiyuan Electrical Materials Co., Ltd.",Tianjin,"Enameled round/rectangular copper winding wire manufacturer, Jinnan District, Tianjin, since 2002",Cu,yes,4.3,confirmed,rvyuan.com,info@rvyuan.com,,,,
2-buyer,China,CN,"Hebei Huatong Wires & Cables Group Co., Ltd.","Tangshan, Hebei","Power/electric cable manufacturer, Tangshan, Hebei — Shanghai Stock Exchange listed (605196)",Cu,yes,4.7,plausible,htcable.cn,,,,,
2-buyer,China,CN,"Hebei Qinfeng Wire and Cable Co., Ltd.","Xingtai, Hebei","Power/control cable manufacturer, Ningjin County, Xingtai, Hebei (China's wire & cable production base)",Cu,yes,4.2,confirmed,qinfongcable.com,,,,,
2-buyer,China,CN,"Hebei Zhaoxin Cable Co., Ltd.","Xingtai, Hebei","Plastic/rubber/special (mining, fire-resistant) cable manufacturer, Ningjin County, Xingtai, Hebei",Cu,yes,4,plausible,made-in-china.com,,,,,
2-buyer,China,CN,"Hebei Leixing Power Equipment Co., Ltd.","Cangzhou, Hebei","Copper busbar / power cable / lightning-protection & grounding equipment manufacturer, Cangxian, Hebei",Cu,yes,3.6,plausible,b2bdata.baidu.com,,,,,
2-buyer,China,CN,"Tianjin Winning Metals (Tianjin Yiquanliang Metal Co., Ltd.)",Tianjin,"JV (est. 2004) cutting/processing high-precision copper and aluminum strips for transformers, Tianjin",Cu,yes,4.1,confirmed,winningmetals.com,,,,,
2-buyer,China,CN,"Handan Shengxiang Metal Products Co., Ltd.","Handan, Hebei","Aluminum/aluminum alloy, cathode copper, zinc alloy manufacturer & trader, Handan, Hebei",Cu,yes,3.3,plausible,tradekey.com,,,,,
2-buyer,China,CN,"Hebei Jukuang Metal Materials Sales Co., Ltd.",Hebei,"Copper scrap wire, waste aluminum wire, zinc ingot, electrolytic copper and aluminum ingot supplier",Cu,yes,3.1,plausible,tradewheel.com,,,,,
2-buyer,China,CN,"Hebei Congjin Metal Material Sales Co., Ltd.",Hebei,"Copper cathode manufacturer/trader plus copper wire scrap and zinc ingot supplier, Hebei",Cu,yes,3,plausible,hbcongjin.en.made-in-china.com,,,,,
2-buyer,China,CN,"Hebei Meihong Trading Co., Ltd.",Hebei,"Copper cathode manufacturer/trader, aluminum scrap and zinc ingot supplier, Hebei",Cu,yes,3,plausible,hbmeihong.en.made-in-china.com,,,,,
2-buyer,China,CN,"Hebei Xunlin Metal Material Co., Ltd.",Hebei,"Copper cathode / copper plate manufacturer and trader, Hebei",Cu,yes,3,plausible,xl-metal.en.made-in-china.com,,,,,
2-buyer,China,CN,"Shanghai Zhiying Nonferrous Metals Co., Ltd.","Baoshan District, Shanghai","Copper processor / trader (oxygen-free copper tape, foil, plate, tube, rod); top-10 SMM copper trader",Cu,yes,3,plausible,news.metal.com,,,,,
2-buyer,China,CN,Shihang Pipes (Shanghai Shihang Special Pipe Co.),"Qidong, Nantong, Jiangsu","Copper-nickel alloy pipe/tube manufacturer (CuNi 90/10, 70/30), founded Shanghai 1996",Cu,yes,3,confirmed,shihangpipes.com,sales@shshihang.com,,,,
2-buyer,China,CN,"Shanghai Changjin Metal Product Co., Ltd.",Shanghai,Copper pipe/tube/plate/coil distributor-processor (subsidiary of Asia Metal Holdings Group),Cu,yes,3,confirmed,cj-metals.com,,,,,
2-buyer,China,CN,Shanghai Metal Corporation,Shanghai,"Metal supplier/manufacturer/trader — copper foil, copper tube, copper products",Cu,yes,4,plausible,shanghaimetal.com,,,,,
2-buyer,China,CN,"Nilo (Shanghai) Metal Trading Co., Ltd.","Pudong, Shanghai","Nonferrous metal import/export trading company (aluminum, copper, brass, alloys)",Cu,yes,3,plausible,nilometal.en.made-in-china.com,,,,,
2-buyer,China,CN,"Shanghai Zhj Technologies Co., Ltd.","Songjiang, Shanghai","Copper strip, foil, sheet, tube, bar manufacturer (incl. brass/bronze alloys) for 5G/EV/rail",Cu,yes,3,confirmed,cnzhj.com,,,,,
2-buyer,China,CN,Goldenmax International Group Ltd.,"Songjiang, Shanghai",Copper-clad laminate (CCL) manufacturer for PCB/electronics (SZSE:002636); consumes copper foil,Cu,yes,4,plausible,goldenmax.com.cn,,,,,
2-buyer,China,CN,"Shanghai Shenghua Cable (Group) Co., Ltd.","Pudong, Shanghai",Power/control cable manufacturer with own copper conductor base; acquired Jiangxi Haiyan Copper,Cu,yes,4,confirmed,shanpowercable.com,export@shancable.cn,,,,
2-buyer,China,CN,"Shanghai Aein Wire & Cable Co., Ltd.","Fengxian District, Shanghai","Wire & cable manufacturer (power, control, robot, wind, marine cables), 500+ models",Cu,yes,3,plausible,aeincable.en.made-in-china.com,,,,,
2-buyer,China,CN,"Baosheng (Shanghai) Wire Cable Technology Co., Ltd. / Baosheng Group","Jinshan District, Shanghai","Wire & cable manufacturer (AVIC-affiliated group founded 1985), R&D/marketing HQ Shanghai, plants Jiangsu",Cu,yes,4,plausible,baoshengcable.com,,,,,
2-buyer,China,CN,"Jiangsu Zhongtian Technology Co., Ltd. (ZTT)","Nantong, Jiangsu","Cable/conductor manufacturer (power cables, special conductors, submarine cable) (SSE:600522)",Cu,yes,4,confirmed,ztt.cn,,,,,
2-buyer,China,CN,"Jiangsu Yuheng Electric Co., Ltd.","Haian, Jiangsu",Enameled/winding (magnet) copper wire manufacturer,Cu,yes,3,plausible,yuhengelectric.com,,,,,
2-buyer,China,CN,"Wuxi Ascent Loyal Copper Co., Ltd.","Wuxi, Jiangsu","Precision brass and copper-nickel tube manufacturer, HK-invested",Cu,yes,3,plausible,wxjialong.goldsupplier.com,,,,,
2-buyer,China,CN,"Wuxi Taixie Metal Material Co., Ltd.","Wuxi, Jiangsu",Copper alloy and bronze rod/bar manufacturer,Cu,,2,plausible,taixie.en.made-in-china.com,,,,,
2-buyer,China,CN,"Huaruo (Shanghai) Industrial Co., Ltd.",Shanghai,Copper cathode / copper products supplier and import/export trading company,Cu,yes,2,confirmed,huaro-shanghai.com,,,,,
2-buyer,China,CN,"Jiangxi Jinla Copper Foil Co., Ltd.",Jiangxi,Copper foil/wire/strip/plate manufacturer,Cu,,2,plausible,jinla-copperfoil.en.made-in-china.com,,,,,
2-buyer,China,CN,"Nanya New Material Technology Co., Ltd. (Shanghai)","Jiading, Shanghai",Copper-clad laminate and prepreg manufacturer (copper-foil-consuming electronics materials),Cu,yes,3,plausible,pcbaaa.com,,,,,
2-buyer,China,CN,"Qingdao Hongtai Copper Co., Ltd.","Pingdu, Qingdao","Copper tube mill (AC/refrigeration, water & medical gas pipe) — Shandong's largest, ~75,000 mt/yr",Cu,yes,4.7,confirmed,en.hongtai-copper.com,sales@hongtai-copper.com,,,,
2-buyer,China,CN,"Shandong Yanggu Cable Group Co., Ltd.","Yanggu, Liaocheng","National large-scale wire & cable group (rod/wire, power, specialty, overhead conductor), own copper division",Cu,yes,4.5,confirmed,ygdl.com,,,,,
2-buyer,China,CN,"Shandong Xinhui Copper Materials Co., Ltd.",Shandong,"HKEX-listed copper alloy manufacturer — copper contact wire, alloy copper rod/casting products",Cu,yes,4.4,plausible,sdxinhui.net,,,,,
2-buyer,China,CN,"Shandong Hongye Metal Materials Co., Ltd.",Liaocheng,"Copper/copper-alloy trading & processing (tubes, busbars, plates, rods), 5,000-10,000t standing inventory",Cu,yes,4.2,plausible,sdhongye.en.made-in-china.com,,,,,
2-buyer,China,CN,"Shandong Huilong Electrical Material Co., Ltd.",Dezhou,"Enameled/magnet winding wire manufacturer (copper & aluminum), est. 1970, ~12,000t/yr capacity",Cu,yes,4.3,confirmed,enameled-wires.com,info@enameled-wires.com,,,,
2-buyer,China,CN,"Qingdao StarGood Nonferrous Metal Co., Ltd.",Qingdao FTZ,"Copper busbar manufacturer (0.3-100mm), bending/welding/cutting, 5,000+ ton supply capacity",Cu,yes,4,plausible,cn-nonferrousmetal.com,s@cn-nonferrousmetal.com,,,,
2-buyer,China,CN,"Shandong Huazhu Metal Manufacture Co., Ltd.",Jinan FTZ,"Copper tube manufacturer/trader (B280, C12200, C2400 grades for AC/refrigeration)",Cu,yes,3.9,plausible,huazhusteel.en.made-in-china.com,,,,,
2-buyer,China,CN,Shandong Jurong Steel Limited,Shandong,"Multi-metal manufacturer — copper plate/tube/bar/wire/coil, est. 2015, exports 80+ countries",Cu,yes,3.8,confirmed,jurong-steel.com,jesse@sdjrsteel.com,,,,
2-buyer,China,CN,"Jinan Xiyu International Trade Co., Ltd.",Jinan,"Cathode copper & electrolytic copper import/export trading company, bases in Africa/China/Russia",Cu,yes,3.9,plausible,xiyugroup.goldsupplier.com,,,,,
2-buyer,China,CN,"Shandong Baotai Steel Co., Ltd.",Jinan,"Copper/bronze/brass coil, plate and cathode copper supplier; steel industry group, Jinan",Cu,yes,3.8,plausible,sdbaotai.en.made-in-china.com,,,,,
2-buyer,China,CN,"Shandong Ying Yi Import and Export Co., Ltd.",Liaocheng,"Copper plate/pipe/strip/bar/rod processor and trader, est. 2018",Cu,yes,3.7,confirmed,sdyymetals.com,,,,,
2-buyer,China,CN,"Shandong Fengshen Metal Products Co., Ltd.",Liaocheng,"Aluminum & brass/copper tube manufacturer (plates, tubes, profiles, brass products, copper tube)",Cu,yes,3.6,confirmed,zgfsjs.com,max@zgfsjs.com,,,,
2-buyer,China,CN,"Shandong Dongtai Copper Industry Co., Ltd.",Rizhao,"High-strength, high-conductivity copper alloy R&D/production — copper rod, tube and alloy materials",Cu,yes,3.6,plausible,dongtaitongye.com,,,,,
2-buyer,China,CN,"Shandong Zayi Steel Co., Ltd.",Liaocheng,"Copper pipe/rod/plate trader and manufacturer, government-approved import/export trading company",Cu,yes,3.4,plausible,sdzayisteel.en.made-in-china.com,,,,,
2-buyer,China,CN,"Shandong Zehao Metal Materials Co., Ltd.",Liaocheng,"Multi-metal (titanium, zirconium, tungsten, molybdenum, copper, lead, aluminum) processor and trader",Cu,,3.2,plausible,sdzehao.en.alibaba.com,,,,,
2-buyer,China,CN,"Shandong Huijian Metal Material Co., Ltd.",Shandong,"Metal manufacturer/trader of brass, copper and non-ferrous metals, exports to 20+ countries",Cu,,3.3,plausible,huijian-steel.com,,,,,
2-buyer,China,CN,"Shandong Jinbaicheng Metal Materials Co., Ltd.",Liaocheng,"Copper rod manufacturer (C2600 H60-H68 brass/copper grounding rod), est. 2010, 50,000 sqm plant",Cu,yes,3.5,plausible,sdjbcmetal.com,,,,,
2-buyer,China,CN,"Shandong Yien Import and Export Co., Ltd.",Tai'an,"Metal materials supplier/trader — copper, aluminum, zinc, with a dedicated copper cathode product line",Cu,yes,3.4,plausible,shandongyien.com,,,,,
2-buyer,China,CN,"Zhejiang Grandwall Electric Science & Technology Co., Ltd.",Huzhou,"Enameled copper/magnet winding wire manufacturer (603897.SH), top-3 China magnet-wire, 230,000 t/yr",Cu,yes,5,plausible,grandwall.en.made-in-china.com,,,,,
2-buyer,China,CN,"Wenzhou JOGO Imp & Exp Co., Ltd. (JOGO Group)",Wenzhou,"Magnet/enameled winding wire manufacturer, 50,000sqm plant, 70,000t/yr, exports 110+ countries",Cu,yes,5,confirmed,cnmagnetwire.com,karen@cnmagnetwire.com,,,,
2-buyer,China,CN,"Ningbo Jintian New Material Co., Ltd.",Ningbo,"Enameled copper wire manufacturer since 1995, one of China's largest enamel wire makers",Cu,yes,5,plausible,jtem.goldsupplier.com,,,,,
2-buyer,China,CN,"Zhejiang Tianhe Copper Industry Co., Ltd.",Yongkang,"Copper coil/busbar/tube/rod/sheet/strip processor, est. 1999, manufacturer+trading",Cu,yes,4,plausible,tianhecopper.en.made-in-china.com,,,,,
2-buyer,China,CN,"Zhejiang Hongma Copper Industry Co., Ltd.","Wuyi, Jinhua",Brass ingot / copper strip / copper rod & row manufacturer (foundry consuming copper feedstock),Cu,yes,4,confirmed,en.hongmacopper.com,,,,,
2-buyer,China,CN,"Yuhuan Minmetals Import & Export Co., Ltd.","Yuhuan, Taizhou","Trading company (est. 2009) importing/selling electrolytic copper (99.99%), zinc ingot, brass ingot",Cu,yes,4,plausible,87448633.en.made-in-china.com,,,,,
2-buyer,China,CN,"Zhejiang Zhengkang Industry Co., Ltd.",Quzhou,"Copper strip + stainless steel strip/pipe trading & manufacturing company, est. 1999",Cu,yes,3,plausible,zjzhengkang.goldsupplier.com,,,,,
2-buyer,China,CN,"Zhejiang Jiangxin Copper Piping Co., Ltd.",Zhuji,"Copper pipe fittings manufacturer (refrigeration/HVAC), 30+ yrs, exports 50+ countries",Cu,yes,4,confirmed,jiangxincopper.com,jason@jiangxincopper.com,,,,
2-buyer,China,CN,"Ningbo Haode Trading Co., Ltd.",Ningbo,"Copper/brass/bronze alloy importer-distributor (ingots, cupro-nickel, tin bronze); 5,000+ MT shipped 2023",Cu,yes,4,confirmed,howdytrading.com,yuanfan@howdytrading.com,,,,
2-buyer,China,CN,"Zhejiang Bridgold Copper Tech Co., Ltd.","Yueqing, Wenzhou","Flexible copper connector manufacturer: braided/stranded copper wire, copper busbar; est. 1982/2007",Cu,yes,4,confirmed,bridgold.com,contact@bridgold.com,,,,
2-buyer,China,CN,"Zhejiang Hanli Cable Co., Ltd.","Lin'an, Hangzhou",Coaxial/network/telecom cable manufacturer; states they purchase oxygen-free copper as main raw material,Cu,yes,4,confirmed,hanlicable.com,zjhx@hanlicable.com,,,,
2-buyer,China,CN,"Ningbo Changzhen Copper Industry Co., Ltd.","Yuyao, Ningbo","High-precision brass/copper alloy rod & profile manufacturer, est. 1984, National Green Factory",Cu,yes,4,confirmed,en.nb-changzhen.com,czty@nb-changzhen.com,,,,
2-buyer,China,CN,"Yueqing City Ouwei Electric Co., Ltd. (OUWEI/OUCO)","Yueqing, Wenzhou","Enameled copper & aluminum winding/magnet wire manufacturer for transformers, 30+ affiliates",Cu,yes,4,confirmed,ouco.com,,,,,
2-buyer,China,CN,"Zhejiang CommSpace Cable Co., Ltd.",Zhuji,"Coaxial/data/speaker/telephone cable manufacturer, est. 2001, 66,600sqm, 350,000km/yr capacity",Cu,yes,3,confirmed,commspace.com.cn,,,,,
2-buyer,China,CN,"Jiaxing Hongzhou Cable Co., Ltd.",Jiaxing,"Power cord / PV cable / single copper cable manufacturer, ISO9001, UL/VDE/CE certified",Cu,yes,3,confirmed,hongzhoucable.com,jason_zheng@hongzhoucable.com,,,,
2-buyer,China,CN,"Zhejiang Meitong Conductor Technology Co., Ltd.",Huzhou (Nanxun),"Fine conductor/cable manufacturer: bimetal wire, silver/tin-plated copper wire, copper braided wire",Cu,yes,3,confirmed,meitongtech.com,,,,,
2-buyer,China,CN,Zhejiang Xingye Alloy Materials Group Ltd.,"Cixi, Ningbo","High-precision copper/alloy strip maker: copper plate/strip, tin-phosphor bronze, brass strip, lead-frame",Cu,yes,5,plausible,xingyealloy.com,,,,,
2-buyer,China,CN,"Ningbo Kingeast Metal Material Co., Ltd. (Kingmetal Imp.&Exp.)",Ningbo,"Metal trading company importing brass scrap, brass-zinc, brass-aluminum for domestic mills",Cu,yes,3,plausible,nb-kingmetal.com,,,,,
2-buyer,China,CN,"Zhejiang Hengjie Copper Industry Co., Ltd.","Yuhuan, Taizhou",Copper industry manufacturer in Yuhuan Sci-Tech Industrial Park (copper rod/valve components),Cu,yes,3,plausible,hengjie.com.cn,,,,,
2-buyer,China,CN,"Jiaxing Zhenhua Wire & Cable Co., Ltd.",Jiaxing,"Wire & cable manufacturer since 1999: building wire, power cable, welding cable, speaker/AV/LAN cable",Cu,yes,3,plausible,jxzhenhua.en.made-in-china.com,,,,,
2-buyer,China,CN,"Jiaxing Cable Co., Ltd.",Jiaxing,Large-scale joint-stock high-tech wire & cable design/production/sales enterprise,Cu,yes,3,plausible,jiaxingcable.en.made-in-china.com,,,,,
2-buyer,China,CN,"Taizhou Xiekang Electronic Co., Ltd.",Taizhou,"Wiring harness / power plug / power cable manufacturer, 21,000sqm plant, 500+ staff",Cu,,3,plausible,tzxiekang.en.made-in-china.com,,,,,
2-buyer,China,CN,"Jiangsu Baosheng Precision Conductor Co., Ltd. (Baosheng Group)","Yangzhou/Danyang, Jiangsu","Major copper rod producer/mill — one of the largest in eastern China, ~300,000 t/yr copper rod capacity",Cu,yes,4.7,plausible,baoshenggroup.com,,,,,
2-buyer,China,CN,"Jiangsu Hengtong Precision Metal Materials Co., Ltd. (Jingong)",Jiangsu,Producer of 8.0mm electrical round copper rod and 5ppm high-purity oxygen-free copper rod,Cu,yes,4.4,plausible,metal.com,,,,,
2-buyer,China,CN,"Jiangsu Jiangrun Copper Co., Ltd.","Yixing, Jiangsu",Copper products maker/importer — buyer and importer of refined copper and copper alloys; makes 8mm rod,Cu,yes,4.2,plausible,chinacompany.biz,,,,,
2-buyer,China,CN,"Jiangsu Jinyuanyang Metal Products (Group) Co., Ltd.","Wuxi, Jiangsu","Copper supplier covering copper plates, coils, rods, wires and tubes; exports SE Asia, Europe, US",Cu,yes,3.8,plausible,jyycopper.com,katia@jsjyysteel.com,,,,
2-buyer,China,CN,"Jiangsu Jiahua Metal Wire Co., Ltd.","Xinghua, Taizhou, Jiangsu","Manufacturer of tinned/bare/enameled copper wire and alloy wires; est. 2009, ISO9001",Cu,yes,3.8,plausible,jiahuamw.en.made-in-china.com,,,,,
2-buyer,China,CN,"Jiangsu Techsence Wires Co., Ltd.","Jiangyan, Taizhou, Jiangsu","Enameled copper round wire manufacturer since 1980, 20,000+ t/yr capacity",Cu,yes,3.9,plausible,techesence.en.made-in-china.com,,,,,
2-buyer,China,CN,"Jiangsu Jinling Cable Co., Ltd.","Jiangning, Nanjing, Jiangsu","Power cable manufacturer (LV/MV, ABC, control, solar, LSZH), est. 1998, TÜV audited",Cu,yes,3.9,plausible,jinlingcable.en.made-in-china.com,,,,,
2-buyer,China,CN,Jiangsu Ganghong Electric Wire & Power Cable Corporation (GHCABLE),"Danyang, Jiangsu","Wire & cable manufacturer since 1984, 35,000 sqm, exports 50+ countries, ISO/UL/CE/CCC",Cu,yes,4.1,plausible,ghcable.com,,,,,
2-buyer,China,CN,"Changzhou CLAD Wire & Cable Co., Ltd.","Jintan, Changzhou, Jiangsu","Copper clad steel (CCS) wire manufacturer, uses copper rod in cladding, 20+ yrs production",Cu,yes,4,confirmed,czclad.com,ccs1@czclad.com,,,,
2-buyer,China,CN,"Jiangsu Elesun Cable Co., Ltd.","Zhenjiang, Jiangsu","RF coaxial, control cable, hook-up wire, XLPE and elevator cable maker since 2000",Cu,yes,4,confirmed,elesuncable.com,sales@elesuncable.com,,,,
2-buyer,China,CN,"Jiangsu Shuoyang Copper Industry Co., Ltd.",Jiangsu,"Copper, brass and bronze sheet/coil/pipe manufacturer",Cu,yes,3.6,plausible,shuoyangcopper.com,,,,,
2-buyer,China,CN,"Jiangyin New Huahong Copper Industry Co., Ltd.","Jiangyin, Wuxi, Jiangsu","Seamless copper & copper alloy tube manufacturer, German-Chinese JV, 10,000 t/yr capacity",Cu,yes,4,plausible,coppersmith.en.made-in-china.com,,,,,
2-buyer,China,CN,"Jiangyin Electrical Alloy Co., Ltd. (JEA, SZSE:300697)","Jiangyin, Wuxi, Jiangsu","Listed manufacturer of copper contact wire for high-speed rail, copper busbars, forged copper parts",Cu,yes,4.5,plausible,copper-components.com,,,,,
2-buyer,China,CN,"Jiangyin Liuhuan Alloy Wire Co., Ltd.","Jiangyin, Wuxi, Jiangsu","Copper clad steel wire, nickel/tin-plated copper wire manufacturer, 2,400 t/yr capacity",Cu,yes,3.5,plausible,jylhhjx.en.made-in-china.com,,,,,
2-buyer,China,CN,"Changzhou DLX Alloy Co., Ltd.","Xinbei, Changzhou, Jiangsu","Copper-alloy strip/wire maker (copper-nickel and beryllium copper C17200/C17300/C17500), est. 2002",Cu,,3.5,plausible,dlx-alloy.com,,,,,
2-buyer,China,CN,"Taixing Longyi Terminals Co., Ltd.","Taixing, Taizhou, Jiangsu","Copper cable lug/terminal manufacturer, founded 1999, 4,000+ specifications",Cu,,3.4,plausible,lyterminals.en.made-in-china.com,,,,,
2-buyer,China,CN,"Yixing Xinyijin (Shiny King) Metal Materials Co., Ltd.","Yixing, Jiangsu","Wire & cable conductor manufacturer in Yixing ('China Cable City'), 30+ frame-twisting/wire-drawing lines",Cu,yes,3.5,plausible,shiny-king.com,,,,,
2-buyer,China,CN,"HTS Cable Materials Co., Ltd. (Xuzhou)","Xuzhou, Jiangsu","Wire & cable raw/auxiliary materials supplier (power cable, optical cable, overhead line materials)",Cu,yes,3.6,plausible,hts-cable.com,,,,,
2-buyer,China,CN,Jiangsu Nonferrous Metals Imp./Exp. Corp. (Sainty Group),"Nanjing, Jiangsu",State-linked nonferrous metals import/export trading house — deals copper and aluminium metals,Cu,yes,4.3,plausible,panjiva.com,,,,,
2-buyer,China,CN,"China National Nonferrous Metals I/E Corp., Jiangsu Branch","Nanjing, Jiangsu","Import/export trading arm dealing metallurgical & nonferrous metals incl. nonferrous alloys, raw copper",Cu,yes,4,plausible,cccme.cn,,,,,
2-buyer,China,CN,"Jiangsu Xinyuanxing Metal Products Co., Ltd.","Wuxi, Jiangsu","Multi-metal distributor: stainless steel pipe/sheet/coil, steel profile, plus copper products",Cu,yes,3.3,plausible,stainlessmetalsheet.com,,,,,
2-buyer,China,CN,Jiangsu Cuilong Precision Copper Tube Corporation,Jiangsu,"Copper & copper alloy tube manufacturer (pancake coil tube, LWC, heat exchange/condenser tube)",Cu,yes,3.8,plausible,cuilong.com,,,,,
2-buyer,China,CN,"Wetown Electric Group Co., Ltd.",Jiangsu,"Electrical products for power distribution & new energy since 1986: HV/LV busway systems, switchgear",Cu,yes,3.7,plausible,wetown.com,,,,,
2-buyer,China,CN,Hengtai (Changshu) Precision Manufacturing,"Changshu, Jiangsu","Custom copper busbar / high-precision power distribution component manufacturer, founded 2012",Cu,,3.3,plausible,sheetmetalmfg.com,,,,,
2-buyer,China,CN,"Boluo Pengcheng Copper Co., Ltd.",Huizhou,Enameled copper/aluminum winding wire manufacturer,Cu,yes,3.8,plausible,blxinlong.goldsupplier.com,,,,,
2-buyer,China,CN,"Guangdong Cable Factory Co., Ltd. (GUANGDONG CABLE)",Foshan (Nanhai),"Large power/control cable manufacturer, 35kV and below cross-linked cables, oxygen-free copper conductor",Cu,yes,4.5,plausible,baike.baidu.com,,,,,
2-buyer,China,CN,"Shenzhen Jixing Wire & Cable Co., Ltd.",Shenzhen,"Electric wire, insulated wire, power cable manufacturer (28 varieties, 6,400+ specs)",Cu,yes,4,plausible,jixing.en.made-in-china.com,,,,,
2-buyer,China,CN,"Shenzhen Shenzhou Cable Co., Ltd.",Shenzhen,Copper clad aluminum (CCA) and tinned copper wire manufacturer,Cu,,3.5,plausible,shenzhoucable.en.made-in-china.com,,,,,
2-buyer,China,CN,"Foshan Nanhai Honyi Wire and Cable Co., Ltd. (XunCheng Cable)",Foshan,"Electrical wire & cable manufacturer for security/communication (network, coaxial, RVV cable)",Cu,,3.6,plausible,hongyicable.en.alibaba.com,,,,,
2-buyer,China,CN,"Dongguan Xingxingshang Metal Materials Co., Ltd.",Dongguan (Chang'an),Copper/aluminum/stainless metal materials trader & wire/strip supplier,Cu,yes,3.7,plausible,dongguan.made-in-china.com,,,,,
2-buyer,China,CN,"Dongguan Shengwei Metal Materials (Products) Co., Ltd.",Dongguan (Chang'an),"Copper wire, copper busbar, aluminum materials distributor/processor",Cu,yes,3.6,plausible,xiaoxia1984050.goldsupplier.com,,,,,
2-buyer,China,CN,Dongguan INT Metal Products Factory,Dongguan (Liaobu),"Copper alloy strip manufacturer (brass, beryllium copper, phosphor bronze, pure copper tape)",Cu,,3.6,plausible,intcn.goldsupplier.com,,,,,
2-buyer,China,CN,"Shenzhen Wandaan Precision Technology Co., Ltd.",Shenzhen (Bao'an),Insulated copper busbar manufacturer for power distribution/EV battery systems,Cu,,3.8,plausible,szwandaan.en.made-in-china.com,,,,,
2-buyer,China,CN,"Shenzhen XieFuTai Technology Co., Ltd.",Shenzhen,"Copper/soft busbar, liquid cooling plate manufacturer for new-energy (EV battery) sector",Cu,,3.8,plausible,xiefutai.goldsupplier.com,,,,,
2-buyer,China,CN,"Guangdong Yuexing Copper & Aluminum Co., Ltd.",Guangdong (Foshan area),"Non-ferrous metal processor: brass, red copper, chrome copper, phosphor bronze producer",Cu,yes,4,plausible,au.kompass.com,,,,,
2-buyer,China,CN,"Foshan Tianqi Copper Co., Ltd. (Hing Kei Group)",Foshan,Copper & aluminum strip/plate/rod/wire distributor serving South China electronics manufacturing,Cu,yes,4.3,confirmed,hkmtl.com,,,,,
2-buyer,China,CN,Guangdong Metal Corporation,Guangdong,"Copper products manufacturer/wholesaler — tubes, sheets, foils, coils, strips, bars, wire",Cu,yes,3.6,plausible,guangdongmetal.com,,,,,
2-buyer,China,CN,Walsin Lihwa Corporation — Dongguan Plant,Dongguan,"Copper rod and copper wire producer (SCR continuous-rod process), 80,000t/yr rod + 72,000t/yr wire",Cu,yes,4.9,confirmed,walsin.com,,,,,
2-buyer,China,CN,"Xiamen ITG Nonferrous Metals and Minerals Co., Ltd.",Xiamen,Nonferrous metals & minerals trading subsidiary of Xiamen ITG Group (one of China's largest traders),Cu,yes,5,plausible,itg.com.cn,,,,,
2-buyer,China,CN,"Xiamen Elpha Metals Co., Ltd.",Xiamen,"Non-ferrous metal supply-chain trading company, subsidiary of Xiamen Xiangyu (Fortune 500)",Cu,yes,5,confirmed,elphametals.com,,,,,
2-buyer,China,CN,"Fujian Nanping Sun (Taiyang) Cable Co., Ltd.",Nanping / Shanghang,"Listed cable & wire maker (SZ:002300), three production bases (Nanping, Shanghang, Baotou)",Cu,yes,4,plausible,chinasuncable.com,,,,,
2-buyer,China,CN,"Jiayuan Technology (Ningde) Co., Ltd.","Fu'an, Ningde","Fujian production subsidiary of Guangdong Jiayuan Technology (SZ:301388), electrolytic copper foil",Cu,yes,4,plausible,gdjygf.com,,,,,
2-buyer,China,CN,"ALB (Xiamen) Alloys Material Co., Ltd.",Xiamen,"Specialty copper-alloy manufacturer since 1996: beryllium copper, aluminum bronze, silicon bronze",Cu,yes,4,confirmed,china-berylliumcopper.com,,,,,
2-buyer,China,CN,"Xiamen Seebest Cable Co., Ltd.",Xiamen (Jimei),"Cable manufacturer producing coaxial, network, telephone, fiber optic, BV and RVV cable",Cu,yes,3,plausible,seebestcable.en.made-in-china.com,,,,,
2-buyer,China,CN,"Fujian Tongyu (TY) Cable Co., Ltd.",Fuzhou,Power/control/welding cable manufacturer; states raw-material copper is self-supplied,Cu,yes,3,plausible,fjtycable.en.made-in-china.com,,,,,
2-buyer,China,CN,"CB (Xiamen) Industrial Co., Ltd.",Xiamen (Siming),"Electrical wire & cable manufacturer/trader (UL/VDE/CE) for home appliance, automotive",Cu,yes,3,plausible,cbcable.en.made-in-china.com,,,,,
2-buyer,China,CN,"Xiamen Yihetai Cable Co., Ltd.",Xiamen,Manufacturer of electronic-appliance wiring and hook-up wire for telecom/consumer electronics,Cu,yes,3,plausible,yihetai.en.alibaba.com,,,,,
2-buyer,China,CN,Xiamen Apollo Electronic Components,Xiamen (Haicang),"Copper busbar manufacturer: bare and insulated (plastic-dip, powder-spray, heat-shrink) busbars",Cu,yes,3,confirmed,stamping-welding.com,tina@stamping-welding.com,,,,
2-buyer,China,CN,"Zhangzhou NEER New Energy Technology Co., Ltd.",Zhangzhou,"Manufacturer of copper bars/busbars and stainless battery casings for EV, solar inverter, rail",Cu,yes,3,plausible,xmneer.en.made-in-china.com,,,,,
2-buyer,China,CN,"Xiamen Bestyn Import & Export Co., Ltd.",Xiamen,"HVAC/refrigeration parts importer-distributor supplying copper coils, copper straight pipes",Cu,,3,plausible,bestynparts.en.alibaba.com,,,,,
2-buyer,China,CN,"Xiamen Kabasi Electric Co., Ltd.",Xiamen (Haicang),Connector and wiring-harness manufacturer using brass/phosphor-copper contact materials,Cu,,2,confirmed,kabasi-connector.com,,,,,
2-buyer,China,CN,"Anhui Tiankang (Group) Co., Ltd.","Tianchang, Chuzhou, Anhui","National large-type enterprise (est. 1998) manufacturing instruments/meters, wires and cables",Cu,yes,4,plausible,anhuitiankang.goldsupplier.com,,,,,
2-buyer,China,CN,"Anhui Yuxin Metal Products Co., Ltd.","Xuancheng, Anhui","Manufacturer of CCA/CCS wires, enameled copper wires, copper-alloy wires and communication wire",Cu,yes,4,confirmed,cnccawire.com,rick@cnccawire.com,,,,
2-buyer,China,CN,"Hangzhou Hongtong Wire & Cable Co., Ltd.","Xuancheng, Anhui","High-performance coated magnet-wire specialist with a 30,000m2 production base in Xuancheng, Anhui",Cu,yes,4,plausible,ht-wire.com,,,,,
2-buyer,China,CN,"Anhui Changfeng Cable Co., Ltd.","Wuwei, Anhui","Est. 1995 manufacturer of power, control, computer, signal, mineral fire-retardant, shipboard cable",Cu,yes,4,plausible,shop200911131104710149.goldsupplier.com,,,,,
2-buyer,China,CN,"Anhui Jinlan Cable Co., Ltd.","Hefei, Anhui",High-tech enterprise (est. 2020) R&D/manufacture/supply of electrical wires and cables,Cu,yes,3,plausible,jinlancable.com,,,,,
2-buyer,China,CN,"Anhui Huadian Wire & Cable Group Co., Ltd.","Wuwei, Anhui","Group founded 1995, 140,000m2 site, 16 categories of power/control/fireproof/mine cables",Cu,yes,3,plausible,china-power-contractor.cn,,,,,
2-buyer,China,CN,"Anhui Hualing Cable (Group) Co., Ltd.",Anhui,Cable manufacturing group listed on Kompass/DevelopmentAid directories,Cu,yes,3,plausible,en.ahhldl.com,,,,,
2-buyer,China,CN,"Anhui Changlu Special Cable Co., Ltd.","Wuhu, Anhui","Manufacturer of special/control cables and bare copper wire, Dingxing Industrial Zone",Cu,yes,3,plausible,jy-cable.en.made-in-china.com,,,,,
2-buyer,China,CN,"Anhui Truchum Advanced Materials & Technology Co., Ltd.",Anhui,Manufacturer of copper alloy plate/strip products,Cu,,3,plausible,en.ahcjxc.com,,,,,
2-buyer,China,CN,"Anhui Zhongbang Shitong International Trade Co., Ltd.","Hefei, Anhui",Bulk-commodity import/export trading house for non-ferrous metals including electrolytic copper,Cu,yes,4,confirmed,zbstgj.com,zbst@zbstgj.com,,,,
2-buyer,China,CN,"Anhui Nifeng Trade Co., Ltd.","Hefei, Anhui","Trader/supplier of aluminum ingots, copper wire, copper pipe, oxygen-free copper and zinc ingot",Cu,yes,3,plausible,nifeng.en.made-in-china.com,,,,,
2-buyer,China,CN,"Tianchang Shenhua Imp. & Exp. Trade Co., Ltd.","Tianchang, Chuzhou, Anhui","Wire and cable / thermocouple / thermal resistant products trading company, 500+ varieties",Cu,,3,plausible,anhuishenhua.en.made-in-china.com,,,,,
2-buyer,China,CN,"Jiangxi Cable Co., Ltd.","Ji'an, Jiangxi","Founded 1969, one of China's largest power/control/special cable manufacturers",Cu,yes,5,confirmed,en.jxcable.cn,jxdlxs@126.com,,,,
2-buyer,China,CN,"Jiangxi Guangxin Copper Industry Co., Ltd.","Yingtan, Jiangxi",Manufacturer/exporter of electrical conductive copper strip and high-purity oxygen-free copper,Cu,yes,4,plausible,tradeindia.com,,,,,
2-buyer,China,CN,"Jiangxi Jinpin Copper Technology Co., Ltd.","Fuzhou, Jiangxi","Manufacturer of copper row, copper plate and brass strip products; est. 2021",Cu,,3,plausible,alexyao.en.made-in-china.com,,,,,
2-buyer,China,CN,"Jiangxi Tuocheng Wire & Cable Manufacturing Co., Ltd.","Shangrao, Jiangxi","Est. 2001, designer/manufacturer of copper and aluminum electrical wire/cable (KMB brand)",Cu,yes,3,plausible,fb37eb3c48bb62de.en.made-in-china.com,,,,,
2-buyer,China,CN,"Jiangxi Jianghong Wire & Cable Manufacturing Co., Ltd.",Jiangxi,Registered wire and cable manufacturing company,Cu,,2,plausible,cnverify.com,,,,,
2-buyer,China,CN,"China Material Technology Co., Ltd. (MAT-CN)","Nanchang, Jiangxi","High-tech advanced-materials supplier producing sputtering targets incl. copper, silver, tungsten",Cu,,4,plausible,matcncom.goldsupplier.com,,,,,
2-buyer,China,CN,"Jiangxi Metals and Minerals International Trade Co., Ltd.","Nanchang, Jiangxi",Provincial metals trading corporation (successor to Jiangxi Provincial Metals & Minerals I/E),Cu,yes,4,plausible,xyzhaojx.fm.alibaba.com,,,,,
2-buyer,China,CN,"Wuxi Xizhou Magnet Wires Co., Ltd.","Wuxi, Jiangsu",Enameled / magnet (winding) copper wire manufacturer,Cu,yes,4,plausible,wxxz122228.en.made-in-china.com,,,,,
2-buyer,China,CN,"Amer International Group Co., Ltd.","Shenzhen, Guangdong",Copper wire & cable maker and major copper trader/importer,Cu,yes,5,plausible,amer.com.cn,,,,,
2-buyer,China,CN,"Far East Smarter Energy Co., Ltd. (Far East Cable)","Yixing, Jiangsu","Wire & cable manufacturer — power cable, electrical wire, special cable",Cu,yes,5,confirmed,http://en.fe-cable.com,87242500@600869.com,,,Major listed (600869) cable maker founded 1985; large copper-conductor cable production consumes copper rod/cathode.,http://en.fe-cable.com/about.html
2-buyer,China,CN,"Qingdao Hanhe Cable Co., Ltd.","Qingdao, Shandong","Large-scale wire & cable manufacturer (power cables, engineering)",Cu,yes,4,plausible,https://www.hanhe-cable.com,,,,"One of China's largest cable makers (est. 1982, 2,800+ staff); copper power-cable production consumes copper rod/cathode. Site not opened directly.",https://www.hanhe-cable.com/en/
2-buyer,China,CN,"Jiangsu Shangshang Cable Group Co., Ltd.","Liyang, Jiangsu",Wire & cable manufacturer,Cu,yes,5,confirmed,shangshanggroup.net,,,,Ranked among China's most competitive wire & cable makers (CRU top-10 global insulated cable producer); high-volume copper consumer. Verified via Baidu Baike/PrivCo/official site.,
2-buyer,China,CN,Ningbo Jiangfeng Electronic Materials / Konfoong Materials (KFMI),"Yuyao (Ningbo), Zhejiang",Ultra-high-purity metal sputtering-target maker (high-purity 5N/6N copper targets),Cu,yes,4,confirmed,kfmic.com,,,,Listed (SSE 300666) semiconductor sputtering-target leader; a genuine buyer/consumer of high-purity 5N copper feedstock for copper targets. Verified via Yicai/company (kfmic.com).,
2-buyer,China,CN,Xotmetals (XOT Metals),Xi'an,High-purity copper sputtering target supplier (4N5-5N) for semiconductor/display,Cu,,3,plausible,https://www.xotmetals.com/,info@xotmetals.com,,,,
2-buyer,China,CN,Fabmann,China,"Custom copper sputtering target manufacturer, 4N/4N5/5N purity",Cu,,2.8,plausible,https://www.fabmann.com/copper-products/copper-sputtering-target.html,,,,,
2-buyer,China,CN,"Fujian Shanghang Sun (Taiyang) Copper Co., Ltd.","Shanghang, Longyan","Copper products maker (Nanping Sun Cable subsidiary): copper rod, wire, strand",Cu,yes,4,plausible,https://bloomberg.com,,,,,
2-buyer,China,CN,"Tianjin Jinxin Copper New Materials Technology Co., Ltd.",Tianjin,"Copper rod/plate/belt/pipe/row/foil manufacturer, Wuqing District, Tianjin; oxygen-free copper, brass, bronze alloys; ISO 9001",Cu,yes,3.8,confirmed,made-in-china.com (Tianjin Jinxin Copper),,,,Copper/copper-alloy semis maker — direct cathode/ingot consumer across multiple product forms,https://www.made-in-china.com/showroom/28dd8e9a10f7c14e/
2-buyer,China,CN,"Tianjin Changshuo Copper Industry Co., Ltd.",Tianjin,"Copper strip, brass wire, copper bar manufacturer; wholesale/retail + cutting/processing of copper and copper-alloy materials, Beichen District, Tianjin, est. 2016",Cu,yes,3.5,plausible,"(registered entity, Beichen District, Tianjin — no independent website found)",,,,"Regional copper strip/bar processor, named registered entity with verified business scope in copper materials",https://b2bdata.baidu.com/en/rank/k/tianjin/copper-strip
2-buyer,China,CN,"Tianjin Metals & Minerals Import & Export Group Co., Ltd.",Tianjin,"Large state-linked import/export trading group (one of China's top-500 import/export firms), Hexi District, Tianjin, est. 2000; deals in ferrous/non-ferrous metals and welding products",Cu,yes,4,confirmed,made-in-china.com (Tianjin Minmetals),,,,National-major non-ferrous metals trading house; scale importer/distributor of metal materials,https://www.made-in-china.com/showroom/tjminmetals/
2-buyer,China,CN,"Tianjin Dinghan International Trade Co., Ltd.",Tianjin,"Import/export trading company dealing in iron ore, copper cathode, coal, coking coal and steel/energy products, Tianjin, registered 2005",Cu,yes,3.7,confirmed,made-in-china.com (Tianjin Dinghan),,,,Established trading company explicitly listing copper cathode as a core traded commodity,https://www.made-in-china.com/showroom/tjswzgs/
2-buyer,China,CN,"Tianjin Jumeixin Metal Materials Sales Co., Ltd.",Tianjin,"Copper scrap wire, copper cathode, aluminum ingot, zinc ingot supplier, Binhai New Area, Tianjin; registered since 2015, exports to N. America/S. America/SE Asia/Africa",Cu,yes,3.6,confirmed,made-in-china.com (Tianjin Jumeixin),,,,Non-ferrous metal materials trading company explicitly stocking/selling copper cathode,https://www.made-in-china.com/showroom/niuniu2015/
2-buyer,China,CN,"Tianjin Tianhong Import and Export Co., Ltd.",Tianjin,"Non-ferrous metals import/export trader — copper ingot, aluminium ingot, silicon metal, ferro-silicon, antimony, zinc, lead, tin ingots; Beichen District, Tianjin, registered 2013, ISO 29001",Cu,yes,3.6,confirmed,made-in-china.com (Tianjin Tianhong),,,,Multi-metal importer/distributor explicitly trading copper ingot alongside other non-ferrous ingots,https://www.made-in-china.com/showroom/angela-tianhong/
2-buyer,China,CN,"Hebei Xingrun Import and Export Co., Ltd.","Xingtai, Hebei","Metal products import/export trader, Xingtai, Hebei — aluminum, zinc, cadmium, lead ingots and copper cathode/nickel plate; registered 2022",Cu,yes,3.2,confirmed,made-in-china.com (Hebei Xingrun),,,,Hebei-based non-ferrous metal import/export trading house listing copper cathode among products,https://hhxingrun.en.made-in-china.com
2-buyer,China,CN,"Tianjin Jiacheng Copper Industry Co., Ltd.",Tianjin,"Copper strip / brass plate / copper alloy materials manufacturer, Shuangjie Town, Beichen District, Tianjin; ranked among top Tianjin copper-strip and copper/copper-alloy materials makers",Cu,yes,3.4,plausible,"(registered entity, Beichen District, Tianjin — no independent site located)",,,,Named regional copper/alloy materials manufacturer with registered address; independent site not located to open directly,https://b2bdata.baidu.com/en/rank/k/tianjin/copper-strip
2-buyer,China,CN,"Suzhou Copper-Joint Electric Co., Ltd.","Suzhou, Jiangsu","Non-ferrous metal (copper & aluminium) machining - CNC, stamping, forging, punching, bending, welding; founded 2006, clients incl. Siemens, Eaton, ABB, Schneider",Cu,,3.6,plausible,made-in-china.com (Suzhou Copper-Joint — no independent domain found),,,,Copper components maker consuming copper rod/billet stock for machining into electrical parts,https://www.made-in-china.com/showroom/metal-machining/
2-buyer,China,CN,"Jiangsu Hengda Electrical Co., Ltd.","Xinghua, Taizhou, Jiangsu","Copper busbar, aluminium busbar and copper wire manufacturer; est. 2014, copper content >=99.9%, conductivity >=98%",Cu,yes,3.6,plausible,made-in-china.com (Jiangsu Hengda showroom — no independent site found),,,,Busbar manufacturer directly consuming high-purity copper as raw material - matches busbar niche precisely,https://www.made-in-china.com/showroom/15161013766/
2-buyer,China,CN,"Suzhou Baosheng Precision Technology Co., Ltd.","Suzhou, Jiangsu","Precision CNC-machined engine parts manufacturer, part of the wider Baosheng Group copper/cable conglomerate",Cu,,3,plausible,bsparts.en.made-in-china.com,,,,Copper/brass precision-machined parts maker within the Baosheng conglomerate's Jiangsu footprint,https://bsparts.en.made-in-china.com/
2-buyer,China,CN,"Dongguan Guangouli Metal Materials Co., Ltd.",Dongguan (Chang'an),"Brass/tin bronze/copper plate wholesaler-processor (conductive TU2 purple copper plate, oxygen-free copper plate, H62 brass strip)",Cu,yes,3.5,plausible,b2bdata.baidu.com (brass ranking — no independent site found),,,,"Ranked top-10 China brass manufacturer; scope includes wholesale/import-export of copper products, purple copper and H62 brass strip — brass/copper-alloy consumer.",https://b2bdata.baidu.com/en/rank/k/all-area/brass
1-active,Turkey,TR,"Copper cathode buy-lead (Zeynep, Mersin)",Mersin,Copper cathode importer/trader - posted RFQ,Cu,,,plausible,go4worldbusiness.com,,"Copper cathode, 2,000 MT/month, CIF Mersin Port, irrevocable L/C at sight",2026-04-27,,https://www.go4worldbusiness.com/buyers/turkey/copper-cathode.html
2-buyer,Turkey,TR,Adana Metal Endüstri Malzemeleri San. Tic. Ltd. Şti.,Adana,"Regional distributor of copper pipe, rod & sheet plus aluminium, stainless, brass, bronze and engineering plastics",Cu,yes,3.5,confirmed,adanametal.com.tr,,,,Confirmed regional (Southeast/South Turkey) copper products distributor near the Gaziantep corridor.,https://adanametal.com.tr/
2-buyer,Turkey,TR,Akış Kablo,Konya (4. OSB),"Cable manufacturer (energy, control, flat, solar, EV cables)",Cu,yes,3.6,confirmed,akiskablo.com,satis@akiskablo.com,,,Konya cable manufacturer consuming copper wire rod as raw material.,https://akiskablo.com/
2-buyer,Turkey,TR,Akkur Bakır Metal San. ve Tic. Ltd. Şti.,"Arnavutköy, Istanbul","Copper rolling/processing manufacturer, est. 2002",Cu,yes,3,confirmed,akkurbakir.com.tr,info@akkurbakir.com.tr,,,"Dedicated copper processing mill, raw-copper consumer.",https://www.akkurbakir.com.tr/hakkimizda
2-buyer,Turkey,TR,Albaksan (Albaksan Alaşımlı Bakır San. Tic. A.Ş.),"Arnavutköy, Istanbul + Bursa","Industrial copper & copper-alloy manufacturer (high-conductivity copper, aluminum bronze, Cu-Ni alloys)",Cu,yes,4,confirmed,albaksan.com,sales@albaksan.com,,,Exports 80% to 60+ countries; consumes copper/alloy raw material at industrial scale; purchasing@albaksan.com also listed.,https://www.albaksan.com/tr/
2-buyer,Turkey,TR,Altek Döküm A.Ş.,Turkey (facility incl. Şanlıurfa),"Copper-alloy specialty supplier (~50,000 t/yr) for EV, electronics, energy; Şanlıurfa facility",Cu,yes,4,confirmed,altekdokum.com,,,,"Large-scale copper-alloy manufacturer, high-volume feedstock buyer.",https://www.altekdokum.com/
2-buyer,Turkey,TR,Anadolu Bakır A.Ş.,"Ergene, Tekirdağ (Marmara)","Copper pipe/fitting manufacturer, largest insulated copper pipe capacity in Turkey",Cu,yes,4,confirmed,anadolubakir.com,,,,"30+ year copper tube mill, HVAC-R/plumbing copper pipe consumer.",https://www.anadolubakir.com
2-buyer,Turkey,TR,Anadolu Metal,"Ümraniye (Dudullu OSB), Istanbul",Brass rod/tube/strip & hollow-profile distributor since 1982,Cu,,3,confirmed,anadolumetal.com,info@anadolumetal.com,,,Established copper-alloy products distributor.,https://anadolumetal.com/tr/kurumsal/hakkimizda.html
2-buyer,Turkey,TR,Ankara Bakır Metal Pazarlama ve Dış Tic. Ltd. Şti.,Ankara (Ostim OSB),"Copper & copper-alloy / bronze alloy distributor for defense, aerospace, energy",Cu,yes,4,confirmed,ankarabakir.com.tr,info@ankarabakir.com,,,Ostim distributor of copper and copper alloys since 1958.,https://ankarabakir.com.tr/
2-buyer,Turkey,TR,Ankara Bronz Alaşımları (Ankara Bronz),Ankara (Ostim),"Bronze/brass/aluminum/copper continuous-casting foundry (rod, tube, square, plate)",Cu,yes,3.9,confirmed,ankarabronz.com.tr,,,,"Ostim continuous-casting foundry since 1974, copper-alloy mill consuming copper as raw material.",https://www.ankarabronz.com.tr/hakkimizda
2-buyer,Turkey,TR,AR-DA Boru (Arda Boru Sanayii A.Ş.),"Eyüp, Istanbul","Copper pipe (straight & coiled), copper busbar (from ETP-Cu billets), sheets and wire-rod manufacturer",Cu,yes,3,confirmed,ardaboru.com,info@ardaboru.com,,,Copper tube/busbar mill explicitly sourcing ETP-Cu billets as raw material.,https://www.ardaboru.com/en-US/copper-busbar/76/85/0
2-buyer,Turkey,TR,Baksar Bakır Boru,"Kocaeli (factory) / Beşiktaş, Istanbul (HQ)","Copper and copper-alloy pipe, profile, flat bar and rod manufacturer",Cu,yes,3.5,confirmed,baksarbakir.com,info@baksarbakir.com,,,Copper/brass pipe-profile-rod mill; consumes copper for extrusion.,https://baksarbakir.com/
2-buyer,Turkey,TR,Baraflex A.Ş.,Istanbul,"Copper busbar & flexible busbar manufacturer for metro/rail, solar, transformer, automotive since 1982",Cu,yes,3,confirmed,baraflex.com,,,,Copper busbar manufacturer; busbar production is a core cathode/rod-consuming niche.,https://www.baraflex.com/en/corporate/our-mission-our-vission/
2-buyer,Turkey,TR,Başoğlu Kablo ve Profil San. ve Tic. A.Ş.,Manisa OSB (Aegean),"PVC/XLPE energy, silicone, solar & signal cable manufacturer since 1980",Cu,yes,3,confirmed,basoglu.com,,,,Multi-site cable manufacturer consuming copper conductor.,https://www.basoglu.com/iletisim/
2-buyer,Turkey,TR,BESAV Kablo A.Ş.,"Erenler, Sakarya","Cable manufacturer, 20,000t copper melting capacity, integrated from raw copper to finished cable",Cu,yes,4,confirmed,besav.com.tr,info@besav.com.tr,,,Major Sakarya cable maker consuming copper cathode/rod at scale.,https://www.besav.com.tr/
2-buyer,Turkey,TR,Bietsan Bakır ve Pirinç San. Tic. A.Ş.,"Ergene, Tekirdağ","Copper and brass extrusion and casting products manufacturer (billets, rod, ingot)",Cu,yes,3.5,confirmed,bietsan.com,info@bietsan.com,,,Regional copper/brass extrusion and casting mill.,http://www.bietsan.com/
2-buyer,Turkey,TR,Bilgi Metal (Bilgi Bakır Metal),"Bayrampaşa, Istanbul","Wholesale distributor of copper, brass, bronze, aluminium and steel semis, servicing Southeast Turkey",Cu,yes,3.5,confirmed,bilgimetal.com.tr,bilgi@bilgimetal.com.tr,,,National wholesale distributor/reseller of copper stock.,https://bilgimetal.com.tr/iletisim.php
2-buyer,Turkey,TR,Bilgin Bakır Pirinç Metal Üretim San. Tic. Ltd. Şti.,"Ümraniye (Dudullu OSB), Istanbul",Metal processing & copper/brass/bronze/aluminium product supplier,Cu,,3,confirmed,bilginbakir.com.tr,info@bilginbakir.com.tr,,,Copper/brass stockist-processor supplying nationwide.,https://bilginbakir.com.tr/hakkimizda/
2-buyer,Turkey,TR,Birkaya,Turkey,"Manufactures electrolytic copper (Cu-ETP/Cu-DHP, min 99.9%) strip, band & coil from cathode casting",Cu,yes,3,confirmed,birkaya.com,,,,Product made from cathode-cast electrolytic copper - direct consumer of cathode/ingot feedstock.,http://www.birkaya.com/bakir
2-buyer,Turkey,TR,Bursa Bakır,"Osmangazi, Bursa","Copper products, electrical & grounding materials manufacturer/distributor",Cu,,3,confirmed,bursabakir.com,info@bursabakir.com,,,Bursa-based copper products manufacturer/distributor in target region.,https://bursabakir.com/hakkimizda
2-buyer,Turkey,TR,Coşkun Copper Alloys (Coşkun Copperalloys San. Tic.),Ankara,"Copper & brass strip/rod/lama importer-trader for defense, electronics, transformer, auto-radiator sectors",Cu,yes,4,confirmed,ccopperalloys.com,info@ccopperalloys.com,,,Active import/export trading house for copper-brass raw stock.,http://ccopperalloys.com/en/
2-buyer,Turkey,TR,Çetinkaya Metal,Turkey (Çorlu branch),"Non-ferrous metals distributor: semi-finished copper, brass, bronze, aluminium since 1982",Cu,,3,confirmed,cetinkayametal.com.tr,,,,Active copper/brass/bronze semis distributor.,https://www.cetinkayametal.com.tr/
2-buyer,Turkey,TR,Çınar Metal,Istanbul,"Brass and copper sheet, strip and coil manufacturer (cold rolling), also imports copper sheet",Cu,,2.5,confirmed,cinarmetal.net,keremcinar@cinarmetal.net,,,Specialist copper/brass sheet-strip-coil mill consuming copper raw material.,https://cinarmetal.net/
2-buyer,Turkey,TR,CMK Kablo Elektrik Sanayi İç ve Dış Ticaret Ltd. Şti.,"Merkezefendi, Denizli (Aegean)","Low-voltage energy, solar & EV-charging cable manufacturer, founded 2006",Cu,yes,3,confirmed,cmkkablo.com,,,,"Denizli cable maker exporting to 25 countries, consumes copper conductor.",https://www.cmkkablo.com/
2-buyer,Turkey,TR,Dikkan Hadde / Dikkan Şirketler Grubu,"Kemalpaşa, İzmir","Integrated brass & bronze semi-finished products group (casting + rolling mill), 90,000 m2",Cu,yes,4,confirmed,dikkan.com,,,,"45-year integrated copper-alloy group (foundry + rolling mill), major regional consumer.",https://dikkan.com/
2-buyer,Turkey,TR,Ebion Kablo A.Ş.,"Hacı Eyüplü, Denizli (Aegean)","Installation & low-voltage power cable manufacturer, ~1,300 t copper/month",Cu,yes,4,confirmed,ebion.com.tr,,,,"Denizli cable mill with sizeable monthly copper throughput (~15,600 t/yr).",https://www.ebion.com.tr/kurumsal/hakkimizda/
2-buyer,Turkey,TR,EferkMetal,Istanbul,"Importer of zinc ingot, copper ingot/cathode, lead ingot, aluminum ingot",Cu,yes,3,plausible,eferkmetal.com,info@eferkmetal.com,,,"Metal import trading company explicitly listing copper cathode as an import line; site returned 403 on fetch but is a real, named, contactable entity.",https://eferkmetal.com/katot-bak%C4%B1r
2-buyer,Turkey,TR,Ege Kablo Endüstri Malzemeleri San. ve Tic. A.Ş.,"Keçiliköy OSB, Manisa (Aegean)","PVC/silicone/solar cable manufacturer, part of Ekinler Group",Cu,,2,confirmed,egekablo.com,info@egekablo.com,,,Manisa cable producer consuming copper wire as feedstock.,https://www.egekablo.com/
2-buyer,Turkey,TR,Ekmekçioğulları Metal ve Kimya San. Tic. A.Ş.,Çorum,"Copper and zinc plate/alloy producer, ~60 products exported to ~50 countries",Cu,yes,4,confirmed,ekmekciogullari.com.tr,info@ekmekciogullari.com,,,Regional copper/zinc alloy manufacturer with wide export footprint.,https://www.ekmekciogullari.com.tr/
2-buyer,Turkey,TR,Elki Elektrik Kablo San. ve Tic. A.Ş. (Irmak Kablo),Manisa OSB (Aegean),"Electrical/electronic cable manufacturer since 1983 (Irmak Kablo brand), ~3,000 t/yr copper capacity",Cu,yes,3,confirmed,elkicable.com,,,,"Manisa OSB cable manufacturer with 3,000 t/yr copper processing capacity.",https://www.elkicable.com/
2-buyer,Turkey,TR,Elsan Elektrik Gereçleri Sanayi ve Ticaret A.Ş.,"Merkezefendi, Denizli (Aegean)","Enameled magnet wire (round & flat), CTC and paper-covered winding wire manufacturer since 1980",Cu,yes,5,confirmed,elsan-tr.com,info@elsan-tr.com,,,"One of Turkey/Europe's largest copper enameled magnet wire makers, exports to 35 countries - direct-target winding wire maker.",https://www.elsan-tr.com/
2-buyer,Turkey,TR,ELSAN Hammadde Sanayii A.Ş. (Elginkan Group),Manisa OSB,"Brass rod/profile manufacturer (22,000 t/yr) buying copper & brass raw material; part of Elginkan Group",Cu,yes,4,confirmed,elsan.com.tr,,,,National-major brass rod/profile producer with confirmed raw-material purchasing operation.,https://elsan.com.tr/metal-atik-hurda-alimi
2-buyer,Turkey,TR,Elsi Elektrik Sistemleri A.Ş.,"Hasanağa OSB, Bursa","Power & signal wiring harness manufacturer for automotive, appliance and heavy machinery, founded 1995",Cu,,2,plausible,elsigroup.com,,,,"Bursa wiring-harness maker consuming copper wire; site confirmed via search, direct fetch blocked by expired cert.",http://www.elsigroup.com/sayfa/hakkimizda-1
2-buyer,Turkey,TR,Emek Kablo,"Şişli, Istanbul","Power/control, audio, data, telephone and coaxial cable manufacturer, est. 1984",Cu,yes,3,confirmed,emekkablo.com,,,,Multi-category copper-core cable manufacturer.,https://emekkablo.com/en/iletisim/
2-buyer,Turkey,TR,Er-Bakır (Erbakır Elektrolitik Bakır San. ve Tic. A.Ş.),Denizli,"Copper wire rod manufacturer producing ETP/OFC wire from cathode copper (min 99.5%), ~200,000 t/yr, ~800 staff",Cu,yes,5,confirmed,erbakir.com.tr,,,,Converts cathode copper into wire rod at huge scale - prime large buyer of high-purity cathode/ingot.,https://www.erbakir.com.tr/en/sayfa.asp?id=2&id2=49&id3=6
2-buyer,Turkey,TR,Erikoğlu Emaye A.Ş.,Denizli,Turkey's first inline enamelled copper wire (magnet wire) factory,Cu,yes,3,confirmed,erikogluemaye.com.tr,sales@erikoglu.com.tr,,,National enamelled/winding (magnet) wire maker consuming copper wire rod.,https://www.erikogluemaye.com.tr/hakkimizda/
2-buyer,Turkey,TR,EPTA Eskişehir Metal ve Kablo San. ve Tic. Ltd. Şti.,Eskişehir,"Metal and cable manufacturer (white goods/automotive/metal), est. 1984",Cu,,2.8,plausible,epta.com.tr,info@epta.com.tr,,,Eskişehir metal & cable manufacturer; real own site found (epta.com.tr) though originally listed via chamber directory - kept plausible.,https://epta.com.tr
2-buyer,Turkey,TR,Feby Kablo (Feby Cable / Ülkü Elektronik ve Kablo San. Tic. Ltd. Şti.),Bursa,"Audio, instrument, automotive & mining cable manufacturer using oxygen-free copper, since 1985",Cu,,2,confirmed,febycable.com,export@febycable.com,,,Bursa cable manufacturer processing oxygen-free copper as core raw material.,https://www.febycable.com/
2-buyer,Turkey,TR,Ferhat Döküm,Konya,"Brass/bronze/aluminium casting and machining foundry (bushings, gears, aftermarket parts)",Cu,,2,confirmed,ferhatdokum.com.tr,ferhatdokum@ferhatdokum.com.tr,,,Brass/bronze casting foundry - copper-alloy foundry buyer segment.,https://www.ferhatdokum.com.tr/Pirinc_Dokum-3-tr-hizmet.html
2-buyer,Turkey,TR,Figabara Pazarlama ve Dış Ticaret Ltd. Şti.,"Kadıköy, Istanbul / Nilüfer, Bursa factories","Flexible insulated copper/aluminium busbar manufacturer, 35+ yrs",Cu,yes,3,confirmed,figabara.com,marketing@figabara.com,,,Copper busbar/shunt manufacturer with Bursa production plants.,https://www.figabara.com/en/contact/
2-buyer,Turkey,TR,Gençler Kablo Sanayi ve Ticaret A.Ş.,Eskişehir OSB; HQ Istanbul,Low-voltage & data cable manufacturer since 1979,Cu,yes,3.4,confirmed,genclerkablo.com,info@genclerkablo.com,,,Cable manufacturer with Eskişehir OSB factory - copper-conductor cable maker.,https://www.genclerkablo.com/
2-buyer,Turkey,TR,Gümüş Metal Alaşımları (Gumus Metal),Istanbul,"Copper busbar manufacturer/importer - insulated flex, braided flex, press-welded busbars since 2005",Cu,yes,3,confirmed,gumusmetal.com.tr,info@gumusmetal.com.tr,,,Self-describes as importer and manufacturer of copper busbar - direct copper raw-material buyer.,https://www.gumusmetal.com.tr
2-buyer,Turkey,TR,Hadde Bakır (Haddebakır),Ankara (Ostim OSB); branch in Istanbul,"Copper bar, rod, pipe, special profile and solid-wire rolling mill",Cu,yes,3.5,confirmed,haddebakir.com.tr,ankara@haddebakir.com.tr,,,Copper rolling mill (bar/rod/pipe) consuming copper cathode/billet.,https://www.haddebakir.com.tr/en
2-buyer,Turkey,TR,Hakan Metal San. ve Tic. Ltd. Şti.,Ankara (Ostim OSB),"Stainless/brass/aluminum/bronze/copper metal distributor (rod, sheet, pipe, fittings)",Cu,yes,3.8,confirmed,hakanmetal.com.tr,info@hakanmetal.com.tr,,,Ostim distributor stocking seven copper product lines since 1986.,https://www.hakanmetal.com.tr/kategoriler/bakir
2-buyer,Turkey,TR,HES Kablo (HES Hacılar Elektrik Sanayi),Kayseri OSB,"National cable/copper-rod manufacturer; anode casting + electrolysis + wire-drawing to ~42,000 t/yr 8mm copper rod",Cu,yes,4.5,confirmed,hes.com.tr,,,,Vertically integrated copper facility (refining to cathode to rod) - major copper raw-material consumer.,https://www.hes.com.tr/tr/kurumsal/uretim-tesisleri/bakir-uretim-tesisi
2-buyer,Turkey,TR,Hünka Kablo,"Arnavutköy & Şişli, Istanbul","Energy, coaxial, fire-alarm and control cable manufacturer, 10,000 t/yr copper processing capacity",Cu,yes,3,confirmed,hunkakablo.com.tr,,,,"Cable manufacturer (est. 1995) consuming 10,000t/yr of copper.",https://hunkakablo.com.tr/
2-buyer,Turkey,TR,Irfan Pipes and Tubes,Istanbul (also Izmir),"Copper pipe manufacturer/supplier, 99.9% pure copper seamless/welded pipes",Cu,yes,3,confirmed,irfanpipes.com,sales@irfanpipes.com,,,Istanbul copper pipe mill consuming raw copper for tube production.,https://www.irfanpipes.com/copper-pipe/
2-buyer,Turkey,TR,Işık Bakır San. ve Tic. A.Ş.,Konya,"Konya copper/aluminium rolling group, originally founded on copper rolling (hadde) production",Cu,yes,2.8,plausible,isikbakir.com.tr,,,,Long-established Konya metal manufacturer with historical core in copper rolling; landing page bot-walled for details but company/location confirmed real (now largely Al/steel).,https://isikbakir.com.tr/
2-buyer,Turkey,TR,İstanbul Metal Sanayi ve Ticaret A.Ş.,Istanbul,"Non-ferrous metal importer/distributor since 1956 - copper, nickel, tin, zinc in rod/sheet/wire, LME-standard stock",Cu,yes,4,confirmed,istmetal.com.tr,,,,70-year non-ferrous metal import/distribution house stocking copper - classic importer buyer.,https://www.istmetal.com.tr/urunler
2-buyer,Turkey,TR,İz-Metal A.Ş. (Dikkan Group),"Kemalpaşa OSB, İzmir","Bronze/brass sand & centrifugal casting foundry - red bronze, tin bronze, aluminium bronze, brass rod",Cu,yes,4,confirmed,iz-metal.com,,,,"One of Europe's largest bronze foundries, part of Dikkan Group - large-volume copper-alloy foundry.",https://iz-metal.com/tr/iletisim.html
2-buyer,Turkey,TR,Kale Musluk Sanayi ve Ticaret A.Ş. (Kalepres),"Dilovası, Kocaeli","Brass sanitary-fitting manufacturer (hot forging/machining of brass rod, CW617N etc.)",Cu,yes,4,confirmed,kalepres.com,sales@kalepres.com,,,Large brass-forging manufacturer consuming brass/copper rod at scale.,http://www.kalepres.com/
2-buyer,Turkey,TR,Kayalar Bakır Alaşımları (Kayalar Copper),"Ergene, Tekirdağ","Copper-alloy sheet/strip/coin-blank manufacturer (Koçkaya Holding), first in Turkey to hot-roll copper alloys",Cu,yes,4.5,confirmed,kayalarcopper.com,info@kayalarcopper.com,,,"Est. 1958 copper-alloy sheet/strip mill for automotive, electronics, defense, mint - large-volume consumer.",https://kayalarcopper.com/
2-buyer,Turkey,TR,Kaymer Metal,"Beylikdüzü, Istanbul","Copper, brass and non-ferrous metal distributor (rods, tubes, sheets, welding wire, ingots)",Cu,yes,3.5,confirmed,kaymermetal.com.tr,info@kaymermetal.com.tr,,,Distributor/stockist of copper and copper-alloy semi-finished products.,http://kaymermetal.com.tr/Urunlerimiz.asp?Urunlerimiz=BAKIR
2-buyer,Turkey,TR,Kervancıoğlu Bakır Metal San. ve Tic. A.Ş.,Gaziantep (Şehitkamil),"Copper sheet, rod, wire, foil & strip manufacturer; imports raw copper (in copper sector since 1950)",Cu,yes,4.5,confirmed,kervancioglumetal.com,info@kervancioglumetal.com,,,"Gaziantep industrial copper consumer/importer, GSO member, ISO 9001/14001 - direct fit for cathode-grade ingots.",https://www.kervancioglumetal.com/
2-buyer,Turkey,TR,Küçükarslanlar Bakır Çinko Sanayi ve Tic. A.Ş.,Ankara (Ostim sales office; main plant Arsin/Trabzon),"Copper/zinc/lead processor and trader (copper bar/lama, sheet) since 1968",Cu,yes,3.5,confirmed,kucukarslanlar.com,,,,National copper/zinc/lead processor with active Ankara/Ostim sales office.,https://www.kucukarslanlar.com/
2-buyer,Turkey,TR,Maydor Metal Hırdavat Mak. İnş. San. ve Tic. Ltd. Şti.,Ankara (Ostim OSB),Copper sheet supplier/hardware trader,Cu,,3,confirmed,maydormetal.com.tr,maydormakinaltd@gmail.com,,,"Ostim non-ferrous metals trader in copper sheet for electrical, automotive, tooling sectors.",https://www.maydormetal.com.tr/
2-buyer,Turkey,TR,Mega Metal San. ve Tic. A.Ş.,Kayseri OSB,"Copper cathode importer/exporter and oxygen-free electrolytic copper (fine) wire producer, ISO 500, IPO 2023",Cu,yes,4.8,confirmed,megametal.com.tr,,,,"Kayseri mill that imports/trades copper concentrate, blister, anode, cathode and converts cathode into superfine copper wire - textbook on-target national buyer/trader.",https://megametal.com.tr/kurumsal/
2-buyer,Turkey,TR,Mega Platin,"Dilovası, Kocaeli","Trading and marketing of copper, bronze and brass materials (est. 2018)",Cu,,2.5,confirmed,megaplatin.com,satis1@megaplatin.com,,,"Non-ferrous metal trading company buying/selling copper, bronze and brass stock.",https://www.megaplatin.com/kurumsal/
2-buyer,Turkey,TR,Mert Metal (Mert Çelik Metal Ürünleri San. ve Tic. A.Ş.),"Kemalpaşa OSB, İzmir","Brass, copper, aluminium & bronze distributor - rod, sheet, tube, lama across İzmir/Manisa/Aydın",Cu,yes,3,confirmed,mertmetal.net,,,,İzmir metal distributor stocking copper/brass/aluminium bar/sheet/tube - regional buyer.,https://www.mertmetal.net/izmir
2-buyer,Turkey,TR,Mervan Otomotiv,"Nilüfer, Bursa",Automotive/HVAC copper tube & cable manufacturer,Cu,,2,plausible,mervanotomotiv.com,,,,Bursa automotive/HVAC parts maker producing copper tube & cable; site confirmed via search though page fetch was 403-blocked.,https://mervanotomotiv.com/urunler/bakir-boru-kablo/
2-buyer,Turkey,TR,Mes Metal Ekstrüzyon San. ve Tic. A.Ş.,"Beylikdüzü, Istanbul","Brass/bronze ingot, billet and continuous-casting ingot manufacturer, 30,000 t/yr casting capacity",Cu,yes,4,confirmed,mesmetal.com,info@mesmetal.com,,,"Since 1981, specializes in copper-alloy ingots/billets at industrial scale.",https://mesmetal.com/?lang=en
2-buyer,Turkey,TR,Mineria Metal,"Ataşehir, Istanbul",Copper cathode trading agent for Gerald Group; short/medium/long-term contracts,Cu,yes,4,confirmed,mineriametal.com,,,,"Dedicated copper cathode trading house, agent for a major global metal trader - direct-target buyer/trader.",https://www.mineriametal.com/bakir-katot
2-buyer,Turkey,TR,Nergiz Kablo San. ve Tic. Ltd. Şti. (Nergiz Cable),"Dudullu OSB, Istanbul","Elevator, control and CCTV cable manufacturer since 1980, exports to 30 countries",Cu,,3,confirmed,nergizkablo.com.tr,,,,Established Istanbul copper-conductor cable manufacturer.,https://www.nergizcable.com/index.html?dil=1
2-buyer,Turkey,TR,Nova Bakır,Samsun (HQ) / Ankara (sales-warehouse),"Copper cathode supplier/trader (ASTM B115 / EN 1978 grade, min 99.99%)",Cu,yes,3.5,confirmed,novabakir.com,info@novabakir.com,,,Copper cathode trading company supplying metal-processing and electrical/electronics industries; export@novabakir.com also listed.,https://novabakir.com/urunler/bakir-katot/
2-buyer,Turkey,TR,Ören Kablo A.Ş.,"Silivri, Istanbul","Low-current/coaxial/control cable manufacturer, Turkey's first coaxial cable maker (1979)",Cu,yes,3,confirmed,orenkablo.com,sales@orenkablo.com,,,"Marmara-region cable factory exporting to 50+ countries, copper-core producer.",https://www.orenkablo.com/tr/Text/Kurumsal
2-buyer,Turkey,TR,Özel Elektrolitik Bakır Mamulleri San. ve Dış Tic. A.Ş. (Ozelbakir),"Bahçelievler, Istanbul",Electrolytic copper wire products manufacturer - drawn/annealed/tinned wire,Cu,yes,3,plausible,ozelbakir.com,,,,Named electrolytic-copper wire manufacturer registered in Istanbul; site connection unstable at check time but company and domain are real.,http://www.ozelbakir.com/tr/content-160-bakir.html
2-buyer,Turkey,TR,Özer Metal San. A.Ş.,"Çerkezköy, Tekirdağ","Copper, bronze & brass strip, round wire and flat wire manufacturer since 1960",Cu,yes,3,confirmed,ozermetal.com,ozer@ozermetal.com,,,Long-established copper/bronze/brass strip mill in the Marmara corridor - core target niche.,https://www.ozermetal.com/en/
2-buyer,Turkey,TR,Özmer Metal Paz. Tic. San. Ltd. Şti.,Ankara (Ostim),"Non-ferrous metal trader/foundry: aluminium, bronze, brass and copper products plus engineering plastics",Cu,,2.5,confirmed,ozmermetal.com,info@ozmermetal.com.tr,,,Multi-metal distributor/foundry carrying copper/brass/bronze stock since 1990.,https://www.ozmermetal.com/
2-buyer,Turkey,TR,Öznur Kablo,"Istanbul HQ / Çerkezköy, Tekirdağ factory","National cable manufacturer with 70,000 t/yr 8mm electrolytic copper wire-rod capacity",Cu,yes,5,confirmed,oznurkablo.com.tr,,,,"Large-scale copper wire-rod consumer/producer, cable maker since 1989.",https://www.oznurkablo.com.tr/en
2-buyer,Turkey,TR,Pamukkale Kablo,"Merkezefendi, Denizli",National cable manufacturer with in-house copper facility melting cathodes via UPCAST into 99.99% copper rod,Cu,yes,4.5,confirmed,pk.com.tr,factory@pk.com.tr,,,"50,000 t/yr cable producer whose copper facility melts purchased cathode into rod - large-volume cathode consumer.",https://www.pk.com.tr/
2-buyer,Turkey,TR,Sarbak Metal Ticaret ve Sanayi A.Ş.,"Çerkezköy, Tekirdağ","Brass extrusion, casting, rods, ingots and billets; OECAM member (European Copper Alloy Ingot Manufacturers Assoc.)",Cu,yes,3.5,confirmed,sarbak.com.tr,,,,Copper-alloy ingot/billet manufacturer and OECAM member - bulk copper-alloy ingot buyer/producer.,https://www.sarbak.com.tr/
2-buyer,Turkey,TR,Sarcam Bobinaj ve Trafo Telleri San. ve Tic. A.Ş. (SARCAM Winding Wires),"Istanbul HQ / Dilovası, Kocaeli factory","Insulated & bare, flat & round copper and aluminium winding-wire manufacturer, 45+ yrs",Cu,yes,4,confirmed,sarcam.com.tr,info@sarcam.com.tr,,,"Copper winding/magnet-wire producer, direct consumer of copper rod/cathode-derived stock.",https://www.sarcam.com.tr
2-buyer,Turkey,TR,Sarkuysan Elektrolitik Bakır San. ve Tic. A.Ş.,Gebze/Kocaeli,"National-major electrolytic copper products manufacturer (cathode, wire rod, ETP/DHP wire, busbar, tube)",Cu,yes,5,confirmed,sarkuysan.com,,,,"Turkey's largest publicly-traded electrolytic copper producer, ~220,000t/yr, consumes cathode as core raw material.",https://sarkuysan.com/en
2-buyer,Turkey,TR,SAR POWER (Sarkuysan / Sarmakina subsidiary),Turkey (Sarkuysan group),Machined copper & aluminum busbar manufacturer,Cu,yes,3,confirmed,sarpower.com,b.turkoglu@sarmakina.com.tr,,,Busbar manufacturer using in-house copper stock (Cu-OF/Cu-ETP) for transformer/switchgear busbars.,https://www.sarpower.com/copper-busbar
2-buyer,Turkey,TR,Seval Kablo,"Denizli / Buharkent, Aydın","National energy-cable manufacturer, ~24,000 t/yr copper processing capacity",Cu,yes,4,confirmed,sevalkablo.com,info@sevalkablo.com.tr,,,"Large cable manufacturer with 24,000 t/yr copper processing - high-volume copper buyer.",https://www.sevalkablo.com/
2-buyer,Turkey,TR,SSM Bakır,"Nilüfer, Bursa","Copper tube, rod, sheet & strip products plus electrical/grounding systems",Cu,,3,confirmed,ssmbakir.com,info@ssmbakir.com,,,Bursa copper tube/rod/sheet distributor-manufacturer in target city.,https://www.ssmbakir.com/bakir-urunler-bakir-boru.html
2-buyer,Turkey,TR,Teksa Metal,Kocaeli / İzmit,"Non-ferrous metal supplier: aluminium, copper, bronze, brass products (est. 2004)",Cu,,2.5,confirmed,teksametal.com.tr,,,,Regional metal stockist/distributor carrying copper and brass semis.,https://www.teksametal.com.tr/
2-buyer,Turkey,TR,Hitit Kablo (Hitit Bakır Kablo San. ve Dış Tic. A.Ş.),"Gebze/Çayırova, Kocaeli","Copper & aluminium conductor cable manufacturer (energy, communication, instrument cables)",Cu,yes,3,confirmed,hititkablo.com,,,,"Kocaeli cable maker; copper-conductor cable manufacturing consumes copper wire rod. Real own site (hititkablo.com) confirmed via search, replacing the directory listing.",https://hititkablo.com/
2-buyer,Turkey,TR,T.M.S. Pirinç Çubuk Sanayi ve Ticaret Ltd. Şti.,"Bornova, İzmir","Non-ferrous metal trader - stainless, brass, aluminium, copper, zinc rod/sheet/tube",Cu,yes,3,confirmed,tmspirinc.com.tr,,,,İzmir non-ferrous metal trading company dealing in copper/brass/zinc products.,https://tmspirinc.com.tr
2-buyer,Turkey,TR,Türk Bakır Sanayi (Turkish Copper Industries / TCI),"Aliağa, İzmir",Copper mould tube manufacturer & repair for steel-industry continuous casting,Cu,,3,confirmed,trcopper.com,info@trcopper.com,,,"İzmir copper mould manufacturer exporting to 21 countries, consumes high-purity copper for mould/tube production.",https://www.trcopper.com/en/iletisim.html
2-buyer,Turkey,TR,Truva Pirinç (Truva Metal Tic. ve San. A.Ş.),"Esenyurt, Istanbul","Brass rod & billet manufacturer, cold-drawn ingots and hollow rods, ~1,000 t/month, BPSD member",Cu,yes,4,confirmed,truvapirinc.com,info@truvapirinc.com,,,Sizeable brass rod/billet mill converting copper-zinc feedstock at scale.,https://truvapirinc.com/
2-buyer,Turkey,TR,Tuğral Döküm,"Nilüfer, Bursa","Copper, bronze, brass & aluminum casting foundry (rod extrusion + plate rolling)",Cu,yes,3,confirmed,tugraldokum.com,,,,Bursa brass/bronze/copper foundry in the target region.,https://www.tugraldokum.com/en/brass/
2-buyer,Turkey,TR,Tunç Metal,"Kağıthane, Istanbul","Copper & brass tube, fittings and non-ferrous semi-products manufacturer/distributor since 1974",Cu,,3,confirmed,tuncmetal.com,info@tuncmetal.com,,,Established copper tube/non-ferrous semis maker/distributor in the Marmara belt.,https://www.tuncmetal.com/index.php?lang=en
2-buyer,Turkey,TR,Turka Metal,"Tuzla/Gebze, Istanbul-Kocaeli","Copper importer/distributor and part-manufacturer: pure ECU copper, phosphor copper, alloy copper sheet/rod/tube",Cu,yes,3.5,confirmed,turka-metal.com,info@turka-metal.com,,,Produces and imports copper/copper-alloy materials - importer/distributor of copper raw stock.,https://turkametal.com.tr/
2-buyer,Turkey,TR,UCI - Ulusoy Copper Industries,"Sincan, Ankara",Copper pipe/tube manufacturer to EN 12735 (refrigeration/AC copper tube),Cu,yes,3.5,confirmed,uci.com.tr,info@uci.com.tr,,,Copper tube mill consuming copper cathode/rod raw material.,https://www.uci.com.tr/
2-buyer,Turkey,TR,Ulus Metal San. Tic. Ltd. Şti.,Ankara (Ostim OSB),Copper sheet/coil trader,Cu,yes,3.4,confirmed,ulus-metal.com,uluspk@ulusmetal.com,,,Ostim trading firm dealing in copper sheet/coil - regional importer/distributor.,https://www.ulus-metal.com/
2-buyer,Turkey,TR,Vatan Kablo (Vatan Kablo Metal End. ve Tic. A.Ş.),"Çorlu, Tekirdağ (Marmara)","Cable manufacturer with own 24,000 t/yr copper rod production facility (cathode-fed UPCAST line)",Cu,yes,4,confirmed,vatan.com.tr,,,,Melts copper cathode into 99.99% wire rod on-site - direct cathode consumer.,https://www.vatan.com.tr/tesisler/bakir-uretim-tesisi.html
2-buyer,Turkey,TR,Zafer Kablo San. ve Tic. Ltd. Şti.,"Aliağa, İzmir","Copper wire & PVC/XLPE cable manufacturer since 1973, ~5,000 t/yr copper capacity",Cu,yes,4,confirmed,zaferkablo.com.tr,,,,"İzmir-region copper wire/cable maker with 5,000 t/yr copper capacity, exports ~80%.",https://zaferkablo.com.tr/
2-buyer,Turkey,TR,Zeki Metal-Plastik,Turkey,"Brass, copper, bronze and aluminium products trader",Cu,,2.5,plausible,zekimetalplastik.com,,,,Named copper/brass/bronze trading company - smaller distributor.,https://www.zekimetalplastik.com/urunlerimiz
2-buyer,Turkey,TR,Türk Prysmian Kablo ve Sistemleri A.Ş.,"Mudanya, Bursa","Energy and telecom cable manufacturer since 1964; 180,000 m2 Mudanya plant. Copper-conductor power cables.",Cu,yes,0.93,confirmed,https://tr.prysmian.com,,,,Major cable mill consuming copper wire-rod/cathode for conductors — bulk copper buyer.,https://tr.prysmian.com
2-buyer,Turkey,TR,Nexans Türkiye (Nexans İletişim End. ve Tic. A.Ş.),"Tuzla, İstanbul & Denizli",Cable manufacturer with 57 years of Turkish production at Tuzla and Denizli plants; copper and aluminium conductor cables.,Cu,yes,0.9,confirmed,https://www.nexans.com.tr,,,,Established copper-conductor cable mill — bulk consumer of copper wire-rod/cathode.,https://www.nexans.com.tr
2-buyer,Turkey,TR,2M Kablo San. ve Tic. A.Ş.,"Çerkezköy, Tekirdağ","Special and standard cable maker (founded 1993) for energy, industrial, petrochemical, marine sectors; exports to 80 countries.",Cu,yes,0.85,confirmed,https://www.2mkablo.com,satis@2mkablo.com,,,Cable mill producing copper-conductor cables — consumes copper wire-rod/cathode.,https://www.2mkablo.com
2-buyer,Turkey,TR,Ünika Üniversal Kablo San. ve Tic. A.Ş.,"Çerkezköy, Tekirdağ","Power, control and instrumentation cable manufacturer (HQ Istanbul, plant Çerkezköy); marine/offshore/rail/solar cables, ABS/DNV/LR certified.",Cu,yes,0.83,confirmed,https://www.unika.com.tr,info@unika.com.tr,,,Copper-conductor cable maker serving 80+ countries — bulk copper wire-rod/cathode consumer.,https://www.unika.com.tr
2-buyer,Turkey,TR,Demirer Kablo,İstanbul,"Power cable, cable-accessory and fiber-optic cable manufacturer/supplier with project design, execution and testing services.",Cu,yes,0.8,confirmed,https://www.demirerkablo.com.tr,,,,Power-cable manufacturer using copper conductors — copper wire-rod/cathode consumer.,https://www.demirerkablo.com.tr
2-buyer,Turkey,TR,Ünal Kablo,İstanbul,Turkish electrical cable / wire manufacturer (copper-conductor cables). Site is bot-walled (HTTP 403) but the company and domain resolve.,Cu,yes,0.68,plausible,https://www.unalkablo.com,,,,"Named copper-conductor cable maker; bot-walled so not opened — clearly real, plausible copper buyer.",https://www.unalkablo.com
2-buyer,Turkey,TR,Erse Kablo,İstanbul,Turkish cable and wire manufacturer (copper-conductor energy/control cables). Server refused external connection during verification but the company is a known real maker.,Cu,yes,0.66,plausible,https://www.ersekablo.com.tr,,,,Named copper-conductor cable manufacturer; site unreachable to bot fetch — plausible copper buyer.,https://www.ersekablo.com.tr
2-buyer,Turkey,TR,Arslan Metal Sanayi A.Ş.,Samsun,Copper (and lead) products maker: copper wire and mesh (est. 1964),Cu,yes,3,confirmed,https://www.arslanmetalsanayi.com.tr,info@arslanmetalsanayi.com.tr,,,Manufactures copper wire/mesh in custom diameters; consumes copper as raw material. Mid-size on-target consumer.,https://www.arslanmetalsanayi.com.tr/bakir-tel-ve-orgu/
2-buyer,Turkey,TR,Samtaş Elektrolitik Bakır Tel Mam. ve Metal San. Tic. Ltd. Şti.,İstanbul,"Electrolytic copper flat-wire, copper rod and copper profile maker (40+ yrs)",Cu,yes,3,plausible,http://samtas.com.tr,,,,Clearly-real named electrolytic copper semis maker consuming copper as feedstock; domain resolves but is SSL/cert-walled so not directly readable.,http://samtas.com.tr/
2-buyer,Turkey,TR,Demirer Kablo Sanayi ve Ticaret A.Ş.,Denizli,Energy and building wire/cable manufacturer,Cu,yes,4,plausible,https://www.demirerkablo.com,,,,Established Turkish cable maker; copper-conductor cables consume copper rod. Site TLS-walled (cert error) but domain resolves,https://www.demirerkablo.com
2-buyer,Turkey,TR,2M Kablo Sanayi ve Ticaret A.Ş.,İstanbul,Electrical wire and cable manufacturer,Cu,yes,3,plausible,https://www.2mkablo.com.tr,,,,Real Turkish cable maker consuming copper conductor; site behind shared-host/TLS wall but domain resolves,https://www.2mkablo.com.tr
2-buyer,Turkey,TR,Bakpir Metal,İstanbul,"Manufacturer of brass coils, copper rod, copper busbar, brass foil/band",Cu,yes,3,plausible,https://www.bakpirmetal.com,,,,Produces copper rod/busbar and brass — consumes copper cathode/scrap as raw material. Site TLS-walled but domain resolves,https://www.bakpirmetal.com
2-buyer,Turkey,TR,Bantboru Sanayi ve Ticaret A.Ş.,Gebze / İstanbul,Manufacturer of precision copper and aluminium tube/pipe original-equipment for automotive and refrigeration industries,Cu,yes,3,plausible,https://www.bantboru.com,,,,Copper tube/coil OE maker for refrigeration — consumes copper as raw material. Live site opened; copper not named on homepage so kept as plausible,https://www.bantboru.com
2-buyer,Turkey,TR,İnter Kablo ve Bakır Sanayi Ticaret Ltd. Şti.,"Gebze, Kocaeli","Non-ferrous metals wholesale trader (copper & cable materials) est. 2010, Gebze, Kocaeli",Cu,yes,3,plausible,find.com.tr/Company/interkablovebakirsanayiticaretlimitedsirketi,,,,"Trade-registry-confirmed copper/non-ferrous wholesale trader in Gebze/Kocaeli; no own website, directory listing only.",https://www.find.com.tr/Company/interkablovebakirsanayiticaretlimitedsirketi
2-buyer,Turkey,TR,Hitit Kablo Sanayi ve Ticaret Ltd. Şti.,"Gebze, Kocaeli","Cable manufacturer based in Gebze, Kocaeli",Cu,,3,plausible,tikla.com.tr/hitit-kablo-sanayi-ve-ticaret-limited-sirketi.html,,,,"Gebze/Kocaeli cable maker; directory-listed only, own site not verified - copper-conductor cable producer.",https://www.tikla.com.tr/hitit-kablo-sanayi-ve-ticaret-limited-sirketi.html
2-buyer,Turkey,TR,Akınlar Kablo Yan Ür. Pls. San. ve Tic. Ltd. Şti.,"Nilüfer OSB, Bursa","Cable/wire-accessory manufacturer, Nilüfer OSB (NOSAB), Bursa",Cu,,2,plausible,nosab.org.tr/firmalar/tr,,,,"NOSAB-directory-confirmed cable manufacturer in Bursa consuming copper wire; no own site, directory listing only.",https://www.nosab.org.tr/firmalar/tr
2-buyer,Turkey,TR,Ilhan Trading,"Ataşehir, Istanbul","Metal trading company, agent of Gerald Metals in Turkey; primary aluminum, copper cathodes, zinc ingots (contracted/spot)",Cu,yes,4,confirmed,ilhantrading.com,,,,Explicitly trades copper cathodes in spot/contracted volumes as Gerald Metals' Turkey agent - direct trader/importer.,https://www.ilhantrading.com/metal
2-buyer,Turkey,TR,Göknur Kablo Bakır San. Tic.,"Gebze, Kocaeli","Cable manufacturer producing Antigron, TTK, underground, coaxial, NYA/NYAF copper-core cables",Cu,,3,plausible,tr.kompass.com/c/goknur-kablo-bakir-san-tic/tr019951/,,,,"Kocaeli copper-cable manufacturer listed on Kompass with verifiable address; no own site, directory listing only.",https://tr.kompass.com/c/goknur-kablo-bakir-san-tic/tr019951/
2-buyer,Turkey,TR,Kaplan Pirinç (Kaplan Brass),Istanbul,"Brass rod manufacturer (40+ years); copper-alloy ingots to spec (site bot-walled, HTTP 403)",Cu,,3,plausible,kaplanpirinc.com,,,,"Real named brass rod maker consuming copper for alloy; domain resolves, site 403-walled to fetch.",
2-buyer,India,IN,Polycab India Ltd,Mumbai,"India's largest wire & cable manufacturer (house wire, power & industrial cables)",Cu,yes,5,confirmed,https://polycab.com,customercare@polycab.com,,,Massive copper-cathode/rod consumer for wires and cables; a top national buyer,https://polycab.com
2-buyer,India,IN,KEI Industries Ltd,New Delhi,"Wire & cable manufacturer (HT/LT power, control, house wire)",Cu,yes,5,plausible,https://www.kei-ind.com,,,,Large listed cable maker consuming copper; site cert-walled but company is real,https://www.kei-ind.com
2-buyer,India,IN,Finolex Cables Ltd,Pune,Electrical & communication cable manufacturer (four plants),Cu,yes,5,confirmed,https://finolex.com,sales@finolex.com,,,"Major copper wire/cable producer, consumes copper as core raw material",https://finolex.com
2-buyer,India,IN,RR Kabel Ltd,Mumbai,Wire & cable manufacturer with multiple factories,Cu,yes,5,confirmed,https://rrkabel.com,,,,Listed cable maker consuming copper for wires/cables,https://rrkabel.com
2-buyer,India,IN,Apar Industries Ltd,Mumbai,Conductors & cables manufacturer (power/telecom cables),Cu,yes,4,confirmed,https://apar.com,,,,Large conductor/cable maker; consumes copper for its cable lines,https://apar.com
2-buyer,India,IN,Havells India Ltd,New Delhi,Electrical goods maker incl. flexible cables & wires,Cu,yes,4,confirmed,https://www.havells.com,customercare@havells.com,,,Manufactures copper flexible cables/wires in-house; sizeable copper user,https://www.havells.com
2-buyer,India,IN,Universal Cables Ltd (UNISTAR),Satna,Power cable & capacitor manufacturer (M.P. Birla Group),Cu,yes,4,confirmed,https://unistar.co.in,delhi@unistar.co.in,,,XLPE/PVC power-cable maker with copper conductors; established since 1962,https://unistar.co.in
2-buyer,India,IN,V-Guard Industries Ltd,Kochi,Electricals maker incl. wires & industrial cables,Cu,,3,confirmed,https://www.vguard.in,mail@vguard.in,,,In-house copper wires & cables line; genuine copper consumer,https://www.vguard.in
2-buyer,India,IN,Dynamic Cables Ltd,Jaipur,Wire & cable manufacturer (copper armoured power cables),Cu,yes,4,confirmed,https://www.dynamiccables.co.in,info@dynamiccables.co.in,,,Explicitly manufactures copper armoured LV/MV cables; listed (DYCL),https://www.dynamiccables.co.in
2-buyer,India,IN,Cords Cable Industries Ltd,New Delhi,"Control, power & instrumentation cable manufacturer",Cu,yes,4,confirmed,https://www.cordscable.com,ccil@cordscable.com,,,LV cable maker with copper conductors serving power/oil&gas/metro,https://www.cordscable.com
2-buyer,India,IN,Paramount Communications Ltd,New Delhi,Wire & cable manufacturer (power/telecom/railway cables),Cu,yes,4,plausible,https://www.paramountcables.com,,,,Listed cable maker consuming copper; homepage JS-walled but company is real,https://www.paramountcables.com
2-buyer,India,IN,Gemscab Industries Ltd,New Delhi,Industrial wire & cable manufacturer (Bhiwadi/Pathredi plants),Cu,yes,3,confirmed,https://www.gemscab.com,delhi@gemscab.com,,,"HT/LT power, control & building-wire maker consuming copper; supplies BHEL/NTPC",https://www.gemscab.com
2-buyer,India,IN,Gloster Cables Ltd,Secunderabad,Power & control cable manufacturer,Cu,yes,4,confirmed,https://www.glostercable.com,corporate@glostercable.com,,,HT/LT copper power & control cable maker for utilities,https://www.glostercable.com
2-buyer,India,IN,Ram Ratna Wires Ltd,Silvassa,Enamelled/winding copper wire manufacturer (RR Global),Cu,yes,5,confirmed,https://www.rrshramik.com,indsales@rrglobal.in,,,2nd-largest winding-wire maker in South Asia; pure copper consumer,https://www.rrshramik.com
2-buyer,India,IN,Precision Wires India Ltd,Mumbai,Enamelled/winding copper wire manufacturer,Cu,yes,5,plausible,https://precisionwires.in,,,,"Major magnet/winding-wire maker, direct copper consumer; site bot-walled (403)",https://precisionwires.in
2-buyer,India,IN,Rajputana Industries Pvt Ltd,Jaipur,"Copper wire rod, billets, busbar & winding wire manufacturer",Cu,yes,5,confirmed,https://www.rajputanaindustries.com,sales@rajputanaindustries.com,,,Directly casts copper wire-rod/billets/busbar from cathode; core target buyer,https://www.rajputanaindustries.com/home
2-buyer,India,IN,Bhagyanagar India Ltd,Secunderabad,"Copper rod, wire, busbar, foil, strip & tube manufacturer",Cu,yes,5,confirmed,https://www.bhagyanagarindia.com,marketing@bhagyanagarindia.com,,,Direct cathode-to-copper-products maker (telecom/solar/railways/defence),https://www.bhagyanagarindia.com
2-buyer,India,IN,Multimetals Ltd,Kota,Seamless copper & copper-alloy (cupro-nickel/brass) tube manufacturer,Cu,yes,4,plausible,https://www.multimetals.in,,,,"Copper-alloy tube mill consuming copper; est. 1962, exports 50+ countries",https://www.multimetals.in
2-buyer,India,IN,Mehta Tubes Ltd,Ahmedabad,"Copper & copper-alloy tube, bar, pipe, rod & strip manufacturer",Cu,yes,4,confirmed,https://www.mehtatubes.com,,,,Copper tube/bar mill consuming copper as raw material,https://www.mehtatubes.com
2-buyer,India,IN,Rajhans Metals Pvt Ltd,Jamnagar,Brass & copper rod/wire/alloy manufacturer,Cu,yes,4,plausible,https://www.rajhansmetals.com,,,,Large Jamnagar brass/copper-alloy maker consuming copper; site server-walled,https://www.rajhansmetals.com
2-buyer,India,IN,MMTC Limited,New Delhi,State trading company importing/trading non-ferrous metals incl. copper,Cu,yes,3,plausible,https://www.mmtclimited.com,,,,Government trading house that imports/trades copper and base metals; site cert-walled,https://www.mmtclimited.com
2-buyer,India,IN,Mukesh Metal Corporation,Mumbai,Non-ferrous metal trader/importer of LME-grade copper cathode (est. 1966),Cu,yes,4,confirmed,https://www.mukeshmetal.co.in,,,,Supplies 99.99% LME-A copper cathode to wire/cable/transformer industry; direct fit,https://www.mukeshmetal.co.in/copper-cathode.html
2-buyer,India,IN,Harsh Metal,Mumbai,Importer/stockist of non-ferrous metals incl. copper anodes & wires,Cu,yes,3,confirmed,https://www.harshmetal.co.in,,,,25+ yr Bombay Metal Exchange trader importing copper products; buy-side importer,https://www.harshmetal.co.in
2-buyer,India,IN,Vindhya Telelinks Limited,Rewa / Gurugram,M.P. Birla group cable maker; copper telecom & power cables plus optical fibre.,Cu,yes,7,confirmed,https://www.vtlrewa.com,info@vtlrewa.com,,,Copper cable line confirmed; consumer of copper conductor.,https://www.vtlrewa.com
2-buyer,India,IN,Rajnandini Metal Limited,"Bawal, Rewari (Haryana)",Copper continuous-cast rod (8mm) and bare/fine/bunched copper wire maker; consumes copper cathode.,Cu,yes,8,confirmed,https://rajnandinimetal.com,"info@rajnandinimetal.com, +91-1284-264194",,,Copper rod mill feeding cable/motor industries; direct cathode buyer.,https://rajnandinimetal.com
2-buyer,India,IN,Phoolchand Bhagatsingh,Mumbai,Importer/trader/distributor of LME-registered 99.99% copper cathode and base metals.,Cu,yes,6.5,confirmed,https://www.phoolchand.com,"info@phoolchand.com, +91-8104919115",,,Active copper cathode importer/distributor; a channel buyer for cathode volumes.,https://www.phoolchand.com/copper-cathode.html
2-buyer,India,IN,Salzer Electronics Limited,Coimbatore (Tamil Nadu),"Enamelled/tinned copper wire, busbars, wire harness & switchgear maker",Cu,yes,4,confirmed,https://www.salzergroup.net,,,,"Manufactures copper wire, flexible busbars and bunched/tinned conductors - consumes copper as raw material.",https://www.salzergroup.net
2-buyer,India,IN,Gupta Power Infrastructure Limited,Bhubaneswar (Odisha),Cables & conductors manufacturer (GUPTA brand),Cu,yes,4,plausible,https://www.guptapower.com,,,,Large cable/conductor maker consuming copper; site SSL-walled but company is real.,https://www.guptapower.com
2-buyer,India,IN,Transformers & Rectifiers India Ltd (TARIL),"Ahmedabad, Gujarat","India's largest transformer manufacturer (power, furnace, rectifier, distribution)",Cu,yes,4,confirmed,https://www.transformerindia.com,info@transformerindia.com,,,Transformer winding consumes copper wire/strip; recurring industrial copper buyer,https://www.transformerindia.com
2-buyer,India,IN,Voltamp Transformers Ltd,"Vadodara, Gujarat",Power & distribution transformer manufacturer (up to 220kV),Cu,yes,4,confirmed,https://www.voltamptransformers.com,voltamp@voltamptransformers.com,,,Transformer coils use copper wire/strip/tubing; steady industrial copper buyer,https://www.voltamptransformers.com
2-buyer,India,IN,Shivalik Bimetal Controls Limited,Solan,Thermostatic bimetal & copper-clad strip / shunt maker,Cu,,3,confirmed,shivalikbimetals.com,,,,Clads and processes copper strip for shunts and bimetal; consumes copper as feedstock,
2-buyer,India,IN,Bharat Bijlee Ltd,Navi Mumbai,"Established 1946; manufacturer of power transformers, electric motors and drives.",Cu,,3.7,confirmed,bharatbijlee.com,,,,Transformer & motor maker consuming copper winding conductor.,https://www.bharatbijlee.com
2-buyer,India,IN,Sanghvi Metal Corporation,Mumbai,"Mumbai metal stockist / trader-distributor carrying copper strips, busbars and sheets alongside other metals.",Cu,,3.4,plausible,sanghvimetal.in,,,,"Genuine metals trader with a dedicated copper product line; distributor channel, not an end mill.",https://www.sanghvimetal.in
1-active,Oman,OM,Trade Oceanaire LLC,"Al Mabela South, Seeb, Muscat",Commodity trading & procurement house,Cu,,,confirmed,https://tradeoceanaire.com,info@tradeoceanaire.com,"LME-registered Grade A copper cathode, 99.97% min; 500 MT trial then 1,500 MT/month",2026-07-24,,https://www.go4worldbusiness.com/buyers/oman/metal.html
2-buyer,Oman,OM,Oman Cables Industry (SAOG),"Rusayl, Muscat",Copper & aluminium wire and cable manufacturer,Cu,yes,9.2,confirmed,https://omancables.com,jad.atallah@omancables.com,,,"Oman's largest cable maker; four factories at Rusayl making MV/LV power cables, control/instrumentation cables, conductors and building wire; combined copper+aluminium capacity 120,000 MT/yr. Consumes copper cathode/rod as core raw material.",https://omancables.com/company-overview/overview/
2-buyer,Oman,OM,Nuhas Oman LLC,"Rusayl, Muscat",OFHC continuous-cast copper rod + cable/wire manufacturer,Cu,yes,8.6,confirmed,https://www.nuhasoman.com,info@nuhasoman.com,,,"ISO 9001/BASEC-certified producer of 8mm Oxygen-Free High-Conductivity continuous-cast copper rod plus LV/MV cables, wires and conductors. Cast copper rod line consumes copper cathode directly.",https://www.nuhasoman.com/
2-buyer,Oman,OM,Voltamp Energy / Voltamp Transformers Oman,Sohar Industrial Area,Power & distribution transformer manufacturer,Cu,yes,8,confirmed,https://voltampoman.com,sales@voltampoman.com,,,"Largest power & distribution transformer manufacturer in the GCC, building units up to 400kV locally in Oman. Transformer production is a heavy consumer of copper winding wire/conductor.",https://voltampoman.com/
2-buyer,Oman,OM,Muscat Raw Material Supply Trading (FZE),Sohar Free Zone / Muscat,"Metals trader/distributor (steel, aluminium, copper, non-ferrous)",Cu,yes,7,confirmed,https://www.mrmsupply.com,,,,100% Omani metals trading & distribution house supplying industry across Oman/GCC; range explicitly includes copper coil and non-ferrous copper. Importer/distributor = buyer.,https://www.mrmsupply.com/about
2-buyer,Oman,OM,Mahesh Trading Company LLC,"Ghala, Muscat",Non-ferrous metals stockist/distributor,Cu,,6.3,confirmed,https://maheshtradingoman.com,sales@maheshtradingoman.com,,,"Stockist of copper, brass, bronze and non-ferrous alloys in plates, sheets, bars and rods for Oman industry; a copper-consuming distributor/stockist.",https://maheshtradingoman.com/catalogue/
2-buyer,Oman,OM,OM Commodities LLC,Muscat,Oman-based trading house dealing worldwide in ferrous and non-ferrous scrap plus primary metals and residues.,Cu,yes,3.5,plausible,omcommodities.com,,,,Trades primary and secondary non-ferrous metals including copper - a buyer/trader channel suited to bulk cathode/ingot re-export. Site served a TLS/cert error (bot-walled) so kept as plausible.,http://omcommodities.com/
2-buyer,Oman,OM,Al Jizzi Transformers & Switchgears SAOC,"Muscat (Maabella Industrial Area, Seeb)","ISO 9001 Omani transformer manufacturer (est. 1996); pole-mounted, drive, converter and earthing transformers with electrolytic-copper windings.",Cu,,3.2,confirmed,aljizzitransformers.com,ajtsoman@omantel.net.om,,,Explicitly uses electrolytic copper for transformer windings - a real copper consumer. Lower tier as a downstream user rather than a cathode/rod buyer.,https://www.aljizzitransformers.com/
2-buyer,Oman,OM,Ducab Oman (National Cable Factory),Oman,"Cable & overhead-conductor manufacturer in Oman (Ducab-acquired National Cable Factory); group operates a 110,000 t/yr copper-cathode-to-rod mill",Cu,yes,5,plausible,ducab.com,,,,"Ducab's copper mill converts imported cathode into ETP copper rod feeding its Oman cable plant; real named manufacturer, site bot-walled (403) so plausible.",
2-buyer,Oman,OM,National Electrical Industries Co. LLC (NEI),Muscat,"Omani switchgear manufacturer (est. 1997, Ali Mirza Group) producing LV/MV switchboards and busbar systems; works with copper busbar (partner Oriental Copper).",Cu,,3,confirmed,https://neioman.com,,,,Assembles switchboards using copper busbar — a smaller but genuine copper consumer. Specialist on-target buyer.,
2-buyer,Russia,RU,Moskabelmet Group (Moskabel / ELKAT),Moscow,Cable & wire mill + copper wire-rod (katanka) producer,Cu,yes,5,confirmed,https://www.mkm.ru,pr@mkm.ru / +7 495 673-83-21,,,"One of Russia's top-3 cable groups; ELKAT was the first in Russia to make copper rod by continuous casting-rolling, so it consumes copper cathode directly. Founded 1895.",https://www.mkm.ru/about/
2-buyer,Russia,RU,Gaisky Non-Ferrous Metals Processing Plant (GZOCM / Gayskaya Med),"Gai, Orenburg Oblast","OTsM non-ferrous rolling plant (copper anodes, rod, strip, roofing copper)",Cu,yes,5,confirmed,https://gzocm.ru,infogzocm@akron-holding.ru / 8 800 222-62-06,,,"Full non-ferrous processor since 1975 supplying ~30-35% of Russian industry; turns cathode into anodes, rod, strip, roofing copper. Classic cathode buyer.",https://gzocm.ru/
2-buyer,Russia,RU,Kirov Non-Ferrous Metals Processing Plant (KZOCM / CuPRO),Kirov,Full-cycle OTsM plant — copper/brass/bronze/cupronickel rolled products,Cu,yes,5,confirmed,https://kzocm.ru,client@kzocm.ru / +7 8332 40-65-02,,,Full-cycle metallurgical plant (since 1956) making copper and alloy rolled products; brand CuPRO. Buys cathode as primary feed.,https://cupro.su/production/
2-buyer,Russia,RU,Mtsensk Non-Ferrous Metals Processing Plant (MZOCM),"Mtsensk, Oryol Oblast","OTsM plant — copper/brass/bronze rods, wire, tube, strip, ingots",Cu,yes,4,plausible,https://mzocm.com,,,,"Named, long-running non-ferrous processing plant making rods/wire/tube/strip/ingots incl. universal copper products; homepage repeatedly truncated on fetch (content-walled) but clearly real. Verify contact directly.",https://mzocm.com/
2-buyer,Russia,RU,Kamsky Cable (Kamkabel),Perm,Cable & wire manufacturer (copper conductor),Cu,yes,5,confirmed,https://kamkabel.ru,zakaz@kamkabel.ru / 8 800 220-50-00,,,"One of the largest cable plants in Russia/CIS with 75,000+ SKUs; heavy copper-conductor consumer.",https://kamkabel.ru/
2-buyer,Russia,RU,"Electrocable Kolchugino Plant (EKZ, Cable Alliance Holding)","Kolchugino, Vladimir Oblast",Cable & wire mill + non-ferrous metal mesh (copper),Cu,yes,5,confirmed,https://elcable.ru,ekz@elcable.ru / +7 49245 95-333,,,"UMMC-group cable plant (since 1939, ~2,000 staff) serving Rosseti/Gazprom/metro; large copper-conductor consumer.",https://elcable.ru/about/
2-buyer,Russia,RU,Uralkabel (Cable Alliance Holding),Ekaterinburg,Cable & wire manufacturer + colored rolled metal (copper),Cu,yes,4,confirmed,https://uralcable.ru,office@uralcable.ru / +7 343 247-80-00,,,UMMC-group cable plant making copper/aluminum wire products and copper rolled metal; copper consumer.,https://uralcable.ru/
2-buyer,Russia,RU,Rybinskkabel,Rybinsk,Cable & wire manufacturer (copper & aluminum conductor),Cu,yes,4,confirmed,https://www.rkz.ru,rkz@rkz.ru / 8 800 100-70-76,,,"Cable plant since 1949 producing ~1 km/10 min across 40,000+ SKUs with copper conductors; steady copper draw.",https://www.rkz.ru/
2-buyer,Russia,RU,Sevkabel,Saint Petersburg,Cable & wire manufacturer (copper conductor),Cu,yes,4,confirmed,https://sevcable.ru,,,,"Russia's oldest cable factory (1879), 25,000+ SKUs incl. oil/gas and shipbuilding cables — traditional copper-conductor consumer.",https://sevcable.ru/
2-buyer,Russia,RU,Chuvashkabel Plant,"Cheboksary, Chuvash Republic",Cable & wire manufacturer (copper conductor),Cu,yes,4,confirmed,https://chuvashcable.ru,kabel@ch-k.ru / 8 800 707-00-69,,,"Cable maker since 1961, ISO 9001; power/automotive/comm/solar cables all copper-conductor based.",https://chuvashcable.ru/
2-buyer,Russia,RU,Energokabel,Moscow,Cable & wire manufacturer + wholesaler (copper conductor),Cu,,4,confirmed,https://www.energokab.ru,client@energokab.ru / +7 495 221 89 93,,,One of Russia's larger PVC-insulated cable makers (top-5 in its segment); copper-conductor consumer with wholesale arm.,https://www.energokab.ru/en/
2-buyer,Russia,RU,Kirskabel,"Kirs, Kirov Oblast",Cable & wire manufacturer (copper conductor),Cu,yes,4,plausible,https://kirscable.ru,,,,Long-established Russian wire & cable plant; site refused the connection from the verifier (ECONNREFUSED / geo-walled) but the company is clearly real. Verify directly.,https://kirscable.ru/
2-buyer,Russia,RU,Evromet (EuroMet),Novosibirsk,"Non-ferrous distributor/trader — copper, bronze, brass semi-products",Cu,,3,confirmed,https://ewromet.ru,info@ewromet.ru / 8 800 775-12-39,,,Genuine B2B non-ferrous distributor stocking and reselling copper/bronze/brass semis with delivery across Russia; buys to resell.,https://ewromet.ru/catalog/med_bronza_latun/
2-buyer,Russia,RU,Kamensk-Uralsky Non-Ferrous Metals Processing Plant (KUZOTsM),Kamensk-Uralsky,"Non-ferrous metals mill producing copper wire, brass/bronze rod, profiles and sheet",Cu,yes,4.5,confirmed,kuzocm.ru,sales@kuzocm.ru,,,"System-critical enterprise (~12.5bn RUB revenue, 1000+ staff, 525,000 m2) consuming copper to make wire/rod - a large-volume copper buyer.",https://kuzocm.ru/
2-buyer,Russia,RU,Sibkabel,Tomsk,"Cable & wire manufacturer (170,000+ variants) producing copper and aluminum wire/conductors",Cu,yes,4,confirmed,sibkabel.ru,office@sibkabel.ru,,,Tomsk cable plant (Holding Kabelny Alliance) explicitly making copper wire; ongoing plant expansions confirm active copper use.,https://sibkabel.ru/
2-buyer,Russia,RU,Atis Steel,Moscow,Metals distributor/trader stocking and selling copper cathode (GOST 546-2001) and copper rolled products,Cu,yes,3.5,confirmed,atissteel.ru,info@atissteel.ru,,,Moscow trader holding copper cathode in stock (280-420 RUB/kg) plus copper tube/wire/sheet/bar - a copper-buying distributor.,https://www.atissteel.ru/mednij-prokat/med-katodnaja/
2-buyer,Russia,RU,RUSKAT,Tolyatti,Copper wire rod producer (rolled copper feedstock for cable/conductor makers),Cu,yes,3.2,confirmed,rus-kat.com,,,,"Manufactures copper wire rod, which requires consuming copper cathode - a genuine copper buyer, though the site is thin/dated.",https://rus-kat.com/products/
2-buyer,Russia,RU,Zvetlit,Saransk,"Wire-rod maker: primarily aluminum wire rod, plus an oxygen-free copper wire rod line",Cu,yes,3,confirmed,zvetlit.ru,post@zvetlit.ru,,,Produces oxygen-free copper wire rod (consuming copper cathode) alongside its main aluminum output - a smaller but real copper buyer.,https://en.zvetlit.ru/
2-buyer,Russia,RU,Tomsk Cable Plant (Tomskkabel),Tomsk,"Cable manufacturer — 2000+ cable brands with copper conductors, incl. tinned copper wire (MML), 110+ production lines",Cu,yes,4.4,confirmed,tomskcable.ru,cable@tomskcable.ru,,,Consumes copper rod/wire for a large copper-cable portfolio serving Russian and Kazakh energy/industry,https://tomskcable.ru
2-buyer,Russia,RU,Saranskkabel,Saransk,"Cable & wire manufacturer — power, control, communication, mining and assembly cables/wires",Cu,yes,4.1,confirmed,saranskkabel.ru,crm@saranskkabel.ru,,,Mid-size copper-cable producer consuming copper rod as conductor material,https://saranskkabel.ru
2-buyer,Russia,RU,Podolskkabel (NP Podolskkabel),Podolsk,"70+ year cable maker; self-described leading domestic producer of cables & wires with COPPER conductors, incl. nuclear/energy grades",Cu,yes,4.3,confirmed,podolskkabel.ru,office@podolskkabel.ru,,,Explicit copper-conductor cable specialist — direct copper-rod consumer,https://podolskkabel.ru
2-buyer,Russia,RU,Pskovkabel,Pskov,"Cable & wire maker — 17,000+ products incl. bare flexible copper wire and copper enameled (winding) wire",Cu,,4.2,confirmed,pskovkabel.ru,zakaz@pskovkabel.ru,,,Produces bare & enameled copper wire — direct copper-rod/cathode consumer,https://pskovkabel.ru
2-buyer,Russia,RU,Transkat (Akron-Holding),Saint Petersburg,"Producer of copper wire-rod (katanka), incl. oxygen-free per GOST 53803-2010, and copper wire (MT/MM grades)",Cu,yes,4.3,confirmed,transkat.spb.ru,mail@transkat.spb.ru,,,"Copper wire-rod maker — melts/casts copper cathode into rod, a core cathode buyer",https://transkat.spb.ru
2-buyer,Russia,RU,Elkat,Moscow,"Copper wire-rod & wire producer — first in Russia to cast rod by continuous casting-rolling (Southwire); ~150 kt/yr rod, 16 kt/yr wire capacity",Cu,yes,4.4,plausible,elkat.ru,,,,One of Russia's largest independent copper wire-rod makers — buys copper cathode as feedstock at scale,https://www.mkm.ru/elkat/
2-buyer,Russia,RU,Krasny Vyborzhets Plant,Saint Petersburg,"Leading non-ferrous rolling plant — sheets, strips, tubes, rods and profiles from copper and copper alloys; unique Duo 1100x4000 mill",Cu,yes,4.3,plausible,kv-spb.ru,,,,Closed-cycle copper rolling mill (smelt-roll-draw) consuming copper cathode into semis,https://kv-spb.ru/
2-buyer,Russia,RU,Revda Non-Ferrous Metals Processing Plant (RZ OTsM),Revda,"OTsM mill producing tubes, rods, wire and profiles from copper, brass and copper-nickel alloys (~15,000 sizes, 67 alloys)",Cu,yes,4.1,plausible,ocm.ru,,,,Non-ferrous processing mill that casts and works copper cathode/alloys into semis,https://www.ocm.ru/about/struktura/rzocm
2-buyer,Russia,RU,Cable Alliance Holding (Holding Kabelny Alyans),Yekaterinburg,"Yekaterinburg cable holding (UMMC group) uniting Uralkabel, Sibkabel and Elektrokabel Kolchugino plus the NIKI institute; ~300,000 km cable/yr using 99.95% copper wire rod.",Cu,yes,4.5,confirmed,holdcable.com,hka@holdcable.com,,,Central procurement holding for three copper-consuming cable plants — states copper wire rod as core feedstock.,https://eng.holdcable.com
2-buyer,Russia,RU,Uncomtech,Moscow,Moscow-HQ cable holding operating JSC Irkutskkabel and JSC Kirskabel; among the largest cable and conductor suppliers in Russia/CIS.,Cu,yes,4.2,confirmed,uncomtech.ru,sales@uncomtech.com,,,Major cable holding consuming copper wire rod (alongside aluminium) for power and control cable across two plants.,https://www.uncomtech.ru
2-buyer,Russia,RU,Kolchugino Non-Ferrous Metals Processing Plant (Kolchugtsvetmet),Kolchugino,"Rolling plant producing ~30% of Russia's non-ferrous rolled metal — copper/brass/bronze/cupronickel anodes, rod, wire, sheet, tube",Cu,yes,4.1,plausible,kzocm.com,,,,"Major direct copper-cathode consumer for rolled copper/alloy products; real named plant, site cert expired so kept plausible",https://ru.wikipedia.org/wiki/Кольчугцветмет
2-buyer,Russia,RU,Kavkazkabel Cable Plant,Prokhladny,"Power-cable manufacturer (est. 1976) in Kabardino-Balkaria, 800+ product designations for energy/industry",Cu,yes,3.6,confirmed,kavkazcabel.ru,sekretar@kavkazcabel.ru,,,"Regional power-cable works consuming copper conductor material; live site, contact shown",https://kavkazcabel.ru
2-buyer,Russia,RU,Auremo,St. Petersburg,"Non-ferrous metals supplier/stockist with warehouses in St. Petersburg; distributes copper tube, wire, rod and sheet",Cu,,3.3,confirmed,auremo.org,,,,Copper distributor/trader that buys and resells copper stock — on-target buyer/trader; live catalog site,https://auremo.org
2-buyer,Russia,RU,Emalprovod,Sverdlovsk Oblast (Ural),"Enameled/winding (magnet) copper wire maker — round & rectangular enamelled copper wire, copper busbar; only such producer in the Urals",Cu,yes,3.5,plausible,emalprovod.ru,,,,"Magnet-wire mill consuming copper wire-rod/cathode as raw material; real named producer, shared-host cert so kept plausible",https://cable.ru/zavod/emalprovod.php
2-buyer,Malaysia,MY,Metrod Holdings Berhad,"Kajang, Selangor","Oxygen-free & ETP copper rod, wire and strip manufacturer (SCR / Dipform / Upcast); serves 15+ Asia-Pacific countries.",Cu,yes,9.5,confirmed,metrod.com,marketing@metrod.com,,,"Continuous-cast copper rod/wire mill whose core feedstock is copper cathode — a primary bulk cathode consumer, exactly our raw-material buyer.",
2-buyer,Malaysia,MY,Leader Cable Industry Berhad,"Sungai Petani, Kedah / Meru, Klang","Malaysia's largest power & telecom cable manufacturer since 1976; produces copper rods, copper wires and conductors; exports to 50 countries.",Cu,yes,9.3,confirmed,leadercable.com.my,,,,"Major cable maker that draws its own copper rod/wire — heavy, continuous cathode/wire-rod demand.",
2-buyer,Malaysia,MY,Universal Cable (M) Berhad,Johor Bahru / Nilai,"Public-listed cable & wire manufacturer since 1967; single largest cable/wire maker in Malaysia & ASEAN across power, O&G, marine, telecom.",Cu,yes,9.2,confirmed,ucable.com.my,,,,Large-volume copper-conductor cable producer — sustained cathode/rod pull; a prime bulk buyer.,
2-buyer,Malaysia,MY,Southern Cable Group Berhad,"Kuala Ketil, Kedah",Cable & wire manufacturer (300V–132kV) with its own copper-rod continuous-casting line feeding cable production.,Cu,yes,9.2,confirmed,southerncable.com.my,sc@southerncable.com.my,,,Runs an in-house copper-rod casting plant — buys copper cathode as the key input for its rod/cable lines.,
2-buyer,Malaysia,MY,Elektrisola (Malaysia) Sdn. Bhd.,"Bentong, Pahang",Fine and ultra-fine enamelled copper magnet wire producer; the Elektrisola Group's largest manufacturing site and only R&D centre outside Germany.,Cu,yes,9,confirmed,elektrisola.com,,,,High-volume magnet-wire mill that consumes large tonnages of high-conductivity copper — strong cathode/wire-rod buyer.,
2-buyer,Malaysia,MY,Ta Win Holdings Berhad,"Alor Gajah, Melaka",Bursa-listed maker of enamelled copper wires and copper rods; also trades copper products and other non-ferrous metals.,Cu,yes,8.8,confirmed,ta-win.com,,,,Copper-rod and enamelled-wire manufacturer plus copper trading arm — both a consumer and a trader of cathode/rod.,
2-buyer,Malaysia,MY,Power Cables Malaysia Sdn. Bhd.,"Shah Alam, Selangor",Prysmian Group / LTAT JV since 1975; manufactures 1kV–150kV power cables with copper conductors up to 1600mm².,Cu,yes,8.7,confirmed,powercables.my,enquiry@powercablesmalaysia.com,,,Established HV power-cable plant with large copper-conductor consumption; buys copper wire-rod/cathode.,
2-buyer,Malaysia,MY,HG Copper Wire Cable Sdn. Bhd.,"Seremban, Negeri Sembilan","Manufacturer of 8/16mm copper rod, bare & tinned copper wire, busbar and strip; ~10,000 MT/yr, feedstock is LME cathode copper.",Cu,yes,8.5,confirmed,hgcopper.com.my,hgcopperwire@gmail.com,,,"States it uses premium LME cathode copper as core material — a direct, named cathode consumer.",
2-buyer,Malaysia,MY,DNF Cable Sdn. Bhd.,Kuala Lumpur / Seremban,"Cable & wire manufacturer (power, fire-resistant, communication, customized cables); 18+ years, ISO 9001:2015.",Cu,,8,confirmed,dnfcable.com,itncommy@dnfcable.com,,,Copper-conductor cable maker — regular wire-rod/cathode demand.,
2-buyer,Malaysia,MY,PM Copper Wire & Cables Sdn. Bhd.,Malaysia,"Manufacturer of copper busbars, rods, wires and strips with tin-plating/fabrication services; ISO 9001.",Cu,,7.8,confirmed,pmcopper.com,,,,Fabricates copper rod/busbar/wire from copper feedstock — a copper-consuming mill.,
2-buyer,Malaysia,MY,Westral Group,"Johor Bahru, Johor",40-year maker of insulated round & rectangular ETP copper wire and mica-insulated cable for the electrical repair industry.,Cu,,7.7,confirmed,westralip.com,,,,Draws insulated copper wire from ETP copper — a steady copper-rod/cathode consumer.,
2-buyer,Malaysia,MY,Andavar Metal Industry Sdn. Bhd.,"Beranang, Selangor / Kuala Lumpur",Producer of copper and aluminium ingots (Japanese/Indian melting tech); processes copper input into refined ingots to international standards.,Cu,,7.5,confirmed,andavarmetal.com,amm@andavarmetal.com,,,Copper-ingot foundry that buys copper units as melt feedstock — an on-target copper consumer/trader.,
2-buyer,Malaysia,MY,Realworld Trading Sdn. Bhd.,Klang Valley (Selangor),"International trader in iron, steel and non-ferrous metals; product line includes copper rod, with QC/chemical analysis and custom packing.",Cu,,7,confirmed,rwtrading.com.my,,,,Non-ferrous trading house dealing in copper rod — a buyer/re-seller channel for cathode and rod.,
2-buyer,Malaysia,MY,Metalzone Industrial Sdn. Bhd.,"Puchong, Selangor","One-stop supplier/stockist of copper and brass (plate, sheet, bar, rod, pipe, tube) plus stainless and bronze since 2010.",Cu,,7,confirmed,metalzone.com.my,sales@metalzone.com.my,,,"Copper stockist/distributor — imports and resells copper stock, an import/distribution buyer channel.",
2-buyer,Malaysia,MY,F & P Materials Supply (M) Sdn. Bhd.,"Johor Bahru, Johor","Import/export, trading and custom cutting of copper, bronze, brass, aluminium and stainless; 1000+ customers since 2013.",Cu,,6.8,confirmed,fnpbiz.com,enquiry@fnpbiz.com,,,Copper trader/stockist that imports and distributes copper — a buyer/import channel.,
2-buyer,Malaysia,MY,Tozzhin Enterprise Sdn. Bhd.,"Beranang, Selangor","Supplier of pure copper (C1100/C1220), brass, phosphor bronze and beryllium-copper strip with slitting/shearing services.",Cu,,6.8,confirmed,tozzhin.com.my,sales@tozzhin.com.my,,,"Copper and copper-alloy stockist/supplier — imports/distributes copper, a buyer channel.",
2-buyer,Malaysia,MY,Olympic Cable Company Sdn Bhd,Melaka,Power/EHV cable manufacturer (OSK Group subsidiary),Cu,yes,4.7,plausible,olympic-cable.com.my,,,,"Clearly-real OSK Group cable maker (est. 1968), 3 plants in Melaka/Johor producing copper power cables; site returned 403 bot-wall so unverified-live but corroborated by OSK/TEEAM listings.",https://www.olympic-cable.com.my/
2-buyer,Malaysia,MY,Cyprium Wire Technology (CWT) Sdn Bhd,"Alor Gajah, Melaka",Copper cable & rod manufacturer (Ta Win Holdings subsidiary),Cu,yes,4.8,confirmed,twcyprium.com.my,06-540 1080 / enquiry@twcyprium.com,,,"Subsidiary of Ta Win Holdings, a listed integrated copper manufacturer; runs copper cable/rod lines and EB crosslink accelerators. Contact visible.",https://twcyprium.com.my/
2-buyer,Malaysia,MY,Luvata Malaysia Sdn Bhd,"Pasir Gudang, Johor",High-conductivity copper products manufacturer (busbar/rod/anode/profiles),Cu,yes,4.8,confirmed,luvata.com,+607 252 6688 / kelvin.ong@luvata.com,,,"Established 1998, ~300 staff, ISO-certified plant producing copper busbars/rods/anodes/OF-copper; major copper consumer. Contact visible.",https://luvata.com/contact-luvata/luvata-malaysia/
2-buyer,Malaysia,MY,Essex Furukawa Magnet Wire (Penang) Sdn Bhd,"Bukit Mertajam, Penang",Enamelled / magnet copper wire manufacturer (formerly Essex Malaysia),Cu,yes,4.6,plausible,essexsolutions.com,,,,"Real registered MY entity (LEI 549300NUHMABG5FNPB13) making copper magnet wire in Penang; corporate site locations page walled/404 so marked plausible, company corroborated by multiple registries.",https://essexsolutions.com/
2-buyer,Malaysia,MY,Sama Kebel Sdn Bhd,"Rawang, Selangor",Low-voltage copper wire & cable manufacturer,Cu,yes,4.3,confirmed,samakebel.com,+60-3-6092 1353 / yuh@samakebel.com,,,"Reg 199101010705, SIRIM-certified LV copper cable maker since 1991; consumes copper conductor. Contact visible.",https://www.samakebel.com/about-us.php
2-buyer,Malaysia,MY,Alpha Industries Sdn Bhd,Malaysia,Copper rod & wire manufacturer,Cu,yes,4.3,confirmed,alphaindustries.com.my,MD: Hiroaki Hata (form/contact page),,,"Copper rod/wire producer tied to Furukawa / Toyota Tsusho / HNG Capital, aiming to be SE Asia's leading copper rod producer; genuine copper consumer. Contact via form only.",http://www.alphaindustries.com.my/home
2-buyer,Malaysia,MY,Malaysian Aluminium & Brass Industries Sdn Bhd (MABI),"Balakong, Selangor","Brass & copper rod / wire manufacturer (induction melt, casting, extrusion, drawing)",Cu,yes,4,plausible,mktron.com,,,,CTOS/Volza-registered (reg 200101024897) brass & copper rod/wire plant in Balakong with induction furnaces and wire-drawing lines; MKTRON group entity but no independently reachable live site so marked plausible. NOTE: not the same company as aluminium-only maalloys.com.my.,https://mktron.com/index.php/contact-component/mabi
2-buyer,Malaysia,MY,Allco Parts Supply (M) Sdn Bhd,"Petaling Jaya, Selangor",Importer / distributor of copper tube & HVAC-R parts,Cu,,3.8,confirmed,allcoparts.com,+603-7803 9363 / sales@allcoparts.com,,,"Reg 199601019002, HVAC pioneer since 1994 that explicitly imports copper tubes/pipes and distributes them; a genuine copper-tube importer/trader. Contact visible.",https://www.allcoparts.com/
2-buyer,Malaysia,MY,Syarikat Logam Unitrade Sdn Bhd,"Shah Alam, Selangor","Industrial metals distributor / trader (copper pipe, fittings, valves)",Cu,,3.8,confirmed,unitrade.com.my,+603-7845 2966 / on9enquiries@hub.unitrade.com.my,,,40-year metals distributor (reg 198401000054) that stocks/trades copper pipe with live RM pricing; genuine copper-pipe distributor/trader. Contact visible.,https://hub.unitrade.com.my/product-category/pipes/copper-pipes/
2-buyer,Malaysia,MY,Dyna Copper (Dyna Copper Sdn Bhd),"Puchong, Selangor",Copper tube / pipe / fittings supplier & distributor,Cu,,3.3,plausible,dynacopper.com,,,,"Named copper-tube/pipe/fittings distributor in Puchong corroborated by search; site TLS certificate expired so content could not be fetched-live, marked plausible.",http://www.dynacopper.com/
2-buyer,Malaysia,MY,Utama Cables Sdn Bhd,"Johor Bahru, Johor",LV PVC/XLPE cable manufacturer,Cu,yes,8,confirmed,utamacables.com.my,Tel +606-263 5151; utamacsb.sales@gmail.com,,,SIRIM/Suruhanjaya Tenaga certified cable maker; copper cable production line,https://utamacables.com.my/
2-buyer,Malaysia,MY,Sempurna Group (Sempurna Impex Sdn Bhd),"Sungai Buloh, Selangor",Non-ferrous metal trader & processor,Cu,yes,6,confirmed,sempurnagroup.com,Tel +60361570150; info@sempurnagroup.com,,,70-year non-ferrous trader/processor (not scrap-only); active copper counterparty,https://sempurnagroup.com/
2-buyer,Malaysia,MY,Auto Cast Sdn Bhd,Selangor,Foundry (bronze / copper-alloy casting),Cu,,5.5,confirmed,autocast.com.my,Tel +60387245102,,,Registered foundry that casts bronze; small but genuine copper-alloy consumer,https://www.autocast.com.my/index.php?ws=pages&pages_id=11845
2-buyer,Thailand,TH,"Bangkok Cable Co., Ltd.",Bangkok,Electric wire & cable manufacturer,Cu,yes,5,confirmed,https://www.bangkokcable.com,SALES@BANGKOKCABLE.COM / +66 2 055 4500,,,"Thailand's No.1 wire & cable maker; verified stated copper purity >99.99% and ~100,000 t/yr copper draw. Major cathode/rod consumer.",
2-buyer,Thailand,TH,Charoong Thai Wire & Cable Public Company Limited,Bangkok,Power & telecom cable manufacturer (SET-listed),Cu,yes,5,confirmed,https://ctw.co.th,sales@ctw.co.th / +66 2745 6118-30,,,Publicly-listed (SET) cable maker since 1967; copper is a primary conductor raw material. Verified on site.,
2-buyer,Thailand,TH,"Thai-Yazaki Electric Wire Co., Ltd.",Bangkok / Samut Prakan,Electric wire & cable manufacturer (Yazaki JV),Cu,yes,5,confirmed,https://thaiyazaki-electricwire.co.th,+66 2653 2550,,,Leading wire & cable maker since 1962 with largest market share; site states it processes copper rods across 3 factories. Large copper consumer.,
2-buyer,Thailand,TH,"Siam Pacific Electric Wire & Cable Co., Ltd.",Bangkok / Pathum Thani,Enameled / magnet wire manufacturer,Cu,yes,5,confirmed,https://www.spewc.com,via spewc.com contact page,,,"~25% of Thailand's enameled-wire market, >2bn THB revenue, IATF 16949 certified. Copper is core feedstock. Verified on site.",
2-buyer,Thailand,TH,"KMCT (Thailand) Co., Ltd.",Rayong,Copper tube manufacturer (Mitsubishi Materials subsidiary),Cu,yes,5,confirmed,https://www.kmct.jp/english/production/thai.html,+66-38-998-200 (plant) / +66-2-636-1859 (Bangkok office),,,"Mitsubishi Materials copper-tube plant in Rojana Industrial Park, Rayong; verified >30,000 t/yr copper tube output. Major copper consumer. Site is Japanese parent domain; Thai entity confirmed on plant page.",
2-buyer,Thailand,TH,"Sambo Piping (Thailand) Co., Ltd.",Pathum Thani,Copper tube / pipe manufacturer,Cu,yes,4,confirmed,https://www.sambopiping.co.th,sales@sambopiping.co.th / +66-2-520-4596,,,Verified copper-piping maker; customer list (Daikin/Mitsubishi/Carrier) confirms genuine copper-consuming production.,
2-buyer,Thailand,TH,"PCS Foundry Products Co., Ltd.",Samut Prakan,Non-ferrous foundry (copper & aluminium alloys),Cu,,4,confirmed,https://www.pcsfoundry.com,pcsfoundry@yahoo.com / +66-2-750-7158,,,Verified copper-based & aluminium alloy foundry since 1988 (ISO 9001/14001). Consumes copper for castings; smaller made-to-order volumes.,
2-buyer,Thailand,TH,Phelps Dodge International (Thailand) Limited,Bangkok / Chonburi,Wire & cable manufacturer,Cu,yes,4,plausible,https://www.pdcable.com,via pdcable.com,,,"Well-known established Thai wire & cable maker (est. 1968, Phelps Dodge International JV). Site is bot-walled (HTTP 403) so could not fetch, but clearly a real major copper consumer.",
2-buyer,Thailand,TH,"The Electric Wire & Cable Co., Ltd. (Thai Electric Wire & Cable)",Bangkok,Wire & cable manufacturer,Cu,yes,3,plausible,https://www.thaielectriccable.com,via thaielectriccable.com,,,"Named copper & aluminium conductor cable maker. Site is bot-walled (HTTP 403) so could not fetch content, but is a real, named copper-consuming manufacturer.",
2-buyer,Thailand,TH,"Thai Techno Copper Co., Ltd.",Prachinburi,Copper wire rod / billet manufacturer,Cu,yes,3,plausible,https://thaitechnocopper.com,not visible (site unreachable),,,Real copper wire-rod/billet maker in Prachinburi (corroborated by NBD/TradeVision customs data); converts cathode to rod so is a cathode consumer. Own domain currently not resolving (DNS ENOTFOUND).,
2-buyer,Thailand,TH,"SEI Thai Electric Conductor Co., Ltd.",Rayong,Sumitomo Electric group plant; copper division produces copper wire rod via SCR continuous-casting process,Cu,yes,4.6,confirmed,stec-sei.com,,,,"Runs an SCR line turning copper cathode into wire rod — a direct, large-volume cathode consumer/importer.",
2-buyer,Thailand,TH,"IMI — International Metal Industry Co., Ltd.",Samut Sakhon,"Manufacturer of copper wire rod, bare/stranded copper wire, copper busbar and tin-coated copper wire (since 1990)",Cu,yes,4.5,confirmed,imicopper.com,,,,Primary + semi-finished copper producer; converts cathode into rod/wire/busbar for cable and electronics industries. On-target bulk buyer.,
2-buyer,Thailand,TH,"Oriental Copper Co., Ltd.","Chonburi (plant); Sathon, Bangkok (HQ)","Engineering manufacturer and trader of high-conductivity (101% IACS) copper busbar, rod and copper profiles for power/electrical industries",Cu,yes,4.5,confirmed,orientalcopper.com,,,,Integrated copper busbar/rod fabricator that both consumes cathode and trades copber products — buys cathode and re-sells profiles; fits both consumer and trader profile.,
2-buyer,Thailand,TH,"Copper Cord Industries Co., Ltd.","Chonburi (Amata Nakorn, Phan Thong)","Integrated copper producer: copper ingot, copper rod (8-20mm), drawn/magnet wire, strips and bus bars",Cu,yes,4.4,confirmed,coppercord.com,info@coppercord.com,,,One of Thailand's largest integrated copper producers casting ingot/rod from cathode+scrap — direct raw-cathode consumer.,
2-buyer,Thailand,TH,"Proterial Thai Enamel Wire Co., Ltd.","Bang Pakong, Chachoengsao","Enamelled/magnet copper wire for motor windings, transformers and compressors (formerly Thai Hitachi Enamel Wire, renamed 2023)",Cu,yes,4.4,confirmed,enamel-wire.proterial.com,,,,"Established magnet-wire mill (ex-Hitachi Metals) consuming copper rod; real named subsidiary, address verified.",
2-buyer,Thailand,TH,"Bangkok Magnet Wire Co., Ltd.",Bangkok,"Maker of enamel and bare copper magnet wire (incl. oxygen-free), running an in-house Contirod copper-rod line",Cu,yes,4.2,confirmed,bangkokmagnetwire.com,,,,"Operates a Contirod caster converting cathode to rod for magnet wire — direct cathode consumer, mid-size.",
2-buyer,Thailand,TH,"Advance Metal Industry Co., Ltd. (AMI)",Thailand (Bangkok metro),"Manufacturer of copper rod, copper wire, enamelled copper wire and busbars",Cu,yes,3.7,confirmed,amicopperwire.com,admin@amicopperwire.com,,,"Copper rod/wire/busbar producer serving tin-can, cable and electronics sectors; consumes copper cathode/rod. Smaller scale -> tier 2.",
2-buyer,Thailand,TH,"The Quality Wire Co., Ltd.",Thailand,Manufacturer of copper wire and tinned copper wire for the electric/electronic cable industry,Cu,,3.5,plausible,thequalitywire.co.th,,,,Real named copper/tinned-wire maker; own site reachable but TLS cert expired so not fully verifiable live -> plausible. Buys copper rod.,
2-buyer,Thailand,TH,"Thai Copper Rod Co., Ltd.",Thailand,Copper wire-rod producer (continuous cast copper rod from cathode),Cu,yes,3.8,plausible,thaicopperrod.com,,,,Real named copper-rod caster (a rod maker => cathode consumer); own domain live but self-signed TLS blocked full fetch -> plausible.,
2-buyer,Thailand,TH,"Siam Poongsan Metal Co., Ltd.",Thailand,Fully-integrated copper & copper-alloy rolling mill producing copper/brass strip and sheet plus coin blanks; subsidiary of Poongsan Corporation (Korea).,Cu,yes,4.4,confirmed,siam-poongsan.com,,,,Copper & copper-alloy rolling mill — buys copper cathode as rolling feedstock for strip/sheet.,https://www.siam-poongsan.com/
2-buyer,Thailand,TH,"U.C. Metal Co., Ltd.",Nakhon Pathom (Sampran),"Leading importer & distributor of non-ferrous metals (est. 1993): copper alloys (C1020/C1100/C1220), brass, phosphor bronze strips; ~300 MT inventory.",Cu,yes,4,confirmed,ucmetalth.com,sales@ucmetalth.com,,,Copper & copper-alloy importer/distributor/stockist — a trading/buying channel for copper.,https://www.ucmetalth.com/
2-buyer,Thailand,TH,Mitsui & Co. (Thailand) Ltd. — Mineral & Metal Resources,Bangkok,"Trading house division supplying copper cathode, copper wire rod, copper alloy/ingot, nickel cathode and aluminum ingot domestically and across CLMV.",Cu,yes,4,confirmed,mitsui.com,,,,Commodity metal trading house that trades/supplies copper cathode and wire rod — a bulk trading counterparty.,https://www.mitsui.com/th/en/business/1247933_14675.html
2-buyer,Thailand,TH,"NSL Brass (Nguan Seng Lohakit / NSL Industry Co., Ltd.)",Samut Sakhon,"Integrated brass manufacturer since 1964: brass sheet, brass rod/bar and wire, hot-forging brass parts; second plant NSL Industry for brass rod and forgings.",Cu,yes,4,plausible,nslbrass.co.th,,,,Brass mill/foundry — consumes copper (with zinc) as raw material for brass rod/sheet. Site returns HTTP 403 (bot-walled) but is clearly real.,https://www.nslbrass.co.th/about-us/
2-buyer,Thailand,TH,"Thai Metal Impex Co., Ltd.",Bangkok,"Importer/trader of copper, aluminum and stainless raw materials serving as a supply link to metal foundries across Thailand.",Cu,,3.5,plausible,thaimetalimpex.co.th,,,,Non-ferrous metal importer/trader feeding Thai foundries — a copper buying/trading channel. Site has an SSL certificate mismatch (server misconfig); company is real.,http://www.thaimetalimpex.co.th/nonferrous.html
1-active,Vietnam,VN,Hanaka Group JSC,Bac Ninh,"Transformer and electric-cable manufacturing group, Tu Son, Bac Ninh. Also posted a live copper-cathode purchase RFQ on TradeKey (semi-annual buying frequency).",Cu,,,plausible,hanaka.com.vn,,Copper cathode (transformer/cable production),2026-06-25,,https://importer.tradekey.com/vietnam/copper-cathode.htm
2-buyer,Vietnam,VN,Vietnam Electric Cable Corporation (CADIVI),Ho Chi Minh City,"Largest Vietnamese electric wire & cable manufacturer; state-founded 1975, equitized 2007; 5 factories, 200+ agents. Stated capacity 60,000 MT of copper/year for building wire, power cables, bare conductors, MV cables, automotive & LAN cable.",Cu,yes,4.8,confirmed,cadivi.vn,cadivi@cadivi.vn,,,"Flagship VN copper-cable mill consuming 60,000 t copper/yr — a top-tier bulk cathode/rod pull.",https://cadivi.vn/en/about-us.html
2-buyer,Vietnam,VN,LS-VINA Cable & System JSC,Hai Phong,"Korean-invested (LS Cable & System) JV founded 1996, Hai Phong. Runs a Cu Properzi continuous copper-rod line (installed 2004) feeding LV/MV/HV cable up to 230kV, bare copper conductors, building wire, submarine & OPGW cable. ISO 9001/14001.",Cu,yes,4.7,confirmed,lsvinacns.vn,lsvinacns@lsvina.com,,,In-house copper-rod caster — a direct cathode buyer plus large cable output; premium bulk account.,https://lsvinacns.vn/about-us
2-buyer,Vietnam,VN,Ngo Han Magnet Wire JSC,Dong Nai,"Leading Vietnamese magnet/enameled copper winding-wire maker (~40% domestic share), founded 1987, Long Thanh/Dong Nai. Products: copper wires & rods, bare round copper wire, copper/aluminium enameled wire, rectangular copper wire, copper busbars. JIS/IEC/NEMA, ISO 9001/14001.",Cu,yes,4.6,plausible,ngohanwire.com,,,,"Dominant magnet-wire mill drawing copper rod/cathode at scale; own site TLS cert expired (infra-walled) but corroborated by Preqin/ZoomInfo/LinkedIn as a real, large buyer.",https://www.ngohanwire.com
2-buyer,Vietnam,VN,Thipha Cable (Thinh Phat Cable & Construction Investment),Ho Chi Minh City,"Major VN wire & cable manufacturer since 1987, HCMC. HV/MV/LV power cable, fire-resistant cable, bare & low-loss conductors, building wire; supplier to EVN national grid (500/220/110kV lines).",Cu,yes,4.5,confirmed,thiphacable.com,thinhphat@thipha.com.vn,,,High-volume copper power-cable maker feeding national transmission projects; strong bulk pull.,https://thiphacable.com/?lang=en
2-buyer,Vietnam,VN,"Tan Nghe Nam Electric Wire & Cable Co., Ltd",Long An,"Wire & cable maker, Ben Luc, Long An. Explicitly melts high-purity COPPER CATHODE via upcast continuous oxygen-free casting into copper wire rod; also aluminium rod, hard-drawn conductors, PVC/XLPE cable, ABC, MV distribution cable. ISO 9001:2015, UL.",Cu,yes,4.4,confirmed,tanghenam.vn,,,,Directly states it buys and melts copper cathode for OF rod — a textbook cathode off-taker.,https://tanghenam.vn/en/copper-wire-rod-oxygen-free/
2-buyer,Vietnam,VN,Taya (Vietnam) Electric Wire & Cable JSC,Dong Nai,"Subsidiary of Taiwan's Taya Group (Vietnam est. 1995), Bien Hoa II IZ, Dong Nai. Makes wires & cables, electromagnetic (magnet) wire, MV cable, fire-resistant cable, plus circuit breakers. ISO 9001/14001; listed HOSE:TYA.",Cu,yes,4.3,confirmed,taya.com.vn,genehsu@mail.taya.com.tw,,,"Cable + magnet-wire producer; steady copper-rod consumer, exchange-listed and traceable.",http://www.taya.com.vn
2-buyer,Vietnam,VN,Tran Phu Electric Mechanical JSC,Hanoi,"Long-established Hanoi cable maker (~30 yrs). Products include bare copper cable, copper-conductor power cable, civil/building wire, LV twist cable, aluminium cable.",Cu,yes,4.3,confirmed,tranphucable.com.vn,contact@tranphu.vn,,,Established copper power/building-cable manufacturer in the north; reliable bulk buyer.,https://www.tranphucable.com.vn/product
2-buyer,Vietnam,VN,Daphaco Electric Cable Corporation,Ho Chi Minh City,"Cable maker founded 1999, HCMC (District 12); brands DAPHACO and LION. Building wire, LV power cable, flame/fire-resistant cable, control cable, bare conductors; 200+ agents, exports to AU/Myanmar/Cambodia/Laos. ISO 9001:2015, European lines.",Cu,yes,4.1,confirmed,daphaco.com,info@daphaco.com,,,Mid-large copper-cable manufacturer with export reach; solid bulk account.,https://daphaco.com/en/about-us-2/general-introduction/
2-buyer,Vietnam,VN,"Sumiden Vietnam Automotive Wire Co., Ltd (SVAW)",Hai Phong,"Subsidiary of Sumitomo Electric Industries (Japan), operating since 2006 in Dai An IDZ, Hai Phong + Hung Yen. Manufactures automotive electrical cable using copper and aluminium conductors for vehicle makers.",Cu,yes,4.2,confirmed,sumitomoelectric.com,+84-220-3555-833,,,High-volume automotive copper-wire plant of a global tier-1; large steady conductor demand.,https://sumitomoelectric.com/company/office_group_companies/sumiden-vietnam-automotive-wire-co-ltd
2-buyer,Vietnam,VN,Goldcup Cable (Ngoc Khanh Group),Hung Yen,"Wire & cable maker founded 1994, member of Ngoc Khanh Group; 3 plants (Hung Yen, Nghe An). Copper-core electrical cable, automotive wire, fire-resistant & control cable, LSZH wire, rubber-jacketed cable.",Cu,yes,3.9,confirmed,goldcupcable.vn,goldcupcable.vn@gmail.com,,,Established multi-plant copper-cable maker; mid-size bulk buyer.,https://goldcupcable.vn/
2-buyer,Vietnam,VN,CADI-SUN (Thuong Dinh Wire & Cable JSC),Hanoi,Electrical wire & cable manufacturer,Cu,yes,4.5,confirmed,cadisun.com.vn,info@cadisun.com.vn,,,"Makes bare copper conductors, insulated copper cable and automotive wire up to 40.5kV; copper rod is core raw material",https://cadisun.com.vn
2-buyer,Vietnam,VN,DOVINA - Dong Viet Non-ferrous Metal & Plastic JSC,"Ben Luc, Long An / Ho Chi Minh City",Copper rod / wire / busbar producer,Cu,yes,4.5,confirmed,dovinametal.com,dongviet@dovinametal.com.vn,,,"Dedicated non-ferrous plant (Long An, ~90,000 m2) producing copper rod, copper wire and busbar; buys copper cathode as raw material",https://dovinametal.com/en/about-us/overview/
2-buyer,Vietnam,VN,SACOM Wire & Cable JSC,"Long Thanh, Dong Nai","Magnet wire, copper wire & telecom cable maker",Cu,yes,4.3,confirmed,sacom.com.vn,,,,"Long Thanh plant making magnet wire, copper wire and busbar; copper is the stated primary conductor input",https://sacom.com.vn
2-buyer,Vietnam,VN,VINACAP Kim Long JSC,Hanoi,Wire & cable maker (VNPT group) with copper casting shop,Cu,yes,4.2,confirmed,vinacap.vn,vinacap@vinacap.vn,,,Makes electrical cable and Hyekwang copper wire and runs its own casting factory (Thai Nguyen); consumes copper cathode/rod,https://vinacap.vn
2-buyer,Vietnam,VN,GOLDCUP (Dong Giang) Wire & Cable,Vietnam,Low-voltage wire & cable manufacturer,Cu,yes,4,confirmed,goldcup.com.vn,pkd.goldcup@donggiang.vn,,,~800 t/month LV cable and residential wire output; copper conductor lines consume copper rod,https://goldcup.com.vn
2-buyer,Vietnam,VN,Viet Han High-Tech Manufacturing JSC,"Ba Vi, Hanoi","Network cable, electrical wire & tinned-copper-wire processor",Cu,,4,confirmed,viethandvh.com,,,,Runs a copper workshop processing ~90 t/month tinned copper wire plus network/electrical cable; consumes copper wire/rod,https://viethandvh.com/en/about-us.html
2-buyer,Vietnam,VN,LiOA - Nhat Linh Co.,Hanoi,Voltage stabilizer + electric wire & cable manufacturer,Cu,yes,4,plausible,lioa.vn,,,,"Well-known VN manufacturer of stabilizers, transformers and electric wire/cable (copper windings & conductor); site bot-walled (503) so unverified against homepage but clearly real",https://lioa.vn
2-buyer,Vietnam,VN,"CFT Vina Copper Co., Ltd.",Dong Nai (Long Duc Industrial Park),"Continuous-cast copper rod & drawn copper wire mill, 54,000 t/yr SCR (Southwire) line; JV origin CADIVI/Furukawa/Tomen, now Gelex-owned; consumes copper cathode as feedstock",Cu,yes,4.8,confirmed,cft-vietnam.com,cftvn@cft-vietnam.com,,,Dedicated copper-rod mill — one of the largest cathode consumers in SE Asia; core cathode buyer,http://www.cft-vietnam.com/
2-buyer,Vietnam,VN,Tran Phu Electric Cable (Co Dien Tran Phu JSC),Hanoi,Wire & cable manufacturer (est. 1966); copper and aluminium power cable and building wire; RoHS/IEC/DIN/VDE/UL/JIS certified national brand,Cu,yes,4.5,confirmed,tranphu.vn,xinchao@tranphu.vn,,,Long-established cable maker consuming copper for conductors; large Hanoi-based buyer,https://tranphucable.com.vn/
2-buyer,Vietnam,VN,Toan Phat Copper Tube JSC (Ruby Copper),"Hanoi HQ / Pho Noi A IP, Hung Yen","Copper tube manufacturer (>20 yrs, 54,000 m2 across two Hung Yen plants); PC/LWC/straight/insulated tubes for HVAC & industry; documented copper (HS 7403) importer",Cu,yes,4.3,confirmed,toanphat.vn,info@toanphat.vn,,,Copper tube mill that imports/consumes copper cathode & billet; exports to 50+ countries,https://www.toanphat.vn/
2-buyer,Vietnam,VN,VINACOPPER (Vietnam Copper Co.),"Dai Bai / Thuan Thanh, Bac Ninh","Copper & brass products manufacturer (30+ yrs); brass rod, special-shape brass, copper/brass wire, ingots and plate",Cu,yes,4,confirmed,vinacopper.com,info@vinacopper.com,,,Brass/copper-alloy maker (not a miner) consuming copper cathode/ingot feedstock,https://vinacopper.com/en/introduce/
2-buyer,Vietnam,VN,"Orient Metal (Dong Duong Non-Ferrous Metals Co., Ltd.)","Khoai Chau, Hung Yen","Copper wire-rod producer (8mm), ~25,000 t/yr, 99.9% Cu; refining/coating/recycling supplying cable and magnet-wire makers",Cu,yes,4.2,plausible,orientmetal.vn,,,,Copper-rod producer consuming copper cathode/scrap as feedstock; site under maintenance at check,https://www.orientmetal.vn/
2-buyer,Pakistan,PK,Pakistan Cables Limited,Karachi,PSX-listed cable manufacturer and copper-rod producer; runs Pakistan's only up-cast oxygen-free copper rod plant (8mm rod since 1996) using LME-registered Grade-A copper cathode. Self-describes as 'the largest importer of copper cathode in Pakistan'.,Cu,yes,4.8,confirmed,pakistancables.com,+92-21-111-222-537,,,Direct large-scale copper cathode importer/consumer for rod + wire & cable production; textbook target buyer.,https://www.pakistancables.com/home/our-products/copper-rod/
2-buyer,Pakistan,PK,Newage Cables (Pvt) Ltd,Lahore,"Largest cable & conductor manufacturer in Pakistan (est. 1956); operates an in-house Copper Rod plant producing 8mm copper rod from imported copper cathodes at min 99.90% purity, on a 25-acre site.",Cu,yes,4.7,confirmed,newagecables.com,+92-42-111777300,,,"Own copper-rod plant fed by imported cathode; high-volume, continuous cathode demand.",https://newagecables.com/plants/copper-plant/
2-buyer,Pakistan,PK,Allied Group (Allied Cables),Karachi,"Pakistan's biggest continuous-cast copper rod (CCR) maker, ~140,000 t/yr, using Grade-A LME-registered copper cathode; also enamelled copper wire (Moonstar), copper strip and cables. Est. 1981.",Cu,yes,4.7,confirmed,alliedgroup.com.pk,info@alliedgroup.com.pk,,,"Largest domestic copper-rod converter; consumes Grade-A cathode at massive scale for rod, magnet wire and strip.",https://alliedgroup.com.pk/allied-copper-rod-ccr/
2-buyer,Pakistan,PK,Fast Cables Limited,Lahore,"PSX-listed (FCL) leading electrical cable & conductor manufacturer since 1985; head office Kot Dars Road, Raiwind, Lahore, with nationwide branches. Copper-conductor LV/MV cables.",Cu,yes,4.5,plausible,fast-cables.com,,,,Major publicly-listed cable maker consuming copper for conductors; own website is bot-walled but company is clearly real (PSX-listed).,https://pk.linkedin.com/company/fast-cables-limited
2-buyer,Pakistan,PK,Universal Cables Industries Ltd (UCIL),Karachi,"Cable manufacturer since 1978 producing hard & soft-drawn bare copper conductors, house-wiring, LV/MV, solar and control cables. Karachi (DHA Phase VII).",Cu,yes,4.3,confirmed,ucil.com.pk,sales@ucil.com.pk / +92 21 3538 2392,,,Draws bare copper conductors in-house; steady copper-rod/cathode demand for cable output.,https://ucil.com.pk/
2-buyer,Pakistan,PK,Premier Cables (Pvt) Ltd,Karachi,"Telecom cable maker since 1964 specialising in copper telephone cables and optical fibre; 13,000 sq.m plant at Federal 'B' Industrial Area, Karachi.",Cu,yes,4.1,confirmed,premiercables.net,sales@premiercables.net / +92 21 34397771,,,Dedicated copper telecom-cable producer consuming copper conductor stock.,https://premiercables.net/
2-buyer,Pakistan,PK,Pak Elektron Limited (PEL),Lahore,PSX-listed Kohinoor Group company (est. 1978); leading manufacturer of distribution & power transformers (up to 100MVA/132kV) with copper-winding units using 99.99% electrolytic copper.,Cu,yes,4.2,confirmed,pel.com.pk,,,,Copper-winding transformer maker consuming high-purity electrolytic copper; industrial cathode/wire buyer.,https://pel.com.pk/power-transformer/
2-buyer,Pakistan,PK,CopperGat Cables,Lahore,"Cable manufacturer (Lahore, ~14 yrs) producing certified pure-copper building, power, armoured, solar and control cables; ISO 9001 / TUV Austria / KEMA certified. Supplies CPEC/motorway/power projects.",Cu,yes,3.9,confirmed,coppergat.com,info@coppergat.com / 042-111222425,,,Real copper-cable maker consuming copper wire/rod for a broad cable range.,https://coppergat.com/
2-buyer,Pakistan,PK,Unicore Cable Industries,Lahore,"Cable manufacturer at Defence Road, Lahore producing power, solar, data, flexible and bare copper conductor cables.",Cu,,3.5,confirmed,uni-core.pk,+92 311 4499 321,,,Produces bare copper conductors and copper cables; genuine mid-size copper consumer.,https://uni-core.pk/
2-buyer,Pakistan,PK,GM Cables & Pipes (Pvt) Ltd,Lahore,"Established 1975, Ferozepur Road Lahore; manufacturer of electrical cables plus UPVC/PPRC pipe & duct. Clients include Descon, DHA Lahore, Pioneer Cement.",Cu,,3.4,confirmed,gmcables.com,info@gmcables.com / 042-111-222-369,,,Long-standing copper-cable manufacturer; real B2B copper consumer.,https://www.gmcables.com/
2-buyer,Pakistan,PK,Pilone Cables,Lahore,"Small-to-mid Lahore cable maker that draws its own copper ('draw copper in Lahore', three decades in the copper business) producing flexible copper, solar DC, armoured and general-wiring cable.",Cu,,3,confirmed,pilonecables.com,Pilonecables@gmail.com / +92 319 4262451,,,Owner-operated copper-drawing cable maker; smaller but genuine copper consumer.,https://www.pilonecables.com/
2-buyer,Pakistan,PK,Atta Metals (Pvt.) Ltd.,Lahore,"Electrical conductor and copper winding wire manufacturer (99.9% copper purity, ~5,000 tons/yr output)",Cu,yes,5,confirmed,https://attametals.com,,,,"Named in trade data as a notable Pakistani Copper Grade-A buyer; winding-wire manufacturer consuming ~5,000 t/yr of 99.9% copper. Verified via website.",https://attametals.com/
2-buyer,Pakistan,PK,Universal Metals Pakistan Ltd. (UMPL),Lahore,"Vertically integrated copper & aluminium conductor, enamelled/winding wire and LV cable manufacturer (rod casting to cable, est. 1996)",Cu,yes,4,confirmed,https://universalmetals.com.pk,info@universalmetals.com.pk; +92 343 086 7251,,,Fully integrated conductor maker doing its own metal rod casting; consumes copper for enamelled wire and conductors. Verified via website.,https://universalmetals.com.pk/
2-buyer,Pakistan,PK,A.G.E. Industries (Pvt.) Ltd. (A.G.E. Cables),Peshawar,"Cable manufacturer (est. 1968); LV/MV, control cables and copper & aluminium conductors, ISO 9001 / 14001",Cu,yes,4,confirmed,https://www.agecables.com.pk,"+92 91 5276318, 5270674",,,Long-established cable maker producing copper & aluminium conductors with pure-copper conductivity. Verified via website.,http://www.agecables.com.pk/external_files/htmls/products.html
2-buyer,Pakistan,PK,MCI Cables,,"Integrated electric-cable maker with an in-house copper-processing division; automotive wiring, harnesses, solar/house wiring for Japanese/Chinese/Turkish OEMs, exports to North America",Cu,yes,4.2,confirmed,mcipak.com,,,,Runs its own copper-processing division feeding cable/harness production — direct copper consumer,https://mcipak.com/
2-buyer,Pakistan,PK,Pioneer Cables Limited,Karachi,Established PSX-listed wire & cable manufacturer producing house wiring and power cables (copper and aluminium conductors),Cu,yes,4.3,plausible,pioneercables.com,,,,"Listed cable manufacturer consuming copper rod; clearly real but site bot-walled (403), held at plausible",https://pioneercables.com/
2-buyer,Pakistan,PK,Vital Cables,Lahore,"Copper wire & cable manufacturer since 2018, Lahore; 99.99% pure-copper house/solar/automotive/power cables, supplies WAPDA and Pakistan Railways",Cu,,3.8,confirmed,vitalcables.com,,,,Copper-cable maker using pure copper as primary raw material,https://vitalcables.com/
2-buyer,Pakistan,PK,Royal Classic Cables,Karachi,"Karachi cable manufacturer (est. 2020) producing bare copper conductor and building/power wires for industrial, commercial and residential use",Cu,,3.7,confirmed,royalclassiccables.com,royalclassiccable99@gmail.com,,,Small but real cable maker producing bare copper conductor — consumes copper rod,https://royalclassiccables.com/cables/copper-conductor/
2-buyer,Pakistan,PK,Transfopower Industries (Pvt) Ltd,Lahore,"Distribution & power transformer, energy-meter and MV switchgear manufacturer since 1993, Lahore; transformers (10 KVA–10 MVA) for WAPDA/K-Electric use copper windings",Cu,yes,4,confirmed,transfopower.pk,info@transfopower.pk,,,Transformer maker consuming copper winding wire as a core raw material,https://transfopower.pk/
2-buyer,Pakistan,PK,Flux Metal (Pvt) Ltd,Gujranwala,Brass & copper products manufacturer / extrusions foundry (30+ yrs),Cu,,3.5,confirmed,http://www.fluxmetal.pk,bilalahmad@fluxmetal.pk,,,"Manufactures copper terminals, lugs, flat copper and brass connectors/inserts to spec; a copper-alloy foundry that consumes copper & brass feedstock.",http://www.fluxmetal.pk/metal.php
2-buyer,Indonesia,ID,PT Tembaga Mulia Semanan Tbk (TBMS),West Jakarta,Continuous-cast copper wire-rod & drawn copper wire mill (SCR/Southwire system) — the first copper-rod producer in Indonesia; melts copper cathode as its raw material. Furukawa-affiliated.,Cu,yes,4.8,confirmed,pttms.co.id,sales@pttms.co.id,,,Core cathode consumer: a copper-rod mill's feedstock IS copper cathode. Highest-fit buyer in the market.,https://www.pttms.co.id/v3/company-overview/
2-buyer,Indonesia,ID,PT Supreme Cable Manufacturing & Commerce Tbk (SUCACO),Jakarta,"Indonesia's largest cable manufacturer (power, telecom, building wire, flexible, enameled/magnet wire) — consumes copper rod/wire-rod as primary conductor material.",Cu,yes,4.7,confirmed,sucaco.com,sales@sucaco.com,,,Largest domestic cable maker; heavy continuous pull on copper rod. Also runs an enameled-wire line (buys copper wire-rod).,https://www.sucaco.com/
2-buyer,Indonesia,ID,PT KMI Wire and Cable Tbk (formerly Kabelmetal Indonesia),Jakarta,Major copper & aluminium power-cable maker and one of PLN's main power-cable suppliers; also produces copper rod and rod products — consumes copper cathode/rod.,Cu,yes,4.6,confirmed,kmi.co.id,,,,Listed cable major that both draws copper rod and operates rod-making — direct cathode/rod buyer.,https://www.kmi.co.id/
2-buyer,Indonesia,ID,PT Sumi Indo Kabel Tbk,"Tangerang, Banten","Sumitomo Electric group cable maker — copper & aluminium conductors, power/control/instrument cables and automobile wire; consumes copper rod.",Cu,yes,4.5,confirmed,sikabel.com,procurement@sikabel.com,,,Copper-conductor cable manufacturer with a published procurement contact — real copper buyer.,https://www.sikabel.com/
2-buyer,Indonesia,ID,PT Kabelindo Murni Tbk,East Jakarta,"Cable manufacturer — bare copper conductor, building wire, LV/MV power cable, control & instrument cable; consumes copper rod.",Cu,yes,4.4,confirmed,kabelindo.co.id,sales@kabelindo.co.id,,,Bare-conductor and building-wire production is direct copper-rod consumption.,https://www.kabelindo.co.id/
2-buyer,Indonesia,ID,PT Voksel Electric Tbk,Jakarta,"Cable manufacturer (power, telecom, submarine, special/renewable-energy cables) with Showa Electric JV heritage; consumes copper conductor.",Cu,yes,4.4,confirmed,voksel.co.id,,,,Listed power-cable maker — steady copper-rod demand.,https://www.voksel.co.id/
2-buyer,Indonesia,ID,PT Jembo Cable Company Tbk,"Tangerang, Banten",IDX-listed cable maker (est. 1973) producing copper-conductor low-voltage and power cables; consumes copper rod.,Cu,yes,4.2,plausible,jembo.co.id,,,,Established copper-conductor cable manufacturer; real IDX-listed company (JECC). Site bot-walled (403) so kept as plausible.,http://www.jembo.co.id/
2-buyer,Indonesia,ID,PT Prysmian Cables Indonesia,"Cikampek, Karawang (West Java)","Local plant of the Prysmian Group (world cable leader) producing copper power cables, LV cables and optical cables in Cikampek; consumes copper conductor.",Cu,yes,4.3,plausible,prysmiangroup.com,,,,Copper power-cable manufacturer — real copper-rod buyer. Global corporate domain; local entity verified — plausible.,https://www.dnb.com/business-directory/company-profiles.pt_prysmian_cables_indonesia.f6cfeaba067cc9b59b4a4ed03091e57e.html
2-buyer,Indonesia,ID,PT Global Cometal Indonesia (Sutindo Group),Jakarta / Surabaya,"Non-ferrous metal distributor & stockist — copper busbar, copper rod, grounding, sheets and cables (official Luvata distributor); trades/stocks copper for Indonesian industry.",Cu,,3.9,plausible,globalcometal.com,gcisby@globalcometal.com,,,Copper stockist/distributor and trading channel — buys and moves copper product in bulk. Site bot-walled (403) so kept plausible.,https://globalcometal.com/
2-buyer,Indonesia,ID,PT Kawat Enamel Indonesia (KEI Wire),"Cikupa, Tangerang",Enamelled / magnet wire manufacturer with own copper rod plant,Cu,yes,4.7,confirmed,https://keiwire.com,sales@keiwire.com,,,"Only enamelled-wire firm in Indonesia running its own copper rod plant (2,000 t/mo); direct copper-cathode consumer since 1993. Verified live site, sales email & address.",https://keiwire.com
2-buyer,Indonesia,ID,PT EWINDO (Enito Wire Indonesia),Bandung,"Magnet wire, automotive cable & wiring-harness manufacturer",Cu,yes,4.6,confirmed,https://www.ewindo.co.id,,,,"Japan-Indonesia JV (est. 1974), two plants making magnet wire, auto cables & harnesses; copper-intensive. Verified live site (contact via form, no public email).",https://www.ewindo.co.id
2-buyer,Indonesia,ID,PT TongCheng Magnet Wire,"Cikarang, Bekasi",Magnet / winding wire manufacturer,Cu,yes,4.2,confirmed,https://www.pttcmw.com,,,,"Cikarang magnet-wire maker producing copper bare/enamelled conductors to IEC standards; copper is primary raw material. Verified live site, phone & address (no public email).",https://www.pttcmw.com/product
2-buyer,Indonesia,ID,PT Hartaperindo Sejahtera,Jakarta,"Copper rod, conductor & cable distributor / trader",Cu,,4,confirmed,https://www.hartaperindo.com,hartaperindo@gmail.com,,,"Authorized Kabelmetal (KMI) distributor since 1999 trading copper rods/conductors/cables to 3,000+ clients (WIKA, Adhi Karya, Pertamina). Verified live site, email & phone.",https://www.hartaperindo.com
2-buyer,Indonesia,ID,PT Communication Cable Systems Indonesia (CCSI),Jakarta,Cable & wire manufacturer,Cu,yes,3.8,plausible,https://www.ccsi.co.id,,,,"Established Indonesian telecom/power cable maker; copper conductor consumer. Site returned an Access Denied bot-wall, so unverifiable directly but real; marked plausible.",https://www.ccsi.co.id
2-buyer,Indonesia,ID,Indosurya Tembaga Industri,Indonesia,Copper foundry — copper/brass/zinc ingot producer,Cu,yes,3,confirmed,https://indosuryatembaga.com,,,,"Foundry that buys and consumes copper scrap/feedstock to produce copper ingots — a genuine copper buyer, not a miner",https://indosuryatembaga.com/products/copper-ingots/
2-buyer,Indonesia,ID,PT Sutindo Surya Sejahtera,West Jakarta,"Jakarta-based supplier/stockist of copper, brass, bronze and aluminium products (sheet/plate/bar/pipe)",Cu,yes,3.9,plausible,sutindosurya.com,,,,"Copper stockist/distributor sourcing copper as inventory; trader-buyer. Site bot-walled (403), company confirmed via listings",https://sutindosurya.com/products/copper/
2-buyer,Iraq,IQ,Erbil Copper & Cable Company (ECC),Erbil,"Integrated copper mill + cable maker: copper melting/molding, copper wire rod 8mm, copper wire, PVC/XLPE and halogen-free cable. $80M complex, six factories, 175,000 m2, established 2022-2023.",Cu,yes,9,confirmed,erbilcoppercable.com,info@erbilcoppercable.com,,,Iraq's first and largest integrated copper rod + cable plant; consumes copper raw material (cathode/scrap) at industrial scale to feed its rod and wire lines. Prime in-country buyer reachable across the Iran border.,https://erbilcoppercable.com/about-us/
2-buyer,Iraq,IQ,Shmoukh Al Az Company,"Ameriyat Al-Fallujah, Al Anbar","Copper rod/wire/busbar mill running a Continuus-Properzi continuous casting & rolling (CCR) line; produces copper wire (0.1-8mm), rod (8-25mm) and busbar at ~100 metric tons/day, up to 99.90% purity.",Cu,yes,9,confirmed,shmoukhalaz.com,commercial@shmoukhalaz.com,,,Continuous-casting copper rod mill consuming ~100 t/day of copper feedstock (scrap min ~93% Cu today) — a natural bulk cathode/high-purity-ingot buyer to upgrade feed quality.,https://shmoukhalaz.com/products
2-buyer,Iraq,IQ,Riyadh Cables Group (Baghdad plant),Baghdad,Wire & cable manufacturing group with a state-of-the-art manufacturing facility in Baghdad/Iraq (alongside Saudi Arabia and UAE); produces in-house 8mm copper rod and low/medium/high-voltage cables and conductors.,Cu,yes,6,plausible,riyadh-cables.com,,,,"Operates a copper-rod + cable manufacturing plant physically in Baghdad, a genuine in-country copper consumer. Note: Baghdad facility of the Saudi-headquartered Riyadh Cables Group; Iraq-specific contact not published, so procurement runs at group level.",https://riyadh-cables.com/about-us/
2-buyer,Iraq,IQ,MS Company for Cable and Busbar Production Ltd.,Sulaymaniyah (Bazyan),"Cable & busbar manufacturer — bare copper conductor, PVC-insulated installation cable, LV power cable (also aluminium conductor); ISO 9001/14001/45001, founded 2019",Cu,yes,4,confirmed,ms.com.iq,,,,"Manufactures bare copper conductor and copper power cables, so it buys copper (cathode/rod) as raw material — a genuine copper-consuming mill.",https://www.ms.com.iq/
2-buyer,Iraq,IQ,Al Rowad,Baghdad,"First Iraqi investment cable manufacturer — low/medium voltage cables, overhead transmission line conductors and renewable-energy cables. 75,000 m2 factory in southern Baghdad.",Cu,yes,8.8,confirmed,https://www.alrowadcable.com,sales@alrowadcable.com,,,Cable mill whose core raw material is copper conductor; a bulk buyer of copper cathode/rod.,https://www.alrowadcable.com/
2-buyer,Iraq,IQ,Iraqi Ander Co. for General Trading Ltd. (I.A.C.),Baghdad,"Importer/distributor of copper power cables, electrical wires, instrumentation/data cables and distribution transformers; agent for LEONI Kerpen, MESC Fujikura, UTEC",Cu,,7.2,confirmed,http://anderiraq.com,contact form only (no direct email/phone published),,,"Long-established Baghdad importer/distributor/trader of copper cables & wire; verified site, though contacts are gated behind a form",http://anderiraq.com/menu.html
2-buyer,Iraq,IQ,Iman Company (Electrical Contracting & General Trading),Erbil,"Exclusive Iraq distributor/agent for HES KABLO (LV/MV copper-conductor cables), Hascelik Kablo and IES Galvaniz",Cu,,7,confirmed,https://imancompany.net,info@imancompany.net / +964 750 445 0988,,,"Verified site + contacts; a genuine Iraqi trader/distributor of copper-conductor cable, not a retailer",https://imancompany.net/products
2-buyer,Iraq,IQ,Berlin Cable,As Sulaymaniyah,Wire & cable factory (self-described producer of wires and cables in Sulaymaniyah/Kurdistan),Cu,,5.4,plausible,https://www.facebook.com/Berlincable2020/,Facebook page only,,,"Real named Iraqi wire/cable factory that would consume copper, but only a social-media (Facebook) presence exists — bot-walled/unverifiable root domain, so plausible",https://www.facebook.com/Berlincable2020/
2-buyer,Kazakhstan,KZ,Kazenergokabel JSC,Pavlodar,Cable & wire manufacturer,Cu,yes,95,confirmed,kazkabel.kz,kazkabel@kazkabel.kz / +7 7182 66-04-10,,,"Kazakhstan's largest cable & wire maker (50,000+ km cable/yr); consumes copper for power/control/telephone cables. Branches in Astana, Almaty, Aktau.",https://kazkabel.kz/en/about-en
2-buyer,Kazakhstan,KZ,Kazcentrelectroprovod LLP (KCEP),Saran (Karaganda region),Cable manufacturer (optical + copper LAN),Cu,yes,87,confirmed,kcep.kz,info@kcep.kz / +7 7212 912-500,,,"First optical & LAN cable producer in KZ; manufactures copper LAN cable (42,000 km/yr capacity), a genuine copper consumer.",https://kcep.kz/en/home/
2-buyer,Kazakhstan,KZ,KazElectroMash Co. (Kazelectromash Ltd),"Semey (offices Almaty, Astana, Karaganda)",Cable & wire manufacturer,Cu,yes,80,confirmed,kemash.kz,,,,"Cable & wire producer since 1995, ISO 9001, supplies ArcelorMittal Temirtau and mining/energy clients; copper is core raw material.",https://kemash.kz/about_eng.htm
2-buyer,Kazakhstan,KZ,Eurasian Cable PPP (Evrazkabel),Almaty,Cable manufacturer,Cu,yes,84,confirmed,eeccable.com,info@eeccable.com / +7 727 350-5316,,,Modern PPP cable plant (opened 2018) producing copper/aluminium power cables up to 330 kV; explicitly sources copper as raw material.,https://eeccable.com/en/
2-buyer,Kazakhstan,KZ,Kabel KT LLP,Astana,Cable & wire manufacturer,Cu,yes,70,confirmed,kabelkt.kz,+7 778 206-35-41,,,"Cable maker that states it uses copper from Balkhash Mining-Metallurgical Combine; clear copper consumer, GOST-certified.",https://kabelkt.kz/
2-buyer,Kazakhstan,KZ,Karaganda System LLP,Karaganda,Cable + copper/brass/bronze metal distributor & trader,Cu,yes,66,confirmed,k-holding.kz,rop@k-system.kz / +7 708 152-56-91,,,"Wholesale distributor that trades copper (sheet/wire/tube/bar), brass and bronze semis plus cable across KZ — qualifies as a copper distributor/trader.",https://k-holding.kz/
2-buyer,Kazakhstan,KZ,Kazakhstan Copper Alloys Plant LLP (KCAP),"Tuymebayev village, Almaty region",Copper/brass foundry (secondary/alloy ingots),Cu,yes,60,confirmed,kcap.kz,info@kcap.kz / procurement +7 701 263-94-21,,,"Real copper-alloy foundry with a dedicated copper raw-material procurement line; consumes copper — note: input is copper/brass SCRAP (secondary), not cathode.",https://kcap.kz/en/
2-buyer,Kazakhstan,KZ,Taldykorgan Cable Plant (Aziya Elektrik),Taldykorgan,Cable & wire manufacturer,Cu,yes,55,plausible,taldykorgan.ekt.kz,,,,"Real named cable plant under Aziya Elektrik group producing cable/conductor products; site is TLS/cert-walled so content could not be fully fetched — plausible, not fully confirmed.",https://taldykorgan.ekt.kz/about/
2-buyer,Kazakhstan,KZ,Kentau Transformer Plant JSC (Alageum Electric),Kentau,Leading Kazakh transformer & electrotechnical equipment manufacturer (400+ product names),Cu,yes,4.5,confirmed,https://alageum.com,sales@alageum.com,,,"Verified: real transformer maker since 2005, 85% local content. Transformer manufacturing consumes copper winding wire — genuine copper buyer (winding material not stated on page, but transformer coils are copper-based).",
2-buyer,Kazakhstan,KZ,PO KazMetService LLP (Казметсервис),Almaty,"Non-ferrous metals distributor/trader; copper sheet, rod, wire, tube from stock across KZ + CIS branches",Cu,yes,4.2,confirmed,https://kzmc.kz,info@kzmc.kz,,,"Verified: real Almaty-based copper distributor (Rayymbek Ave, Aspara BC) with multi-region branches. Buys copper semis to trade/distribute.",
2-buyer,Kazakhstan,KZ,Steel Service Kazakhstan (Steels.kz),Almaty,"Metals distributor; ~5,000 copper SKUs (sheet, wire, tube, rod) with certificates",Cu,yes,4,confirmed,https://steels.kz,almaty@steels.kz,,,Verified: real Almaty metals distributor with large certified copper-semis catalogue. Copper trader/distributor.,
2-buyer,Kazakhstan,KZ,Snabtechmet LLP (Снабтехмет),Almaty,"Non-ferrous metals distributor; copper tube, wire, sheet from Almaty warehouse + regional branches",Cu,yes,4,confirmed,https://snabtechmet.kz,alm@snabtechmet.kz,,,Verified: real Almaty copper distributor (Mamyr-3) with regional branches. Copper trader/distributor — buys to resell.,
2-buyer,Kazakhstan,KZ,Safir Group (ATOM Cable distributor),Atyrau,"Industrial material supplier distributing ATOM Cable (copper power cables, insulated wires, flexibles) in Kazakhstan",Cu,,3.4,confirmed,https://groupsafir.com,info@safir.kz,,,"Verified: real Atyrau industrial supplier trading copper cable (imported Turkish ATOM Cable). Copper-cable trader/importer, not a maker.",
2-buyer,Kazakhstan,KZ,Seastar Group,Almaty,"Almaty supplier/distributor of branded cables (power, marine, mining, fire-resistant) + electrical tools",Cu,,3.2,confirmed,https://seastargroup.com,info@seastargroup.com,,,Verified: real Almaty cable supplier trading branded copper cables (power/marine/mining). Copper-cable reseller/trader; also stocks tools/electronics so lower-tier fit.,
2-buyer,Kazakhstan,KZ,KazPowerTrade,Almaty,"Almaty supplier of cable, cable trays and electrical equipment",Cu,,3.5,plausible,https://kazpowertrade.kz,,,,"Clearly-real named Almaty cable/equipment supplier surfaced across sources, but site is self-signed-cert walled so contents could not be fetched — marked plausible pending live-site confirmation.",
2-buyer,Kazakhstan,KZ,Vatan Kazakhstan Cable (ТОО «Ватан БСК Казахстан»),Almaty,"Cable mill — self-described first copper-cable production facility in Kazakhstan (PVS, VVG, PV, NYM), founded 1998",Cu,yes,4.5,confirmed,vatancable.kz,info@vatancable.kz,,,"Verified live copper-cable manufacturer with 2024-dated activity; already buys domestic Balkhash copper, so a natural switch-target for competitively priced imported cathode.",https://vatancable.kz/
2-buyer,Kazakhstan,KZ,Aknur Kabel LLP (ТОО «АКНУР КАБЕЛЬ»),Almaty,"Cable & wire mill — single/multi-core copper wire & 1000+ cable types, since 2007, multi-branch (Almaty, Astana, Aktau, Shymkent, Atyrau)",Cu,yes,4,confirmed,akcable.kz,info@akcable.kz; +7 727 333 40 54,,,Verified live copper wire & cable manufacturer with nationwide branch network — steady conductor-grade copper demand.,https://www.akcable.kz/
2-buyer,Uzbekistan,UZ,JV JSC Uzkabel,Tashkent,"Largest universal cable & wire manufacturer in Central Asia (since 1941). Processes 3,400+ t/yr of copper, produces copper rod (katanka) in-house and 3,000+ grades of power/control/communication cable and enameled/bare copper wire. 1,600+ staff; Chinese + Turkish (Inter Kablo) shareholders.",Cu,yes,4.8,confirmed,uzkabel.uz,pochta@uzkabel.uz / +998 71 262-29-02,,,Verified live website confirms large-scale copper processing and copper-rod production; a genuine bulk copper-cathode/rod consumer.,http://www.uzkabel.uz
2-buyer,Uzbekistan,UZ,LLC Artikul Kabel,Tashkent,"Cable & wire manufacturer (since 2013), 2,000+ product types incl. power cables 0.66-110 kV, winding wires and solar cables. States >2,000 t/yr copper consumption and 3,000+ km/month output; secured up to EUR 20m EBRD financing to expand copper-cable production/export.",Cu,yes,4.6,confirmed,artikul-kabel.uz,sales@artikul-kabel.uz / +998 95 508 08 88,,,Live site explicitly states multi-thousand-tonne annual copper consumption; a confirmed bulk copper buyer.,https://artikul-kabel.uz/en
2-buyer,Uzbekistan,UZ,Kabel Tech LLC,Tashkent,"Power-cable manufacturer (XLPE up to 35 kV, control/installation cables, ABC wires) that also produces copper wire rod; copper or aluminium conductors up to 1000 mm2. ISO 9001:2015, 7.2 ha site.",Cu,yes,4.3,confirmed,kabeltech.uz,info@kabeltech.uz / +998 71 225 55 52,,,Live site confirms copper conductors and in-house copper wire-rod production; genuine copper raw-material consumer.,https://kabeltech.uz/en/about
2-buyer,Uzbekistan,UZ,JV JSC Deutsche Kabel AG Taschkent (DKG),Tashkent,"One of Central Asia's largest cable-conductor and copper/steel products manufacturers (JV founded 1999, ~95% Falk-Porsche-Technik GmbH). European-equipment lines (Rosendahl, Maillefer, SKET); planned ~US$17m modernization.",Cu,yes,4.2,plausible,dkg.uz,info@dkg.uz,,,"Clearly-real large cable & copper-products maker; own domain dkg.uz refused connection / was unreachable at verification (bot-wall or downtime), so kept as plausible pending live confirmation.",https://www.uzdaily.uz/en/deutsche-kabel-ag-tashkent-to-invest-us17m-for-modernization/
2-buyer,Uzbekistan,UZ,O'zelektroapparat-Electroshield (UZEA Group),Tashkent,"Leading Uzbek electrical-equipment maker (since 1941): power transformers, LV/HV switchgear and substations 0.4-500 kV. Group includes Chirchik Transformer Plant, Toshelectroapparat and Nukuselectroapparat.",Cu,yes,3.8,confirmed,uzea.uz,,,,"Verified live; transformer/switchgear manufacturing inherently consumes copper (windings, busbars) - a real copper end-user, though exact copper-buy volumes not published.",https://uzea.uz/en/home.php
2-buyer,Uzbekistan,UZ,Artel Electronics,Tashkent,"Largest home-appliance manufacturer in Central Asia (20+ factories, 10,000 staff): air conditioners, refrigerators, washing machines. AC/refrigeration production consumes copper tube and motor winding copper.",Cu,yes,3.4,plausible,artelelectronics.com,info@artelelectronics.com / +998 78 148-88-88,,,"Verified real, large manufacturer whose AC/refrigerator lines consume copper tube/wire; copper procurement not explicitly stated on site, so kept as plausible (indirect but sizable consumer).",https://artelelectronics.com/en/about-company
2-buyer,Uzbekistan,UZ,"Andijon Kabel (Andijankabel, Uzbek-Russian JV JSC)",Khanabad (Andijan region),"Major cable & wire manufacturer (est. 1982); power cables 0.66-110 kV, PV cables, control cables, copper wire",Cu,yes,5,confirmed,https://cable.uz,info@cable.uz; +998 77 313-66-66,,,Verified live site; copper listed as core input material; large long-established exporter cable mill (75% of sales exported) — high-volume copper consumer,https://cable.uz
2-buyer,Uzbekistan,UZ,Eurocable LLC (OOO EUROCABLE),Fergana (office in Tashkent),"Cable & wire manufacturer; 500+ types of power cables 0.66/1 kV, overhead line and installation wires",Cu,yes,4,confirmed,https://eurocable.uz,info@eurocable.uz; +998 71 267-07-35,,,Verified site; manufactures copper-conductor power and installation cables at scale — a copper-consuming mill,https://en.eurocable.uz/about
2-buyer,Uzbekistan,UZ,Fenitec (Mega Elektro Kabel),Tashkent,Enameled winding wire manufacturer (est. 2013); enameled copper and aluminum wires up to 220C for transformers and electrical machines,Cu,yes,4,confirmed,https://fenitec.uz,sales@fenitec.uz; +998 71 248-00-28,,,Verified site; enameled copper winding wire maker — copper is the primary raw input,https://fenitec.uz/en/about-company/
2-buyer,Uzbekistan,UZ,Chirchik Transformer Plant JSC,Chirchik,Power and distribution transformer manufacturer; 6-220 kV oil-immersed and traction transformers with copper windings,Cu,yes,4,confirmed,https://chtz.uz,info@chtz.uz; +998 71 713-03-24,,,Verified site; transformer maker producing its own winding wire (copper) — a copper consumer for coil windings,https://chtz.uz/en/about/
2-buyer,Uzbekistan,UZ,LLC Grand Tehnolog (Grandkabel),Andijan,"Cable & conductor manufacturer under the GRANDKABEL brand (~18 yrs, ISO 9001:2015 from DQS); 100+ cable types incl. copper VVGng/PVS/PUGNP. Plant in Andijan, office in Tashkent.",Cu,,4,confirmed,grandkabel.uz,+998 98 888-55-99,,,Established copper-cable producer; recurring copper-rod/cathode feedstock demand.,https://grandkabel.uz/
2-buyer,Uzbekistan,UZ,Hayat Kabel,Tashkent,Uzbek copper-cable brand; the .uz site is the official dealer/distributor of the Hayat Kabel factory. Manufacturer is real but the fetched page is a dealer storefront with no verified factory contact.,Cu,,3.3,plausible,hayatkabel.uz,,,,"Real copper-cable brand/factory, but only a dealer page was verifiable (no direct manufacturer contact), so treat as plausible pending confirmation.",https://hayatkabel.uz/en
2-buyer,Uzbekistan,UZ,NPK SM UZ (Spetsialnaya Metallurgiya / Specmet),Tashkent,"Metals distributor/trader with a Tashkent-facing catalogue of copper semis (copper pipe, round bar, wire, sheet) and cable products. Contact phone is a Russian +7 (861) Krasnodar number, suggesting a Russia-based trader mirroring into the UZ market.",Cu,,3,plausible,specmet.uz,info@specmet.uz / +7 861 204-07-61,,,"Trades/distributes copper semi-finished products into Uzbekistan, but the Russian phone raises doubt it is genuinely UZ-domiciled; low-confidence trader lead.",https://specmet.uz/catalog/Kabel/
2-buyer,Azerbaijan,AZ,Göknur Bakı Kabel (Baku Cable),Baku,Cable & wire manufacturer,Cu,yes,4.6,confirmed,https://www.goknurbaki.az,,,,"Established 2003; produces 6/10kV–26/45kV copper-conductor cables at ~2000 t/mo, exports to CIS — direct copper consumer.",https://www.goknurbaki.az/en/about-us
2-buyer,Azerbaijan,AZ,Çiraq İnşaat (Chirag Inshaat) MMC,Baku,Cable manufacturer & copper busbar supplier,Cu,yes,4.5,confirmed,https://chirag-construction.com,sales@chirag-construction.com / +994 77 244 85 15,,,Founded 2005; manufactures copper cables and wholesales copper busbars — confirmed copper as key raw material.,https://chirag-construction.com/
2-buyer,Azerbaijan,AZ,STP Global Cable (Sumqayit Technology Park),Sumqayit,Cable & wire manufacturer (industrial park),Cu,yes,4.4,confirmed,https://www.stp.az,"H.Z. Tagiyev settlement, Sumqayit AZ5022",,,One of the region's largest/most advanced cable plants; multi-voltage cable output implies large copper consumption.,https://www.stp.az/en
2-buyer,Azerbaijan,AZ,ATEF Group of Companies,Baku,Power & distribution transformer manufacturer,Cu,yes,4.5,confirmed,https://www.atef.az,,,,Transformer windings made of copper or aluminium; large plant exporting to 35 countries — significant copper consumer.,https://www.atef.az/power-transformers
2-buyer,Azerbaijan,AZ,ARCHICO Engineering (ArchiCO Cable Factory),Baku (Absheron),Cable manufacturer,Cu,yes,4.3,confirmed,https://archico.az,+994 12 541-60-46,,,"80,000 m2 cable plant producing copper-based LV cables — direct copper consumer.",http://archico.az/en/resources/cable-factory-7117482616818257
2-buyer,Azerbaijan,AZ,AKKUR Cable MMC,Baku,Cable & wire manufacturer,Cu,yes,4.2,confirmed,https://akkur.az,,,,"Operating since 2005; strands fine copper wires into conductors — confirmed copper consumer (site bot-walled, corroborated by independent sources).",
2-buyer,Azerbaijan,AZ,Azergöktel MMC,Baku,Cable & wire manufacturer,Cu,yes,4,plausible,https://azergoktel.az,,,,Operating since 2002; coats copper and aluminium wire — real named copper consumer; website bot-walled (redirect loop) so not directly confirmable.,
2-buyer,Azerbaijan,AZ,AZERCATHODE MMC,Baku,Copper processing / wire-rod producer & copper scrap buyer,Cu,yes,4,plausible,https://azercathodemmc.az,,,,"Largest copper processor in the South Caucasus; publicly BUYS copper scrap and ingots and produces cathode/rod — a copper buyer/trader, not merely a seller; site DNS currently unreachable.",
2-buyer,Azerbaijan,AZ,WIRE MMC,Baku,Cable & copper wire-rod distributor / trader,Cu,yes,3.8,confirmed,https://www.wire.az,info@wire.az / (012) 480 20 36,,,Official partner/distributor of a major cable producer with Baku warehouse; stocks and trades oxygen-free copper wire rod — copper trader/distributor.,
2-buyer,Azerbaijan,AZ,InterKabel LLC (Interkabel MMC),Baku,"Wholesale distributor/trader of cable, wire and electrical equipment",Cu,yes,80,confirmed,https://interkabel.az,"N. Narimanov St 5A, Baku | +994 50 236 05 65 / +994 12 436 26 75",,,25+ year Baku wholesaler/distributor of copper cable & wire products and electrical equipment; fits the trader/distributor buyer profile. Verified real via own site with address and phones.,https://interkabel.az/en/
2-buyer,Armenia,AM,IN-VI Cable CJSC,Yerevan,"Largest cable manufacturer in Armenia (est. 2011, Yerevan). Produces PVC-insulated and halogen-free/fire-resistant installation cables plus power cables with electrical-copper conductors (also aluminum). Ranked among Armenia's top-1000 taxpayers; awarded customs benefits for a new ~AMD 16.8bn (~$42.5M) Yerevan plant; operates 257 retail outlets across 22 cities.",Cu,yes,4.7,confirmed,invi.am,sales@invicable.am / +374 93 020902,,,Armenia's leading copper power-cable mill; consumes copper wire rod as its core conductor raw material at domestic-market scale.,
2-buyer,Armenia,AM,Amper CJSC,Tashir,"Cable and wire manufacturer in Tashir (est. 2021). Produces PVC-insulated wires, self-supporting and bare overhead-line conductors, plastic-insulated power cables (0.66-3 kV) and control cables with electric conductors made of copper, aluminum and aluminum alloy.",Cu,yes,4.5,confirmed,amper.am,info@amper.am / +374 11 60 60 00,,,Modern cable plant that explicitly consumes copper as conductor raw material for its power and control cable lines.,
2-buyer,Armenia,AM,REX Transformers LLC,Yerevan,"Dry-type transformer manufacturer in Yerevan (Erebuni district), rated 25-3500 kVA, built to designs of its Canadian sister company REX Power Magnetics (Concord, Ontario). Transformer windings are a copper-consuming application (may also use aluminum).",Cu,,3.8,confirmed,rextransformers.am,info@rextransformers.am / +374 77 21 53 23,,,"Genuine Armenian electrical-equipment manufacturer; distribution/dry-type transformer windings are a standard copper-consuming use, so a plausible buyer of copper strip/wire.",
2-buyer,Armenia,AM,Armelectromash OJSC (Armelectra),Yerevan,Transformer & generator manufacturer,Cu,yes,3,confirmed,armelectromash.am,mashsbit@mail.ru / +374 10 420211,,,"Long-established (1940) maker of power transformers (25-1600 kVA) and synchronous generators (4-200 kW) — products that inherently consume copper windings. Active site with recent (2022-26) financials. A real copper-consuming manufacturer, not a seller.",https://armelectromash.am/
2-buyer,Armenia,AM,Elite Kabel,Yerevan,Cable & bare-wire manufacturer,Cu,yes,3,plausible,areg.am/en/elit-kabel,+374 10 449671,,,"Clearly-real named Armenian cable maker (Artsakh ave. 69/1, Yerevan; director Vrezh Harutyunyan; two landlines) producing cables and bare wires — implies copper conductor consumption. No reachable own website found; verified only via business directory, so flagged plausible.",https://areg.am/en/elit-kabel
2-buyer,Afghanistan,AF,Kabul Cable Manufacturing and Industrial Company,Kabul,Copper electrical wire & cable manufacturer,Cu,yes,9,confirmed,https://kabulcable.com,+93 789 737 323 / +93 20 210 89 86 / Info@kabulcable.com,,,"Verified operating manufacturer; describes itself as the first company to produce standard copper electrical wires and cables in Afghanistan, so it consumes/imports copper as its core input.",https://kabulcable.com/about/
2-buyer,Afghanistan,AF,Hamkar Wire & Cable Manufacturing Company,Herat,Copper & aluminum wire and cable manufacturer,Cu,yes,9,confirmed,https://hamkarcable.af,+93 93 79 795 9595 / info@hamkarcable.af,,,"Verified operating factory in Herat Industrial Park (est. 2015), makes 0.6/1KV copper & aluminum cables under IEC60502 with DABS government supply contracts; consumes copper as raw material.",https://hamkarcable.af/en/home/
2-buyer,Turkmenistan,TM,Aýdyň gijeler,Ashgabat,"Electronics & cable manufacturer (copper/aluminum-copper cable, ~80M m/yr)",Cu,yes,5,confirmed,aydyngijeler.com.tm,info@aydyngijeler.com / +99312232908,,,Live official site verified; state-private (49/51) electronics maker producing aluminum-copper cable and wire in bulk. Genuine high-volume copper consumer.,https://aydyngijeler.com.tm/en
2-buyer,Turkmenistan,TM,Türkmen ýyldyzy,Sakar (Lebap velayat),"Cable & wire manufacturer (37 types, 'Gerim' brand) + energy-facility electrical works",Cu,yes,4,plausible,yyldyz.com.tm,+993 433 2 70 12,,,"Real economic society (est. 2009) producing insulated/non-insulated wire and cable, with copper multi-wire cable planned; named site yyldyz.com.tm exists but was unreachable/bot-walled at check -> plausible.",https://turkmenistan.gov.tm/en/post/85588/labor-successes-es-turkmen-yyldyzy
