part,country,iso2,company,city,segment,product,bulk,rating,verdict,website,contact,wants,posted,why_fit,SOURCE_url
2-importer,Canada,CA,Richelieu Hardware Ltd,"Montreal, QC","Major Canadian importer & distributor of specialty hardware (TSX: RCH), Montreal HQ, supplying retailers and OEMs across North America",P2,yes,4,plausible,richelieu.com,,,,Large publicly-listed hardware importer/distributor carrying anchors and fixings. Site live but fetch hit repeated HTTP header-overflow so held at plausible per bot-wall rule.,https://www.richelieu.com/ca/en/
2-importer,Canada,CA,Home Hardware Stores Ltd.,"St. Jacobs, ON","Dealer-owned distributor/wholesaler supplying building materials & hardware to ~1,000 stores nationally",P1+P2,yes,4,plausible,homehardware.ca,,,,National dealer-owned buying group that centrally sources fasteners and wall/drywall anchors for member stores; high-volume import need. Site 403 bot-walled so kept plausible.,https://www.homehardware.ca
2-importer,Canada,CA,Fastenal Canada,,National fastener & construction-supply distributor with a Canadian branch network,P1+P2,yes,4,plausible,fastenal.ca,,,,Large multi-branch distributor of fasteners and construction hardware including anchors; genuine resale channel. Canada page returned 403 (bot-walled) so kept plausible.,https://www.fastenal.com/en/93/canada
2-importer,Canada,CA,Grainger Canada,,National MRO / industrial-supply distributor,P1+P2,yes,3.5,plausible,grainger.ca,,,,National MRO distributor with a live drywall/plaster anchors category; multi-vendor reseller with sourcing need. Category page 403 bot-walled so kept plausible.,https://www.grainger.ca/en/category/anchors-for-drywall-plaster/anchors/c/11190
2-importer,Canada,CA,Wurth Canada Limited,"Guelph, ON",Industrial/construction/MRO/automotive distributor & wholesaler; Canadian arm of the global Wurth Group,P1+P2,yes,5,confirmed,wurth.ca,,,,"National construction-supply distributor with explicit Anchors and Fasteners categories. Site opened live; phone 1-800-263-5002 shown, no role email so contact left blank.",https://shop.wurth.ca/
2-importer,Canada,CA,"Brafasco (White Cap Construction Supply, Canada)","Concord/Toronto, ON",Canadian construction-fastener & jobsite-supply distributor to contractors; operated as a brand of White Cap,P1+P2,yes,4,plausible,whitecapsupply.com,,,,Contractor-facing construction fastener/anchor distributor. brafasco.com 301-redirects live to whitecapsupply.com/brafasco but product page returned empty body in-tool so held at plausible.,https://whitecapsupply.com/brafasco
2-importer,Canada,CA,Spaenaur Inc.,"Kitchener, ON","Canadian industrial fastener & hardware distributor (est. 1936); 50,000+ SKUs from a 115,000 sq ft warehouse",P1+P2,yes,5,confirmed,spaenaur.com,service@spaenaur.com,,,National industrial/hardware distributor with an existing Anchors line; a natural stocking buyer of drywall cavity anchors & toggle bolts. Opened live; email visible on site.,https://www.spaenaur.com
2-importer,Canada,CA,The Bolt Supply House Ltd.,"Calgary, AB",Western-Canadian fastener/tools/hardware distributor (est. 1948); 14 branches across AB/SK/MB/BC,P1+P2,yes,5,confirmed,boltsupply.com,online@boltsupply.com,,,Multi-branch fastener wholesaler serving contractors and industry; broad catalogue implies steady cavity-anchor/toggle demand. Opened live; email visible on site.,https://www.boltsupply.com
2-importer,Canada,CA,Reliable Fasteners,"Montreal, QC",Canadian fastener & fixings distributor/wholesaler with a Hollow Wall Anchors category (incl. toggle bolts),P1+P2,yes,4,plausible,reliablefasteners.com,,,,Established fastener distributor with a dedicated hollow-wall-anchors category. Site live but returned HTTP header-overflow in-tool so kept plausible.,https://www.reliablefasteners.com/ca/en/category/anchors/hollow-wall-anchors/3067224
2-importer,Canada,CA,JSR Industrial Supplies,"Tracadie-Sheila, NB",Canadian industrial/commercial fastener wholesaler & distributor,P1+P2,yes,3.5,confirmed,jsrindustrial.ca,"2740 Rue Principale, Tracadie-Sheila, NB E1X 1A1",,,Confirmed fastener wholesaler/distributor with a live Anchors category serving Atlantic Canada; regional import/resale need. Opened live.,https://www.jsrindustrial.ca/services/fasteners-wholesaler-and-distributor-canada
2-importer,Canada,CA,BW Industrial Sales,Ontario,"Ontario fastener distributor/supplier (48,000+ components in stock)",P1+P2,yes,3,plausible,bwindustrialsales.com,,,,Real Ontario fastener distributor serving manufacturers across Canada/US; carries anchors. Somewhat OEM/production-fastener leaning. Canada page 403 bot-walled so kept plausible.,https://www.bwindustrialsales.com/about-us/locations/canada
2-importer,Canada,CA,Global Industrial Canada,,Industrial/MRO & building-hardware distributor,P1+P2,yes,3,plausible,globalindustrial.ca,,,,Canadian arm of a large MRO distributor with a dedicated Toggle Bolts & Wings / anchors category; multi-vendor reseller. Site 403 bot-walled so kept plausible.,https://www.globalindustrial.ca/c/fasteners/anchors_hangers/toggle_bolts_wings
2-importer,Canada,CA,Rack-A-Tiers,,"Canadian supplier of fasteners, tools & anchors selling through wholesalers/agents",P1+P2,yes,3.5,plausible,rack-a-tiers.ca,,,,"Catalog explicitly lists screw anchors, drywall anchors and toggle bolts; opened live. Caveat: primarily a tool brand/distributor selling via wholesalers, so may source direct — held at plausible.",https://rack-a-tiers.ca/product-category/fasteners/screw-anchors/
2-importer,Canada,CA,Kenroc Building Materials Co. Ltd.,"Regina, SK (14 branches across AB/BC/SK/MB)",Gypsum specialty / building-materials distributor,P2,yes,9,confirmed,https://kenroc.com,https://kenroc.com/contact,,,"Family-owned since 1967, 14 branches across Western Canada, explicitly 'buys in volume' to stock all locations. Distributes drywall, steel studs/framing, EIFS and trade tools to contractors - a prime bulk buyer of drywall screws / metal-framing fasteners / anchors. Distributor, not manufacturer.",https://kenroc.com/
2-importer,Canada,CA,Bernardi Building Supply,"Toronto & Mississauga, ON",Drywall & acoustical building-supply distributor,P2,yes,8,confirmed,https://bernardibuildingsupply.com,1-877-741-0941,,,"GTA drywall/acoustical distributor for 50+ years, two yards. Explicitly stocks drywall accessories (tape, compound, corner beads, taping tools), screws/nails and steel framing for drywall contractors. Distributor, not manufacturer - directly on-target for Turkish drywall fasteners/accessories.",https://bernardibuildingsupply.com/acoustical-drywall-supplies-toronto/
2-importer,Canada,CA,IHL Canada (Investments Hardware Ltd.),"Toronto, ON",Construction fasteners & building-supply wholesale distributor,P2,yes,7,confirmed,https://ihlcanada.com,inquiries@ihlcanada.com / +1 416-748-0204,,,"Toronto wholesale 'Construction Destination' selling bulk nails/screws, collated screws, deck/wood/cement-board screws plus drywall and building materials to a contractor community. Distributor of exactly the fastener SKUs a Turkish exporter supplies.",https://ihlcanada.com/
2-importer,Canada,CA,Fastening House (Sabre Industrial Supplies Ltd.),"Ontario (5 branches, Windsor to Ottawa)",B2B fastener distributor for contractors,P2,yes,7,confirmed,https://fasteninghouse.com,1-800-668-6636,,,"Serving Canadian contractors since 1958, 5 Ontario branches, B2B distributor of fasteners/hardware with on-site inventory (VMI) programs for electrical/mechanical/general contractors. On-target fastener distributor, not a manufacturer.",https://fasteninghouse.com/
2-importer,Canada,CA,Fuller Fasteners,"Surrey, BC & Mississauga, ON",Fastener importer / distributor / wholesaler,P2,yes,7,confirmed,https://fullerfasteners.com,https://fullerfasteners.com (contact form),,,"Self-describes as 'leading Canadian supplier / importer / exporter' of metric fasteners and imperial socket products since 1976; ISO 9001:2015; warehouses in Surrey, Mississauga and Shanghai. Explicit importer that represents overseas manufacturers - a natural channel for Turkish fasteners.",https://fullerfasteners.com/
2-importer,Canada,CA,Woollatt Building Supply,"London, ON",Gypsum specialty dealer / drywall distributor,P2,yes,7,confirmed,https://woollatt.com,519-672-7630,,,"Largest stocking gypsum specialty (GSD) distributor in the London ON area; receives drywall loads weekly and carries fasteners, steel products and drywall accessories for residential/commercial/institutional contractors. Distributor, not manufacturer.",https://woollatt.com/gypsumdrywall/
2-importer,Canada,CA,Consolidated Gypsum Supply Ltd.,Alberta & Saskatchewan (6 branches),Drywall / building-materials distributor,P2,yes,7,confirmed,https://www.consolidatedgypsum.ca,+1 780-452-7786,,,"Locally owned since 1977, 6 branches in AB/SK, 2,500+ products including drywall, steel framing, fasteners and finishing supplies to drywall/general contractors. On-target Western-Canada building-materials distributor.",https://www.consolidatedgypsum.ca/
2-importer,Canada,CA,Coastal Drywall Supplies Ltd.,"Dieppe & Hanwell, NB; Dartmouth, NS",Drywall & acoustical supplies distributor,P2,yes,7,confirmed,https://coastaldrywall.ca,+1 506-859-9393,,,"Family-owned since 1985, 3 branches across Atlantic Canada, distributes gypsum/ceilings/roofing plus drywall tools and accessories from 25+ vendors to commercial and residential builders. Distributor, on-target for drywall fasteners/accessories.",https://coastaldrywall.ca/
2-importer,Canada,CA,Calgary Fasteners & Tools Ltd. (CalFast),"Calgary, AB",Industrial & construction fastener distributor,P2,,6,confirmed,https://www.calfast.com,https://www.calfast.com (live chat / phone),,,"Distributor/wholesaler since 1979 serving construction, MRO, welding and fabrication trades with fasteners (anchors, nails, screws, collated screws), tools and adhesives; offers commercial credit accounts. On-target fastener distributor, not a manufacturer.",http://www.calfast.com/
2-importer,Canada,CA,Edmonton Fasteners & Tools Ltd.,"Edmonton, AB",Fastener & construction-supply distributor,P2,,6,confirmed,https://edmfast.com,1-866-296-5460,,,"Distributor of fasteners plus construction/abrasive/safety supplies to Edmonton-area construction and industrial trades, with volume-order pricing. On-target fastener distributor, not a manufacturer.",https://edmfast.com/
2-importer,Canada,CA,Pacific Fasteners Ltd.,"Burnaby, BC & Toronto, ON",Corrosion-resistant fastener distributor / wholesaler,P2,,6,confirmed,https://www.pacfast.com,Burnaby (604) 294-9411 / Toronto (416) 231-7295,,,Established distributor/wholesaler of corrosion-resistant fasteners 'of every kind' with Burnaby head office and Toronto branch; offers volume pricing and parts sourcing (implies importing from various manufacturers). On-target fastener distributor.,https://www.pacfast.com/
2-importer,Canada,CA,Knapp Fasteners Inc.,"Cambridge, ON",Fastener distributor (VMI),P2,,5,confirmed,https://knappfast.com,519-653-4558 / 800-265-6609,,,"Family-owned fastener distributor since 1987 stocking 60,000+ items with VMI programs; global sourcing language implies importing. On-target as a fastener distributor, though customer base leans industrial/OEM/manufacturing rather than pure construction - weaker construction fit, hence tier 3.",https://knappfast.com/
2-importer,Canada,CA,WSB Titan (GMS Canada),"Canada (6 provinces, GMS family)",Drywall / building-materials distributor,P2,yes,8,plausible,https://wsbtitan.com,,,,"Largest independent building-supplies dealer in Canada (part of Gypsum Management & Supply since 2018), distributing drywall, steel framing, insulation and accessories to residential/commercial contractors across six provinces. Clearly-real major distributor; homepage/About repeatedly connection-reset on fetch, so marked plausible.",https://ca.linkedin.com/company/cgc-inc-
2-importer,Canada,CA,FBM (Foundation Building Materials) Canada,"Canada (multi-branch, myfbm.com/ca)",Drywall / building-materials distributor,P2,yes,7,plausible,https://www.myfbm.com,,,,"Major North American specialty distributor of drywall, steel framing and construction fasteners/accessories (incl. collated drywall screws) with a dedicated Canadian storefront (myfbm.com/ca). Site is bot-walled (HTTP 403) so unverified by direct fetch, but a clearly-real named distributor - plausible.",https://myfbm.com/ca/all-products/fasteners-and-hardware/drywall-screws/collated-drywall-screws/c/collateddwscrews
2-importer,Canada,CA,Cardinal Fasteners,"Toronto, ON",Industrial fastener importer & wholesaler,P2,yes,6,plausible,https://cardinalfasteners.com,,,,"Self-described 'proudly Canadian importer and wholesaler of bulk industrial fastener hardware' with 75+ years serving OEMs, RTA furniture makers, distributors and contractors from Toronto. An explicit importer/wholesaler - a natural channel for Turkish fasteners; homepage failed TLS handshake on fetch, so marked plausible.",http://cardinalfasteners.com/
2-importer,Canada,CA,BC Fasteners & Tools,British Columbia,Fastener & construction-supply distributor,P2,,6,plausible,https://bcfasteners.com,,,,"BC distributor of a large selection of screws, nuts, bolts, threaded rod, strut and construction/industrial supplies. Clearly-real named distributor; homepage returned HTTP 403 (bot wall) so unverified by direct fetch - plausible.",https://bcfasteners.com/
2-importer,Canada,CA,The Fastener Group,Western Canada (BC & Alberta),Fastener / tool / safety distributor group,P2,,6,plausible,https://thefastenergroup.com,,,,Western Canada fastener/tool/safety distributor group since 1979 with member branches across BC and Alberta (e.g. Calgary Fasteners is a member). Clearly-real named distributor; homepage returned HTTP 403 (bot wall) so unverified by direct fetch - plausible.,https://thefastenergroup.com/
2-importer,Canada,CA,Pacific West Systems Supply Ltd.,"Langley, BC","Wall & ceiling building-materials distributor, 40+ years, 7 branches across BC (Burnaby, Langley, Maple Ridge, Vancouver, Kelowna) and AB (Calgary, Edmonton)",P1+P2,yes,5,confirmed,pacwestsystems.com,604-534-2060,,,"Verified live; dedicated wall-and-ceiling distributor stocking drywall, steel framing, fasteners/screws and accessories to contractors across Western Canada",https://pacwestsystems.com/
2-importer,Canada,CA,Construction Fasteners and Tools (CF-T),Western Canada,Western-Canadian buying group / distributor of construction fasteners and tools leveraging bulk purchasing,P1+P2,yes,4,plausible,cf-t.com,1-866-238-8880,,,Bot-walled (HTTP 403) but a clearly-real named western-Canada construction-fastener distributor group; on-target for bulk fasteners/anchors,https://cf-t.com/fasteners
2-importer,Canada,CA,Les Attaches Richard,"Laval, QC","Industrial hardware distributor since 1985 serving Greater Montreal; 15,000+ in-stock items, access to 450,000+ products",P1+P2,yes,4,confirmed,lesattachesrichard.com,450-975-4554,,,Verified live; explicit drywall-anchor line plus full fastener range distributed to small and large industry,https://lesattachesrichard.com/en
2-importer,Canada,CA,Groupe JSV,"Saint-Jerome, QC","Distributor of industrial tools and hardware/fasteners, multiple Quebec branches (incl. Saint-Jerome); volume discounts to businesses",P1+P2,yes,4,confirmed,groupejsv.com,See branches page,,,Verified live; multi-branch Quebec hardware/fastener distributor selling anchors and fasteners at volume to trade accounts,https://groupejsv.com/en
2-importer,Canada,CA,MBID Canada,"Saint-Jerome, QC","Importer/distributor of industrial hardware & fasteners (does not manufacture), ships Canada-wide; store in St-Jerome, QC",P1+P2,yes,4,confirmed,mbidcanada.com,(450) 327-1022,,,Verified live; explicit importer/distributor of anchors and construction fasteners with nationwide shipping,https://mbidcanada.com/
2-importer,Canada,CA,Drywall Canada,"Toronto, ON",Toronto-based wholesale drywall distributor (delivery model) at wholesale prices to contractors,P1+P2,yes,4,confirmed,drywallcanada.com,via site quote,,,Verified live; dedicated wholesale drywall-and-accessories distributor supplying trade at volume,https://drywallcanada.com/products/
2-importer,Canada,CA,CTS Building Supplies (Canada Tool Supplies Ltd.),"Toronto, ON",Toronto building & construction supplies company with a dedicated wholesale channel plus retail,P1+P2,yes,4,confirmed,ctsbuildingsupplies.com,via site,,,Verified live; distributes drywall/building materials and hardware with an explicit wholesale department for trade buyers,https://www.ctsbuildingsupplies.com/building-materials/drywall.html
2-importer,Canada,CA,Royal Building Supplies,"North York, ON","Full-service drywall supplier to GTA contractors 48+ years; North York, ON",P1+P2,yes,4,confirmed,royalbuilding.ca,(416) 244-2644,,,"Verified live; drywall distributor stocking steel studs, finishing accessories and drywall fasteners/screws for the trade",https://www.royalbuilding.ca/drywall-supplies-in-toronto/
2-importer,Canada,CA,Quebec Bolts (Les Industries Quebec Bolts inc.),"Candiac, QC","Industrial-hardware distributor/wholesaler, 25,000+ products; branches in Candiac and Dolbeau-Mistassini, QC",P1+P2,yes,4,confirmed,quebecbolts.com,(450) 638-3607,,,Verified live; two-branch Quebec fastener distributor/wholesaler carrying anchors and full fastener range,http://www.quebecbolts.com/
2-importer,Canada,CA,L.L. Industries,"Terrebonne, QC","Quebec fastener distributor since 2001 supplying construction/forestry/manufacturing; Terrebonne, QC",P1+P2,yes,4,confirmed,llindustries.qc.ca,450-968-2228,,,Verified live; distributor positioning as a major Quebec fastening player with concrete-fastening systems for construction,https://www.llindustries.qc.ca/en/
2-importer,Canada,CA,Boulons ABC Inc.,Quebec,"Quebec distributor of industrial hardware (anchors, bolts, screws) serving construction, commercial and industrial clients province-wide",P1+P2,yes,3,confirmed,boulonsabc.com,via contact form,,,"Verified live; distributor (not manufacturer) explicitly supplying anchors, bolts and screws to the construction trade",https://boulonsabc.com/accueil
2-importer,Canada,CA,Interline Wholesale Hardware,Canada (ON),"Canadian wholesale hardware supplier (wholesale + retail) carrying fasteners, tools and building products",P1+P2,yes,3,confirmed,interlinehardware.ca,via site,,,Verified live; wholesale hardware distributor with full fastener/anchor range and bulk purchasing for trade,https://interlinehardware.ca/collections/fasteners
2-importer,Canada,CA,Canada Bolts,Quebec,"Online Canadian fastener supplier (Quebec) offering retail plus tiered bulk/wholesale pricing, ships from Canada",P1+P2,,3,confirmed,canadabolts.ca,(438) 871-2058,,,Verified live; on-target fastener supplier with explicit bulk/quantity discount pricing for business buyers (smaller/e-commerce scale),https://canadabolts.ca/
2-importer,Canada,CA,Taiga Building Products,"Burnaby, BC",Wholesale distributor (building materials),P1+P2,yes,4.6,confirmed,https://www.taigabuilding.com,604.438.1471 / 800.663.1470,,,"Largest independent Canadian wholesale building-materials distributor (since 1973), 15 Canadian DCs; strictly B2B — does not sell to homeowners/contractors direct.",https://www.taigabuilding.com/
2-importer,Canada,CA,K2 Fasteners,"Burnaby, BC",Fastener distributor,P1+P2,yes,4.5,confirmed,https://k2fasteners.ca,1-800-561-5338 / sales.bc@k2fasteners.ca,,,"Pure B2B fastener distributor with 5 national DCs (BC/AB/MB/ON/NS), kitting/bolt-packs, national accounts — exact fastener-import buyer profile.",https://k2fasteners.ca/
2-importer,Canada,CA,Canada Fastening Corporation (CFC),"Mississauga, ON",Importer / master distributor (fasteners),P1+P2,yes,4.4,confirmed,https://www.canadafastening.com,(905) 670-7783 / info@canadafastening.com,,,Direct-import + warehouse-distribution model selling fasteners/concrete accessories through the dealer network — high-volume import buyer.,https://www.canadafastening.com/en
2-importer,Canada,CA,Yvon Building Supply,"Burlington, ON",Gypsum specialty dealer / distributor,P1+P2,yes,4.3,confirmed,https://yvonbuildingsupply.ca,(905) 635-8700 / info@yvonbuildingsupply.ca,,,"30-yr gypsum-specialty distributor, 7 Ontario branches; explicitly stocks drywall accessories and fasteners for contractors.",https://yvonbuildingsupply.ca/
2-importer,Canada,CA,Boyd Distributors,"Langley, BC",Building-materials distributor (to lumberyards),P1+P2,yes,4.3,confirmed,https://boyddistributors.com,604-534-2060 / info@pacwestsystems.com,,,"Since 1961, B2B distributor to Western-Canada lumberyard/dealer market (4 DCs) — pure wholesale, on-target building products.",https://boyddistributors.com/
2-importer,Canada,CA,Absolute Stainless (Absofast),"Mississauga, ON",Fastener distributor,P1+P2,yes,4.3,confirmed,https://absofast.com,(905) 567-8182 / sales@absofast.com,,,"ISO 9001:2015 B2B stainless-fastener distributor serving manufacturers/distributors/industrial buyers, 30+ yrs — classic import-distribution buyer.",https://absofast.com/
2-importer,Canada,CA,Can-Cell Industries,"Edmonton, AB",Wholesale distributor (building products),P1+P2,yes,4.2,confirmed,https://can-cell.com,(780) 447-1255,,,B2B-only wholesale building-products distributor (account login/registration); product mix includes fasteners and building-envelope materials.,https://can-cell.com/
2-importer,Canada,CA,D.L. Building Materials,"Gatineau, QC / Kingston, ON",Drywall / building-materials distributor,P1+P2,yes,4.2,confirmed,https://dlbuildingmaterials.com,Contact via site (2 supply yards),,,"Since 1988, B2B distributor of drywall/steel-framing/insulation/fasteners to contractors across E. Ontario & W. Quebec.",https://dlbuildingmaterials.com/
2-importer,Canada,CA,Evolution Fasteners,"Joliette / Saint-Laurent, QC",Importer / wholesale stocking distributor (fasteners),P1+P2,yes,4.1,confirmed,https://www.efi.bz,(514) 335-4030 / sales@efi.bz,,,Montreal-area importer & wholesale stocking distributor of construction/drywall screws for building & construction trades.,https://www.efi.bz/
2-importer,Canada,CA,Allgrade,"Mississauga, ON",Fastener distributor / sourcing,P1+P2,yes,4.1,confirmed,https://allgrade.ca,(905) 564-6392 / sales@allgrade.ca,,,B2B distributor sourcing structural fasteners (ASTM F3125) with 2 Ontario warehouses and VMI — imports/distributes at volume.,https://allgrade.ca/
2-importer,Canada,CA,KM Fasteners,"Calgary, AB",Importer & supplier (industrial products),P1+P2,yes,4,confirmed,https://kmfltd.ca,403-629-6888 / naresh@kmfltd.ca,,,Importer/supplier shipping pallet-to-container-load fasteners across Canada with international (USA/India) network — direct-import buyer.,https://kmfltd.ca/
2-importer,Canada,CA,Canadian Stainless Fasteners,"Pitt Meadows, BC",Fastener distributor,P1+P2,,3.9,confirmed,https://canadianstainless.ca,604-525-4315 / 1-888-714-CSFI,,,20+ yr B2B distributor stocking structural/marine stainless fasteners for construction & industry.,https://canadianstainless.ca/
2-importer,Canada,CA,Canada Bolt Inc.,"Orangeville, ON",Industrial supply / fastener distributor,P1+P2,,3.8,confirmed,https://canadabolt.com,519-942-8850 / info@canadabolt.com,,,"B2B-only industrial distributor (quote-based, no retail checkout) with 20+ yrs and fasteners/anchors core catalogue.",https://canadabolt.com/
2-importer,Canada,CA,Bolts Plus Inc.,Canada (multi-location),Fastener / industrial-supply distributor,P1+P2,yes,3.7,confirmed,https://www.boltsplus.ca,Via site contact page,,,Canadian-owned B2B fastener distributor with bin/vending VMI stocking and 15k+ fastener SKUs.,https://www.boltsplus.ca/
2-importer,Canada,CA,General Building Material (GBM),"Greater Toronto Area, ON",Drywall / building-materials distributor,P1+P2,yes,3.7,plausible,https://generalbuildingmaterial.com,Bot-walled — contact via site,,,Named GTA drywall/steel-stud distributor with contractor pricing & boom-truck delivery; site returned 403 (bot-wall) so on-target profile is unverified but clearly real.,https://generalbuildingmaterial.com/
2-importer,Canada,CA,Stelfast Inc.,"Mississauga, ON",Master importer & stocking distributor of standard/specialty fasteners,P1+P2,yes,7,confirmed,stelfast.com,,,,Confirmed: master importer/stocking distributor sourcing from Asia/Europe/South America with regional DCs across North America incl. Mississauga ON. Primarily distribution (some specialty manufacture).,https://www.stelfast.com/about.html
2-importer,Canada,CA,Hold-Tite Fasteners Ltd.,"Concord, ON",Importer & distributor of fasteners and industrial supplies,P1+P2,yes,7,confirmed,hold-tite.com,905-660-4430 / 416-667-1111,,,"Confirmed real: Canadian-owned importer/distributor since 1966, Concord ON facility stocking 20,000+ items. Distributor, not manufacturer.",http://www.hold-tite.com/
2-importer,Canada,CA,Northern Hardware Ltd.,"Calgary & Edmonton, AB","Distributor of architectural / builder's hardware, doors & specialties",P1+P2,,6,confirmed,northernhardware.com,,,,"Confirmed real via listings: architectural-hardware supplier/specifier since 1903, DHI-accredited, Calgary + Edmonton branches. Builder's-hardware distributor (homepage was TLS/bot-walled).",http://www.northernhardware.com/
2-importer,Canada,CA,Wholesale Drywall,"Greater Toronto Area, ON","Wholesaler of drywall, accessories & fasteners",P1+P2,,6,confirmed,wholesaledrywall.ca,647 960 1615 / wholesaledrywall.ca@gmail.com,,,Confirmed via site: GTA wholesale drywall supplier serving contractors with volume/skid pricing; stocks accessories & fasteners. Small but genuine B2B wholesaler.,https://wholesaledrywall.ca/products/accessories/
2-importer,Canada,CA,Gregg Distributors LP,"Edmonton, AB (multi-branch W. Canada)",Industrial distributor incl. fasteners & anchors,P1+P2,,7,plausible,greggdistributors.ca,,,,Well-known western-Canadian industrial distributor with a dedicated fasteners/anchors catalog; product page returned HTTP 403 (bot-walled) so kept as plausible rather than confirmed.,https://greggdistributors.ca/Fasteners/Fastening-Anchors
2-importer,Canada,CA,Acadia Marjam,"Dieppe, NB",Maritimes building-supplies / drywall wholesaler-distributor (11 locations),P1+P2,yes,4.5,confirmed,https://acadiadrywall.com,,,,"One of the largest drywall distributors in Eastern Canada serving contractors and retailers with drywall, steel studs, ceilings and interior-finishing accessories.",https://acadiadrywall.com/index.html
2-importer,Canada,CA,MCR Building Supplies Ltd,"Moncton, NB",Gypsum specialty dealer / drywall & framing distributor (Atlantic Canada),P1+P2,yes,4.5,confirmed,https://mcrsupplies.com,headoffice@mcrsupplies.com,,,"Gypsum specialty distributor explicitly carrying drywall, steel framing, ceilings AND fasteners across 14 Atlantic branches, also servicing ON/QC; strong anchor/fixing fit.",https://mcrsupplies.com/
2-importer,Canada,CA,Crown Building Supplies,"Surrey, BC","Specialty drywall, ceilings, steel framing & taping-tools supplier (BC & AB)",P1+P2,yes,4,confirmed,https://www.crownbuildingsupplies.ca,,,,"Specialty building-materials supplier focused on ceilings, drywall, steel and taping tools with trade/bulk shipping across BC and Alberta; direct drywall-accessory fit.",https://www.crownbuildingsupplies.ca/
2-importer,Canada,CA,KC Industriel,"Saint-Laurent, QC","Distributor of specialty fasteners (Montreal, Canada-wide)",P1+P2,yes,3.5,confirmed,https://www.kcindustriel.ca,jkelso@kcindustriel.ca,,,Certified specialty-fastener distributor sourcing from Infasco/Brighton-Best/Heico and serving construction among other sectors Canada-wide.,https://www.kcindustriel.ca/
2-importer,Canada,CA,Prime Fasteners,"Dartmouth, NS",Atlantic-Canada fastening-equipment & fastener distributor,P1+P2,yes,4,plausible,https://www.prime-fasteners.com,,,,"Described as the largest distributor/wholesaler of pneumatic fastening equipment, power tools and fasteners in Atlantic Canada; real named distributor, site bot-walled (403).",https://www.prime-fasteners.com/about-us/
2-importer,Canada,CA,Star Building Materials,"Winnipeg, MB","Winnipeg building-materials dealer (fasteners, drywall & concrete anchors)",P1+P2,yes,3.5,plausible,https://www.starbuildingwinnipeg.ca,,,,"Building-materials supplier carrying drywall screws, framing screws, expanding drywall anchors and concrete fasteners for the Winnipeg trade; site bot-walled (403).",https://www.starbuildingwinnipeg.ca/shop/hardware/fasteners/
2-importer,Canada,CA,Canada Fastener & Supply,"Edmonton, AB",Western-Canada fastener & fittings distributor,P1+P2,yes,3,plausible,https://canadafastener.ca,info@canadafastener.ca,,,"Alberta/Edmonton fastener distributor (nuts, bolts, fittings, abrasives) serving Western Canada; real named distributor but storefront partly under construction, so plausible.",https://canadafastener.ca/
2-importer,Canada,CA,Fastening House Atlantic,"Dartmouth, NS",Locally owned construction & industrial fastener supplier (Maritimes),P1+P2,yes,3,plausible,https://fasteninghouseatlantic.com,,,,"Locally owned construction/industrial fastener supplier with branches in Dartmouth and Hebbville NS; real named distributor, main site currently a coming-soon placeholder, so plausible.",https://fasteninghouseatlantic.com/
2-importer,Canada,CA,Brite-Con Sales Inc.,"Concord, ON","Industrial supplies distributor (cutting tools, abrasives, fasteners, safety, hand/power tools, lubricants, pneumatics) serving machining, construction and manufacturing across Ontario/GTA with VMI and vending; est. 1992.",P1+P2,yes,68,confirmed,https://www.britecon.com,,,,Regional industrial distributor that carries fasteners as a category - a secondary wholesale buyer.,https://www.britecon.com/
2-importer,Canada,CA,Gould Fasteners,"Mississauga, ON",Full-service fastener distributor since 1979 with JIT/Kanban/VMI inventory-management programs,P1+P2,yes,4,confirmed,https://www.gouldfast.ca,email@gouldfast.ca,,,Distributor with vendor-managed inventory for OEM/construction fasteners & anchors,https://www.gouldfast.ca/
2-importer,Canada,CA,FastenerForce (One Resources),"Victoria, BC","Full-line stocking fastener distributor — bolts, nuts, washers, threaded rod, screws; Simpson Strong-Tie anchor distributor for construction & industry",P1+P2,yes,3.5,plausible,https://www.fastenerforce.ca,,,,Stocking distributor of construction fasteners & anchors on Vancouver Island,https://www.fastenerforce.ca/
2-importer,Canada,CA,VR Fasteners,"Calgary, AB","Calgary wholesale supplier of industrial fasteners plus pneumatic fittings, cutting tools and safety supplies for contractors",P1+P2,yes,3.5,confirmed,https://vrfasteners.ca,info@vrfasteners.ca,,,Wholesale fastener distributor serving Alberta construction trade,https://vrfasteners.ca/
2-importer,Canada,CA,Mid-Canada Fasteners & Tools,"Winnipeg, MB","Distribution source for industrial/construction/MRO — fasteners (screws, anchors, nuts, washers), tools, abrasives; Winnipeg & Brandon",P1+P2,yes,3.5,confirmed,http://www.midcanadafasteners.com,,,,Regional construction-fastener distributor covering Manitoba,http://www.midcanadafasteners.com/
2-importer,Canada,CA,New Concept Walls & Ceilings Supply,"Surrey, BC","Western-Canada distributor of drywall, insulation, steel stud and acoustical ceiling systems; branches in Surrey & Prince George BC and Edmonton AB",P1+P2,yes,4,confirmed,https://www.ncwcs.com,sales@ncwcs.com,,,Interior-finishing / drywall-systems distributor — strong drywall-anchor fit,https://www.ncwcs.com/
2-importer,Poland,PL,Marcopol Sp. z o.o.,Gdansk,"National producer & distributor of fasteners (screws, nuts, anchors, rivets), HQ Gdansk; 80% of orders shipped within 24h",P1+P2,yes,9,confirmed,https://marcopol.pl,,,,"Catalog explicitly carries GK drywall plugs, Molly-type toggle bolts and DRIVA self-drilling cavity anchors — exact product match; a distributor, not manufacturer-only",https://marcopol.pl/katalog/kategorie/zamocowania-laczniki-budowlane/zamocowanie-do-plyt-gipsowych.html
2-importer,Poland,PL,Wurth Polska Sp. z o.o.,,Major national distributor of assembly & fastening materials to trades and construction; large B2B e-shop,P1+P2,yes,8,plausible,https://www.wurth.pl,,,,One of Poland's largest fastening-materials distributors; site is bot-walled (403) but company is unambiguously real and on-target,https://eshop.wurth.pl/pl/PL/PLN/
2-importer,Poland,PL,Grupa PSB Handel S.A. (Mrowka / Profi),Busko-Zdroj (HQ),Largest Polish building-materials merchant group; nationwide PSB Mrowka DIY + PSB Profi/Sklady trade-supply store network,P1+P2,yes,8,confirmed,https://grupapsb.com.pl,,,,National builder's-hardware retail/distribution chain carrying metal articles and building connectors/fixings across hundreds of stores — strong bulk/private-label channel,https://grupapsb.com.pl
2-importer,Poland,PL,RECA Polska Sp. z o.o.,Wegrzce (Krakow area),"C-parts / fastening-technology distributor, part of 27-company RECA Group across 19 countries; 120,000+ SKUs, RECA eSHOP",P1+P2,yes,7.5,confirmed,https://www.reca.pl,,,,Established fastening-technology distributor (not manufacturer) with a dedicated fastening category and large-account C-parts supply model,https://www.reca.pl
2-importer,Poland,PL,Bossard Poland Sp. z o.o.,,"Fastening-technology distributor, 200,000+ standard & branded articles plus engineering/VMI services",P1+P2,yes,7.5,confirmed,https://www.bossard.pl,,,,Distributor with an explicit anchoring-systems category and inventory-management services — fits bulk anchor sourcing; primarily distributor not manufacturer,https://www.bossard.com/pl-pl/
2-importer,Poland,PL,Berner Polska Sp. z o.o.,,Distributor of tools and fastening/fixing consumables to the construction and trade sectors,P1+P2,yes,7,plausible,https://www.berner.pl,,,,Well-known multi-branch construction-consumables distributor carrying fixings; storefront is bot-walled (403) but company is real and on-target,https://shop.berner.eu/pl-pl/
2-importer,Poland,PL,Zamocowania.pl (PW SMS System - Sebastian Senator),Warszawa,Multi-branch fixings distributor / e-commerce; authorized dealer for FISCHER fasteners and STANLEY tools,P1+P2,,7.5,confirmed,https://zamocowania.pl,info@zamocowania.pl,,,Explicit 'Kolki do plyt G/K' drywall-anchor category and full expansion/chemical anchor range; genuine fixings distributor and fischer dealer,https://zamocowania.pl
2-importer,Poland,PL,OLAF (Hurtownia srub OLAF),Poznan,"B2B fastener wholesaler/importer ('Importujemy jakosc'), Poznan area",P1+P2,,7,confirmed,https://www.olaf.pl,biuro@olaf.pl / +48 618 107 945,,,Importing fastener wholesaler with dedicated mountings/anchors range including drywall fixings and steel anchors,https://www.olaf.pl
2-importer,Poland,PL,ALAMET,Sosnowiec,"Wholesale distributor of bolts, screws, nuts, rivets and fixings; retail + mail order, Silesia",P1+P2,,6.5,confirmed,https://www.alamet-zamocowania.pl,sprzedaz@alamet-zamocowania.pl / 516 713 600,,,"Regional fastener wholesaler (distributor, not manufacturer) carrying dedicated anchor and wall-plug categories",https://www.alamet-zamocowania.pl
2-importer,Poland,PL,TE-CH (hurtownia techniczna),,Technical wholesaler of fixings and fastening/joining products,P1+P2,,6,plausible,https://te-ch.pl,,,,Dedicated 'kolki-kotwy' fixings category confirms on-target range; site bot-walled (403) but the company/category are real,https://te-ch.pl/kolki-kotwy
2-importer,Poland,PL,Eurobolt (P.H.U. Eurobolt),,"B2B fastener wholesaler/distributor (est. 2001) — screws, nuts, washers, bolts, rivets and mechanical & chemical anchors; supplies manufacturing, construction and steel contractors",P2,yes,4.4,confirmed,https://eurobolt.com.pl,eurobolt@eurobolt.com.pl,,,Opened live: a large Polish fastener wholesaler explicitly listing mechanical and chemical anchors and serving trade/industry (e-KANBAN supply). Natural importer/reseller of commodity wall-fixing lines. Sales email visible on-site.,https://eurobolt.com.pl/en/
2-importer,Poland,PL,Argip Sp. z o.o.,Poznań,"B2B fastener wholesaler/distributor (hurtownia elementów złącznych, est. 1992); modern warehouse with 31,000 pallet positions",P2,yes,4.3,confirmed,https://www.argip.com.pl,,,,"Opened live: explicitly a fastener wholesaler with a dedicated 'Technika kotwienia' (anchoring) product line and large warehouse — a regional distributor that imports and resells wall-fixing ranges. Contact form only, no email shown.",https://www.argip.com.pl/
2-importer,Poland,PL,Inoxa Sp. z o.o.,Jaworzno,"B2B wholesaler of stainless / acid-resistant fasteners (40,000+ products); account-registration purchasing for the B2B sector",P2,yes,3.5,confirmed,https://inoxa.pl,poczta@inoxa.pl,,,"Opened live: Poland's largest stainless-fastener wholesaler, B2B-only (login required), with a fastening-technology/anchor range. Genuine fastener distributor but skewed to the stainless niche, so a moderate specialist fit for commodity drywall anchors rather than a top target. Email visible on-site.",https://inoxa.pl/
2-importer,Poland,PL,Sukces Zamocowania,Jaworzno,"Building-fasteners wholesaler/distributor (hurt + detal) in Jaworzno; distributes Fischer/TOX/Etanco/Spit plus own metal production; 5,000+ SKUs",P1+P2,yes,4.5,confirmed,sukces-zamocowania.pl,sklep@sukces-zamocowania.pl,,,Site explicitly lists 'Kołki do płyt gipsowo kartonowych' (drywall plugs/anchors) and a full fastening-systems range; sources value lines alongside premium brands. Direct P1 overlap. Site opened live; email visible on-site.,https://www.sukces-zamocowania.pl/
2-importer,Poland,PL,Hurtownia Majster,Kotórz Mały,"B2B/B2C building-materials and fasteners wholesaler in Kotórz Mały (Opolskie); online + physical, large-pack (konfekcja duża) supply",P1+P2,yes,4,confirmed,hurtownia-majster.pl,+48 696 692 737,,,Catalogue explicitly carries the 'Kołki i kotwy do płyt kartonowo-gipsowych' (drywall plugs/anchors) category; resells to trade and DIY. Direct fit. Site opened live; phone visible on-site.,https://hurtownia-majster.pl/
2-importer,Poland,PL,XL-Tools Sp. z o.o.,,"Self-declared importer and producer of hand tools, abrasives and building hardware/fasteners; B2B/wholesale",P1+P2,yes,4,plausible,xltools.pl,,,,"Explicitly an importer with a live drywall-anchor category that includes MOLLY metal cavity anchors (confirmed via its own product pages in search) — direct P1 overlap, can add P2 toggles. Site returned HTTP 500 to automated fetch this pass; kept plausible per real-named-distributor rule.",https://www.xltools.pl/275-333-kolki-do-plyt-gips-karton
2-importer,Poland,PL,NYCZ Intertrade Sp. z o.o.,Kraków,"B2B wholesaler/distributor of fasteners and tools (since 1990) — screws, nuts, washers, bolts, rivets, threaded rods plus hand tools; wholesale + retail, online store and 4 physical outlets. Distributor, not manufacturer.",P1+P2,yes,76,confirmed,https://www.nycz.pl,biuro@nycz.pl; +48 12 290 03 30,,,Long-established fastener/tool wholesaler serving trade customers nationwide; on-target fixings distributor. Verified live.,https://www.nycz.pl
2-importer,Poland,PL,Armet (Hurtownia złączy ciesielskich),Poznań,"B2B wholesaler/retailer of carpentry connectors and builder's hardware — beam hangers, angle brackets, flat connectors, post bases, wood/sheet-metal screws, concrete anchors and installation hardware.",P1+P2,yes,72,confirmed,https://e-armet.pl,Contact page at e-armet.pl (not on homepage),,,On-target builder's-hardware/fixings wholesaler carrying anchors and fasteners; plausible bulk fixings buyer. Verified live.,https://e-armet.pl
2-importer,Poland,PL,STALMUT,Bielsko-Biała,"B2B wholesale distributor of fastening elements — screws, nuts, washers, bolts, threaded rods, rivets, anchors, chains plus hand tools and technical chemistry; nationwide mail-order distribution. Carbon/A2/A4/brass.",P1+P2,yes,74,confirmed,https://stalmut.pl,stalmut@stalmut.pl; +48 33 82 111 90,,,Self-described wholesale distributor of fastening elements including anchors; on-target and stockholding. Verified live.,https://stalmut.pl
2-importer,Poland,PL,Śrubres (FPH Śrubres),Rzeszów,"B2B wholesale + retail distributor of fasteners — screws, nuts, washers, wood screws, self-tapping screws, set screws, threaded rods and pins; plus cardboard packaging.",P1+P2,yes,70,confirmed,https://srubres.pl,srubres@srubres.pl; +48 17 853 70 80,,,Regional fastener wholesaler with broad screw/anchor range serving trade customers; on-target fixings distributor. Verified live.,https://srubres.pl
2-importer,Poland,PL,Rex-Stal (Rex Emil Wiliński),Łódź,"Fastener wholesaler/distributor (hurtownia) serving construction, industrial and assembly firms — threaded rods, nuts, washers, construction nails, screws and bolts across DIN standards.",P1+P2,yes,66,confirmed,https://rex-stal.pl,rexemiwil@o2.pl; +48 604 763 702,,,Legitimate fastener distributor supplying trade/assembly customers; on-target though smaller-scale. Verified live.,https://rex-stal.pl
2-importer,Poland,PL,AB Bechcicki Sp. z o.o.,Wrocław,"Large multi-branch B2B wholesale distributor of building materials — dry construction/drywall systems (boards, profiles, hangers, fasteners), building chemicals, insulation, roofing, tools; 100,000+ products, branches across Poland, 24h delivery.",P1+P2,yes,85,confirmed,https://www.bechcicki.pl,kontakt@bechcicki.pl; +48 71 735 05 55,,,Major national B2B builders' merchant with a full drywall/dry-construction range including fasteners; strong bulk buyer for drywall accessories. Verified live.,https://www.bechcicki.pl/sucha-zabudowa
2-importer,Poland,PL,DTM Hurtownia Materiałów Budowlanych,Bronisze (Warsaw area),"B2B/B2C wholesaler/distributor of building materials — drywall/gypsum board and dry-construction products, insulation, building chemicals, tools; online + nationwide pallet shipping.",P1+P2,yes,71,confirmed,https://dtmhurtownia.pl,hurtownia@dtmhurt.pl; +48 660 619 161,,,On-target building-materials wholesaler stocking drywall and accessories; plausible buyer for drywall fixings. Verified live.,https://dtmhurtownia.pl
2-importer,Poland,PL,extraDACH,Multiple (20 branches nationwide),"Building-materials wholesale chain (20 years, ~20 branches) — roofing systems (tiles, metal roofing, membranes), roof windows, gutters and building accessories; nationwide transport.",P1+P2,yes,68,confirmed,https://www.extradach.pl,+48 726 727 785 (central); regional branch numbers listed,,,Large multi-branch building-materials merchant chain; on-target for building materials/fixings though roofing-weighted. Verified live.,https://www.extradach.pl
2-importer,Poland,PL,HDMB Maszewski,Poznań,"Wholesale distributor of building materials including dry-construction/drywall systems (gkb boards, profiles); Poznań-based builders' merchant.",P1+P2,yes,58,plausible,https://hdmb.com.pl,Not confirmed (site bot-walled),,,"Clearly-real named building-materials wholesaler with a drywall systems range, but site returned HTTP 403 (bot-walled) so kept as plausible per verifier rule.",https://hdmb.com.pl
2-importer,Poland,PL,LOGIS Sp. z o.o.,Kielce,"B2B distributor/wholesaler of fastening elements — bolts, nuts, washers M4–M52 to PN/DIN/ISO/EN standards; ~25,000 stocked articles, own B2B ordering platform. Distributes third-party manufacturers (e.g. Śrubena Unia). Distributor with some finishing services.",P1+P2,yes,4,confirmed,https://logisspzoo.pl,sekretariat@logisspzoo.pl / 607 127 065,,,Established fastener wholesaler with large stock and B2B platform — fits importing a new fixings line.,https://logisspzoo.pl
2-importer,Poland,PL,Hurtownia Bednarek,Będzin,"B2B building-materials wholesaler (trading since 1919) in drywall / dry-construction (gypsum boards, metal profiles, accessories), insulation, roofing and plasters; wholesale plus retail. Distributor, not manufacturer.",P1+P2,yes,4,confirmed,https://bednarek.sklep.pl,biuro@bednarek.sklep.pl / (32) 363 46 05,,,Stocks drywall systems and profiles — a direct channel for drywall anchors and dry-construction fixings.,https://bednarek.sklep.pl
2-importer,Poland,PL,SIG Polska Sp. z o.o.,,"Polish arm of SIG plc, a major B2B specialist distributor of drywall / dry-construction (sucha zabudowa) systems, insulation and interior finishing products and accessories. Distributor, not manufacturer.",P1+P2,yes,4,plausible,https://www.sig.pl,,,,Clearly-real named drywall/insulation specialist distributor (site bot-walled 403) — core channel for drywall anchors/fixings if reachable.,https://www.sig.pl
2-importer,Poland,PL,Metalzbyt (Olsztyn),Olsztyn,"B2B/retail distributor of builder's hardware, fasteners, metal goods, steel, power tools, welding and construction materials; dedicated B2B panel (b2b.metalzbyt.com.pl). Distributor, not manufacturer.",P1+P2,,3,confirmed,https://metalzbyt.com.pl,+48 89 532 95 95,,,"Regional hardware/fastener wholesaler with a working B2B channel — fits fixings resale, moderate scale.",https://metalzbyt.com.pl
2-importer,Poland,PL,Normazet Sp. z o.o. Sp. k.,Wrocław,"B2B distributor/wholesaler of fasteners (bolts, nuts, washers, screws, threaded rods, anchors, rivets); authorized Fischer distributor; 15,000+ SKUs; branches in Opole, Kalisz, Zielona Góra, Legnica, Wieluń",P1+P2,yes,5,confirmed,https://normazet.com.pl,,,,Full-range fixings/anchor distributor stocking wall anchors and Fischer fixings — direct channel for drywall/cavity anchors,https://normazet.com.pl/
2-importer,Poland,PL,Kristal,Sompolno,"Fastener wholesaler/distributor (also produces stainless screws): screws, nuts, washers, threaded rods, anchors, rivets",P1+P2,yes,4,confirmed,https://kristal.net.pl,biuro@kristal.net.pl,,,Fastener wholesale distributor stocking anchors/rivets — on-target fixings buyer,https://www.kristal.net.pl/
2-importer,Poland,PL,Goldtrade (Gold-Trade),Kutno,"Multi-branch building-materials wholesale network (Kutno HQ + Brwinów, Częstochowa, Konstantynów Łódzki, Skawina, Wiązowna); drywall/dry-construction systems (sucha zabudowa), insulation, roofing, chemicals",P1+P2,yes,4,confirmed,https://gold-trade.pl,,,,Regional drywall/building-materials distributor — stocks plasterboard systems that use cavity anchors,https://gold-trade.pl/
2-importer,Poland,PL,BH Janecki,Ząbki,"Wholesaler/distributor of fastening elements for electrical installations: nylon anchors, plastic rivets, cable glands, mounting accessories; 30-year HEYMAN distributor",P1+P2,yes,3,confirmed,https://bhjanecki.pl,k.janecka@bhjanecki.pl,,,Electrical-fixings wholesaler stocking nylon wall anchors and mounting fixings — adjacent on-target channel,https://www.bhjanecki.pl/
2-importer,Poland,PL,Torus,Mikołów,"Fastener distributor/wholesaler (~15,000 SKUs) in Silesia: screws, nuts, washers, rivets, nails, anchors, chemical anchors, fastening technology",P1+P2,yes,4,confirmed,https://torus-sruby.com,info@torus-sruby.com,,,Regional Silesia fastener/anchor distributor stocking chemical anchors — on-target fixings channel,https://torus-sruby.com/
2-importer,Poland,PL,GS Hurtownia Materiałów Budowlanych,Konin,"B2B building-materials wholesaler: drywall/plasterboard (sucha zabudowa), fastening accessories, roofing, insulation, cement, chemicals",P1+P2,yes,4,confirmed,https://gs.net.pl,g.nawrot@gs.net.pl,,,Regional drywall + accessories wholesaler — stocks plasterboard fixings channel,https://sklep.gs.net.pl/
2-importer,Poland,PL,Wiking,Kraków,"Fastener distributor/wholesaler (80,000-line catalog, ~20,000 in stock): screws, nuts, washers, rivets, dowels, anchoring technology, threaded inserts, springs, nails, hardware",P1+P2,yes,5,confirmed,https://wiking.krakow.pl,wiking@wiking.krakow.pl,,,Broad fastener/anchor distributor stocking dowels and anchoring technology — on-target fixings buyer,https://www.wiking.krakow.pl/
2-importer,Poland,PL,WIZBAR,Warszawa / Raszyn,"Building-materials wholesaler (hurtownia budowlana) distributing fastening techniques, anchors (SPLIT brand), tools and building chemistry to hardware shops, builders' merchants and contractors across several regions; 25+ years.",P1+P2,yes,5,confirmed,wizbar.com.pl,,,,Distributor of fixings/anchors and builder's hardware to the trade channel that stocks wall plugs and cavity anchors.,https://www.wizbar.com.pl/
2-importer,Poland,PL,NIROSTAL Sp. z o.o.,Chwaszczyno (Gdansk),"Distributor of fastening elements, rivets, rivnuts and stainless screws; exclusive PL representative for HONSEL and authorized distributor for P-Industry.",P1+P2,yes,4,confirmed,nirostal.pl,info@nirostal.pl,,,On-target fixings/fastener distributor in the Tricity region.,https://nirostal.pl/
2-importer,Poland,PL,Wojtech s.c.,Konstantynow Lodzki,"Distributor of fastening elements: rivets, rivnuts, stainless screws, cage nuts, welding studs; supplies manufacturing and construction firms.",P1+P2,yes,4,confirmed,wojtech.com.pl,,,,Specialist fastener/fixings distributor.,https://www.wojtech.com.pl/
2-importer,Poland,PL,Milano,Kartuzy,"Online fastener wholesaler/importer (hurtownia internetowa elementow zlacznych) sourcing screws, bolts, nuts and anchors from EU manufacturers; bulk B2B.",P1+P2,yes,4,confirmed,milano.com.pl,sklep@milano.com.pl,,,Importer/wholesaler of fasteners and anchors - direct fit as a re-selling buyer.,https://milano.com.pl/
2-importer,Poland,PL,LUBAR,Rybnik,"One of the largest building-materials wholesalers in Silesia with multiple branches; stocks drywall (sucha zabudowa), gk boards, profiles and associated fastening systems.",P1+P2,yes,5,confirmed,sklep-lubar.pl,,,,Multi-branch merchant carrying drywall systems and their fixings/accessories.,https://sklep-lubar.pl/sucha-zabudowa
2-importer,Poland,PL,VOLTA Hurtownia Elektrotechniczna,Gostyn,"Electrotechnical wholesaler with a fastening-elements range (elementy mocujace: kolki, wkrety); central warehouse + branches; B2B platform.",P1+P2,yes,3,confirmed,voltahurt.pl,b2b@voltahurt.pl,,,Electrical wholesaler that stocks wall plugs/anchors as part of its mocowania range.,https://voltahurt.pl/
2-importer,Poland,PL,Mora,Jaktorow (Mazovia),"B2B building-materials merchant: fasteners and anchors (kolki, kotwy), plasterboard, insulation, adhesives; own HDS transport to sites.",P1+P2,yes,4,confirmed,moradocieplenia.pl,oferta@moradocieplenia.pl,,,Regional builders' merchant already carrying fixings/anchors and plasterboard.,https://moradocieplenia.pl/kategoria/narzedzia-budowlane/mocowania-i-laczenia/kolki-i-kotwy/
2-importer,Poland,PL,Srubonit,Poland,"Fastener wholesaler/producer (35+ years): threaded rod, nuts, stainless/galvanized screws, nails, wall plugs, anchors; wholesale channel. Domain resolves; fetch blocked by SSL cert error.",P1+P2,yes,4,plausible,srubonit.pl,,,,Fastener/fixings wholesaler stocking wall plugs and steel anchors.,https://srubonit.pl/produkty/kotwy-stalowe/
2-importer,Poland,PL,LOGIS,Kielce,Fastener manufacturer & wholesaler,P1+P2,yes,8.3,confirmed,https://logis-b2b.pl,,,,"Producer+online fastener wholesaler serving automotive, construction and heavy industry with bulk pricing and a B2B platform.",https://logis-b2b.pl/en
2-importer,Poland,PL,Wagner Trade,Piaseczno,Metalware/fastener wholesaler,P1+P2,yes,7.8,confirmed,https://wagnertrade.pl,sklep@wagnertrade.pl,,,Hurtownia artykułów metalowych with tiered B2B discounts (to 13%) and NIP-gated trade accounts across DIN/ISO/EN/ASME standards.,https://wagnertrade.pl/
2-importer,Poland,PL,Elmas,Warszawa,Building-materials wholesaler / fastening merchant,P1+P2,yes,7.7,confirmed,https://elmas.com.pl,elmas@elmas.com.pl,,,Warsaw hurtownia materiałów budowlanych with a strong fastening-technology line serving renovation/construction professionals.,https://elmas.com.pl/oferta/technika-zamocowan/
2-importer,Poland,PL,EWIP Centrum Zamocowań,Kielce,Fastening-technology distributor,P1+P2,yes,8,confirmed,https://ewip.eu,ewip@poczta.fm,,,"Distributor (since 1993) of fastening systems to construction, woodworking, automotive and masonry trades nationwide.",https://ewip.eu/
2-importer,Poland,PL,Mocowania TOX (Rakstal II),Kłaj,Fastening-systems distributor,P1+P2,yes,7.5,confirmed,https://mocowania-tox.pl,tox@rakstal.pl,,,"Official Polish distributor of TOX fastening systems marketing explicitly to wholesalers, building-supply shops and contractors with trade discounts.",https://mocowania-tox.pl/
2-importer,Poland,PL,Attic Sp. z o.o.,Kraków,Dry-construction / building-materials distributor,P1+P2,yes,8.2,confirmed,https://www.attic.pl,doradcy@attic.pl,,,Kraków distributor specializing in sucha zabudowa (Rigips/Fermacell) supplying contractors and developers wholesale.,https://www.attic.pl/
2-importer,Poland,PL,Elgo,,Fastener manufacturer & distributor,P1+P2,yes,8,confirmed,https://elgo.pl,,,,"50+ year producer and distributor of fasteners, 15,000 SKUs in stock incl. PED pressure-equipment fixings; operates as hurtownia śrub.",https://elgo.pl/sklep/
2-importer,Poland,PL,Budinpol,Wrocław,Builder's merchant / building-materials wholesaler,P1+P2,yes,7.7,confirmed,https://budinpol.com.pl,biuro@budinpol.com.pl,,,"Largest builder's merchant in Wrocław (since ~1996), multi-branch hurtownia budowlana carrying dry-construction and fixings for the trade.",https://budinpol.com.pl/
2-importer,Poland,PL,Ramex,Nowy Sącz,Building-materials wholesaler/distributor,P1+P2,yes,7.8,confirmed,https://ramex.pl,hurt@ramex.pl,,,Pure B2B wholesaler supplying building warehouses and trading companies with trade credit and multi-branch distribution in PL and Slovakia.,https://ramex.pl/en/offer/wholesale/
2-importer,Poland,PL,KIM24 (Kim Sp. z o.o.),Warszawa,Builder's merchant / wholesaler,P1+P2,yes,7.5,confirmed,https://kim24.pl,,,,Warsaw builder's merchant with dedicated Platforma B2B (b2b.kim24.pl) and a fixings/dry-construction trade range.,https://kim24.pl/
2-importer,Poland,PL,BMB Technologie,Warszawa,Dry-construction accessories distributor,P1+P2,yes,7.6,confirmed,https://bmbtechnologie.pl,sklep@bmbtechnologie.pl,,,Warsaw trade distributor of sucha zabudowa accessories with registered wholesale pricing (up to 20% off) for business accounts.,https://bmbtechnologie.pl/akcesoria-do-suchej-zabudowy/
2-importer,Poland,PL,Baustoff+Metall Polska,,Dry-construction building-materials distributor,P1+P2,yes,8,plausible,https://baustoff-metall.com.pl,,,,"Polish arm of the Baustoff+Metall group, a major dry-construction/drywall distributor to the trade; site bot-walled (HTTP 403), not verifiable inline.",https://baustoff-metall.com.pl/
2-importer,Italy,IT,VIPA S.p.A.,Rolo (RE),"Major fasteners & industrial hardware wholesaler (est. 1970; ~70,000 SKUs, 15,000 customers, automated warehouse, international branches). Stocks screws/nuts/bolts + fixing solutions incl. wood/sheet-metal fasteners and clamping/fixing systems; a natural stockholder/importer for a P1/P2 cavity-anchor range. Product fit not individually confirmed on-site.",P1+P2,yes,4,plausible,vipaspa.it,info@vipaspa.it,,,Large national fastener wholesaler with an existing fixings catalog and B2B online shop — infrastructure and demand to source and resell imported cavity anchors.,https://www.vipaspa.it/en/
2-importer,Italy,IT,Cartongesso.pro,Ceccano (FR),"Specialist drywall (cartongesso) fixings distributor to professionals; core catalog IS cavity anchors + toggles (nylon toggle, steel Molly cage, butterfly, self-drill). Trade-focused 'professional distributor' with same-day shipping, though it also accepts online orders.",P1+P2,yes,4,confirmed,cartongesso.pro,support@cartongesso.pro,,,Core catalog is a direct match for P1 self-drill winged + P2 spring toggle anchors; buys for resale to drywall pros.,https://www.cartongesso.pro/categoria/fissaggio-tasselli-per-cartongesso
2-importer,Italy,IT,ABC Sistem SRL,Bernareggio (MB),"Producer + distributor of drywall fastening systems and accessories (viti, tasselli e ancorine per cartongesso, inspection hatches, profiles). Already the exclusive Italian importer/distributor of a foreign brand (KEYANG), so has an import/resale channel beyond its own Made-in-Italy line.",P1+P2,yes,4,confirmed,abcsistem.it,info@abcsistem.it,,,"Distributes tasselli/ancorine per cartongesso and already imports a foreign line — open to sourcing imported cavity anchors for resale, not manufacturer-only.",https://abcsistem.it/
2-importer,Italy,IT,Dexis Italia (CCRE SpA),Reggio Emilia (RE),"National industrial fasteners, bolts and fixings distributor (Dexis network): viteria, bulloneria, fissaggi incl. anchors/ancoranti, threaded bars, rivets, plus Kanban inventory management and B2B/online store. National coverage across Italian provinces, industrial-leaning.",P1,yes,3,confirmed,dexis.it,,,,"Stocks tasselli + ancoranti across a national industrial distribution network — a volume fixings buyer, though industrial-leaning toward P1.",https://dexis.it/viteria-bulloneria-fissaggi/
2-importer,Italy,IT,Sa.Me. Ferramenta,Catania,"Regional wholesale hardware/fixings house (ferramenta ingrosso) selling tasselli, viteria and fastening elements all'ingrosso to the trade in Catania — anchors, screws, bolts, nuts, and wall anchors for masonry applications.",P1,yes,3,confirmed,sameferramenta.com,samerfer@tiscali.it,,,Wholesales tasselli/viteria to the trade and already resells wall anchors — could add imported cavity-anchor lines.,https://www.sameferramenta.com/services/tasselli-e-viteria-ingrosso-catania/
2-importer,Italy,IT,Fervit S.r.l.,Modena (Emilia-Romagna),Fastener & metal-hardware wholesaler/distributor,P1+P2,yes,4.7,confirmed,https://www.fervit.it,+39 059 376911 / info@fervit.it,,,"Established 50-year pure B2B wholesaler of fasteners with very deep stock, ISO 9001, 3 sites; core on-target buyer",https://www.fervit.it/
2-importer,Italy,IT,DFL - Distribuzione Ferramenta Lamura (Gruppo Lamura),"Sala Consilina, Salerno (Campania)",Hardware & building-materials wholesaler (grossista),P1+P2,yes,4.7,confirmed,https://www.dfl.it,+39 0975 45524 / info@dfl.it,,,Major Central-South Italy hardware wholesaler with B2B reseller portal (b2b.dfl.it); ideal bulk buyer,https://www.dfl.it/azienda/
2-importer,Italy,IT,Pegaso Distribuzione (Pegaso Viterie),"Anagni, Frosinone (Lazio)",Fasteners & hardware wholesale distributor,P1+P2,yes,4.6,confirmed,https://www.pegasoviterie.it,+39 0775 769347 / commerciale@pegasoviterie.it,,,"B2B distributor (founded 1992) serving locksmiths, carpenters, construction and mechanical firms",https://www.pegasoviterie.it/
2-importer,Italy,IT,Bulldado S.r.l.,"Osio Sopra, Bergamo (Lombardy)",Fastener wholesaler/distributor,P1+P2,yes,4.5,confirmed,https://www.bulldado.it,+39 035 505245 / info@bulldado.it,,,"2nd-generation B2B fastener distributor (founded 1979), ISO 9001, daily regional + national delivery",https://www.bulldado.it/
2-importer,Italy,IT,BigMat Italia,"Cassina de' Pecchi, Milano (HQ)",Building-materials merchant network / buying group (chain),P1+P2,yes,4.5,confirmed,https://www.bigmat.it,Store-locator / membership via bigmat.it,,,Cooperative network of 250+ Italian building-materials dealers; large aggregated bulk demand,https://www.bigmat.it/
2-importer,Italy,IT,Viterie S.r.l.,"San Vito al Tagliamento, Pordenone (Friuli-Venezia Giulia)",Screws/fixings & hardware wholesaler/distributor,P1+P2,yes,4.4,confirmed,https://www.viteriesrl.it,+39 0434 85109 / info@viteriesrl.it,,,"3,000 m2 stocking wholesaler of screws/fixings; positions as supply-chain partner (not a maker)",https://www.viteriesrl.it/
2-importer,Italy,IT,Puntoviti S.r.l.,Roma (Lazio),Fastening-systems wholesaler/distributor,P1+P2,yes,4.4,confirmed,https://www.puntoviti.it,+39 06 5074320 / info@puntoviti.it,,,20-yr wholesale trader of fixings for industry/construction; 24-48h delivery Italy+Europe,https://www.puntoviti.it/index.php?route=information/information&information_id=7
2-importer,Italy,IT,D'Ambrosio Edilizia (BigMat),"Bitonto, Bari (Puglia)",Building-materials wholesaler/merchant (BigMat member),P1+P2,yes,4.3,confirmed,https://www.dambrosioedilizia.it,+39 080 3740529 / info@dambrosioedilizia.it,,,B2B building-materials distributor within BigMat network; buys hardware/fixings/drywall lines,https://www.dambrosioedilizia.it/
2-importer,Italy,IT,Datek S.r.l.,Ragusa (Sicily),Distributor of builder's hardware & fittings for windows/doors,P1+P2,yes,4.2,confirmed,https://dateksrl.it,+39 0932 1838913 / info@dateksrl.it,,,20-yr B2B distributor supplying professionals/installers/resellers; runs B2B e-commerce portal,https://dateksrl.it/azienda/
2-importer,Italy,IT,Rota Commerciale S.r.l.,"Ponte San Pietro, Bergamo (Lombardy)",Building-materials merchant/wholesaler (+ retail),P1+P2,yes,4.1,confirmed,https://www.rotacommerciale.it,+39 035 617139 / info@rotacommerciale.it,,,Two-branch building-materials center serving construction firms; hardware/fixings buyer,https://www.rotacommerciale.it/
2-importer,Italy,IT,MEI Controsoffitti (MEI Sistemi Costruttivi),"Borgo San Dalmazzo, Cuneo (Piedmont)",Drywall distributor + installer (also tools/hardware/paint arm),P1+P2,,3.6,plausible,https://meicontrosoffitti.it,+39 0171 262845 / info@meicontrosoffitti.it,,,On-target for drywall accessories but primarily contractor/installer with a smaller distribution arm,https://meicontrosoffitti.it/vendita-materiale/
2-importer,Italy,IT,Ferramenta Falco (Siderurgica e Ferramenta),Italy,Hardware & fasteners dealer (retail + wholesale),P1+P2,,3.5,plausible,https://www.ferramentafalco.com,Not verified (site bot-walled),,,Real named siderurgica/ferramenta selling fasteners wholesale+retail; site returned HTTP 403 so B2B scale could not be fully confirmed,https://www.ferramentafalco.com/categoria-prodotto/ferramenta/bulloneria-viteria-barre-filettate/
2-importer,Italy,IT,Berardi Group (Berardi Bullonerie S.r.l.),Castel Guelfo di Bologna (BO),"Historic (est. 1919) national fastener distributor: 200,000+ items in stock across standard metallic and plastic fasteners, fixing systems and industrial components, 13 warehouses in Italy plus a subsidiary in Morocco and a sales office in Croatia; ~450 employees, ~EUR 107M turnover, 8,000+ customers.",P2,yes,5,confirmed,https://www.gberardi.com,,,,One of Italy's largest pure-play fastener distributors with a 13-branch national network and Kanban B2B ordering — a top-tier bulk reseller buyer. Verified live: distributor profile and branch network confirmed; only a contact form is exposed (no public email).,https://www.gberardi.com/en
2-importer,Italy,IT,Nuova Bull-Vit Estense S.r.l.,Ferrara,"Wholesaler (grossista) of national and imported fasteners — viteria, bulloneria and minuteria metallica in stainless and high-strength grades (8.8/10.9/12.9) plus custom parts — serving mechanics, electronics, marine and craft sectors with national distribution.",P2,yes,4,confirmed,https://www.bullvitestense.it,info@bullvitestense.it,,,"Self-describes as a wholesaler of national AND imported fasteners — an explicit importer/distributor buyer profile. Verified live: grossista identity, imported-product line and contact confirmed.",https://www.bullvitestense.it/bulloneria-e-viteria
2-importer,Italy,IT,Mastersimec S.r.l.,Asti,"Wholesale distributor (since 1989) of fasteners (screws, nuts, washers, structural and stainless bolts), fixing elements (rivets, inserts, cable ties), tools, hydraulics and PPE; 30,000+ SKUs, ISO 9001:2015, agent network across central-northern Italy, immediate dispatch.",P2,yes,4,confirmed,https://www.mastersimec.it,info@mastersimec.it,,,"ISO-certified B2B hardware/fastener wholesaler serving trade from artisans to large firms — a genuine reseller buyer of fasteners and fixings. Verified live: distributor identity, 30k-SKU range and contact confirmed.",https://www.mastersimec.it/
2-importer,Italy,IT,SICAT S.a.s.,"Lucca (San Macario, LU)","Third-generation B2B wholesaler (ingrosso) of hardware, building materials and fixings supplying resellers in the ferramenta, edilizia and colorifici sectors across Tuscany and Liguria; sources from Italian manufacturers, constant stock, ~4-day delivery.",P2,yes,4,confirmed,https://www.sicatnet.it,info@sicatnet.it,,,"Wholesale distributor selling to hardware/building resellers — a reseller buyer of fixings and builder's hardware. Verified live: ingrosso-to-resellers model, catalog and contact confirmed.",https://www.sicatnet.it/
2-importer,Italy,IT,DIMA (Dima Commercio S.r.l.),Cernusco sul Naviglio (MI),"Wholesale (fornitura all'ingrosso) distributor of building materials to construction firms — cement, floor systems, bricks, insulation, tiles, drywall (cartongesso), Fermacell gypsum-fibre boards and dry-lining/thermal-acoustic accessories — with direct delivery to job sites.",P2,yes,3,confirmed,https://www.dimaonline.it,dimaonline.it@gmail.com,,,"On-target building-materials/drywall wholesaler to the trade (cartongesso, Fermacell, dry-lining accessories); weaker on fasteners specifically, hence lower rating. Verified live: wholesale-to-construction model, drywall range and contact confirmed.",https://www.dimaonline.it/
2-importer,Italy,IT,Fergross S.r.l.,Grugliasco (TO),"Professional hardware wholesaler ('Ingrosso Ferramenta Professionale') carrying tasselli, chemical anchors, fixings and construction fasteners; distributes Fischer/Milwaukee/Stanley to pros and resellers.",P2,yes,5,confirmed,https://www.fergross.it,info@fergross.it,,,B2B hardware wholesaler that explicitly stocks and resells anchors/fixings and drywall/construction fasteners — direct reseller buyer. Site fetched live; anchors and chemical-fixings categories confirmed.,https://www.fergross.it/
2-importer,Italy,IT,ASTORI S.p.A.,Montichiari (BS),"Large hardware wholesaler+retailer (ingrosso e dettaglio, ~80,000 m2) with a dedicated B2B reserved area; explicit 'Fissaggio' category covering anchors and fasteners plus ~70,000 products.",P2,yes,4,confirmed,https://www.astorispa.it,astori@astorispa.it,,,Real wholesale hardware distributor with a B2B channel and a dedicated fixings section — resells anchors/fasteners to companies. Site fetched live; B2B area and Fissaggio category confirmed.,https://www.astorispa.it/
2-importer,Italy,IT,E-Bolts,Parre (BG),"B2B distributor/wholesaler of viteria, bulloneria, threaded rod, tie-rods, eyebolts and grub screws plus professional tools and industrial supplies, serving pros and resellers.",P2,yes,4,confirmed,https://e-bolts.com,info@e-bolts.com,,,Dedicated fastener distributor selling wholesale to professionals/resellers — direct-fit buyer. Site fetched live; fastener focus and B2B distribution confirmed.,https://e-bolts.com/
2-importer,Italy,IT,Ferramenta.pro,Pisa,"Professional hardware supplier with a dedicated wholesale (Ingrosso) division; strong tasselleria (nylon/metal) and fissaggi lines alongside tools and PPE, aimed at professionals.",P2,yes,3,confirmed,https://www.ferramenta.pro,,,,Runs a real wholesale/ingrosso channel resell­ing anchors and fixings to pros; on-target catalog. Site fetched live; Ingrosso section and tasselleria/fissaggi range confirmed (contact via form only).,https://www.ferramenta.pro/ingrosso/
2-importer,Italy,IT,Tecnoviti S.r.l.,Tavagnacco (UD),"Fastener distributor (30+ years, 85,000+ articles in stock) of viteria, bulloneria e fissaggio plus professional tools; wholesale and retail to companies, pros and resellers across the Triveneto/EU.",P2,yes,5,confirmed,https://www.tecnoviti.it,info@tecnoviti.it,,,"Large stocking fastener/fixings distributor selling wholesale to resellers/pros — direct-fit buyer. Site fetched live; distributor model, 85k-SKU stock and bulloneria/fissaggio category confirmed.",https://www.tecnoviti.it/categoria-prodotto/bulloneria-e-fissaggio/
2-importer,Italy,IT,Tecnoviti Group,Modica (RG),"Wholesale+retail distributor (est. 2000) of viteria, bulloneria, fasteners, fixing systems, tools, welding and abrasives; reference point for Sicilian businesses.",P2,yes,4,confirmed,https://www.tecnovitigroup.it,tecnoviti@tecnovitigroup.it,,,Regional fastener/fixings distributor selling wholesale to companies — on-target reseller buyer. Site fetched live; wholesale distribution and fixing-systems range confirmed.,https://www.tecnovitigroup.it/
2-importer,Italy,IT,Dueemme Sidol S.r.l.,Sesto San Giovanni (MI),"Wholesale distributor / sourcing partner (est. 1981, 45+ yrs, 2,000+ industrial customers) of bolts, nuts, washers, stainless and engineered fasteners; supply programs, Kanban and logistics for OEMs and industrial distributors.",P2,yes,4,confirmed,https://www.dueemmesidol.it,info@dueemmesidol.it,,,"Fastener wholesaler/sourcing coordinator that buys standard fasteners and resupplies industry/distributors — an importer-style buyer. Site fetched live; distribution/sourcing model confirmed (some custom via partner mills, not own manufacturing).",https://www.dueemmesidol.it/chi-siamo/
2-importer,Italy,IT,Axel Group,Italy,"Large Italian ingrosso group in ferramenta, utensileria and giardinaggio (8,000+ customers nationwide); builder's-hardware wholesale that includes fixings.",P2,yes,4,plausible,https://www.axelgroup.it,,,,"Clearly-real, well-known Italian hardware wholesale group serving thousands of resellers, but the site returned HTTP 403 (bot-walled) so on-target fixings breadth could not be fetched-verified. Marked plausible per bot-wall rule.",https://www.axelgroup.it/
2-importer,Italy,IT,F.lli Zangrillo Srl,Formia (LT),"Wholesale distributor of hardware, building materials and thermo-hydraulic supplies across five southern regions",P1+P2,yes,4,confirmed,https://www.zangrillo.it,info@zangrillo.it,,,Building-materials + ferramenta distributor covering Lazio/Campania/Puglia/Basilicata/Molise; drywall-accessory relevant,https://www.zangrillo.it/distribuzione/
2-importer,Italy,IT,Bullonerie Riunite Romagna,Forli,"Wholesale supplier of stainless screws, bolts and fasteners (VIPA group), stock plus custom",P1+P2,yes,3,confirmed,https://www.bullonerieromagna.com,info@bullonerieromagna.com,,,Emilia-Romagna fasteners wholesaler with large warehouse stock; on-target fixings channel,https://www.bullonerieromagna.com/en/homepage/
2-importer,Italy,IT,Utensilerie Bozzoni,Milan,"80-year exclusive wholesaler of tools, screws and fasteners (utensilerie, viterie e bullonerie)",P1+P2,yes,4,confirmed,https://www.utensileriebozzoni.it,ferramentabozzoni@virgilio.it,,,"Milan wholesale-only viteria/bulloneria supplier, on-target for fasteners and fixings",https://www.utensileriebozzoni.it/
2-importer,Italy,IT,La Bulloneria Emiliana S.r.l.,Modena,"Wholesaler of bulloneria, viteria and metal fixing products, 38,000+ items with warehouses in Modena and Imola",P1+P2,yes,4,confirmed,https://www.bulloneriaemiliana.it,,,,"Established Emilia-Romagna fixings wholesaler with deep stock, on-target fasteners channel",https://www.bulloneriaemiliana.it/
2-importer,Italy,IT,Tagliati S.r.l.,Maranello (Modena),"Wholesale distributor of viteria, bulloneria, tasselli (anchors), tools and industrial hardware",P1+P2,yes,4,confirmed,https://www.tagliatisrl.it,info@tagliatisrl.it,,,Emilia-Romagna distributor explicitly stocking tasselli/fixings for professionals and industry,https://www.tagliatisrl.it/viteria/
2-importer,Italy,IT,Commerciale Isonzo,Rome,"Building-materials distributor specialising in drywall/plasterboard systems, acoustic and thermal insulation since 1948",P1+P2,yes,5,confirmed,https://www.commercialeisonzo.it,,,,"Rome drywall/cartongesso systems distributor, prime channel for drywall/cavity anchors",https://www.commercialeisonzo.it/
2-importer,Italy,IT,Italmedia S.r.l.,,"B2B wholesale distribution of ferramenta, utensileria, siderurgia and viteria incl. metal/nylon/drywall tasselli",P1+P2,yes,3,plausible,https://www.italmediab2b.it,,,,Campania ingrosso whose range includes drywall anchors (tasselli per cartongesso); B2B portal is login-walled,http://www.italmediab2b.it/index.php/review/product/list/id/10289/category/440
2-importer,Italy,IT,Franzini Annibale S.p.A.,Reggio Emilia,"Wholesale distributor supplying hardware stores, building-material depots and garden centres across N-Central Italy",P1+P2,yes,5,confirmed,franzini.it,,,,Distributor-to-retailers with a fixings/hardware range across multiple regions - strong volume channel,https://www.franzini.it/settori/ingrosso/
2-importer,Italy,IT,COPT Group S.r.l.,Ferrara,"Wholesale hardware (ferramenta) distributor serving retailers in Emilia-Romagna, Veneto and Tuscany",P1+P2,yes,4,confirmed,copt.it,copt@copt.it,,,Regional ferramenta wholesaler carrying fasteners/fixings - on-target reseller channel,https://shop.copt.it/content/354/company-profile/
2-importer,Italy,IT,21 Distribuzione,Sant'Elpidio a Mare (FM),"Wholesale distributor of hardware, housewares and specialty-shop products (Marche/Umbria/Emilia/Veneto)",P1+P2,yes,3.5,confirmed,21distribuzione.com,info@21distribuzione.com,,,Regional ferramenta wholesaler with B2B e-commerce - fits fixings/anchors resale,https://www.21distribuzione.com/
2-importer,Italy,IT,Renaudo S.r.l.,Cervasca (CN),"Wholesale and retail distributor of professional hardware, tools and fasteners (50,000+ articles)",P1+P2,yes,4,confirmed,renaudo.com,info@renaudo.com,,,Professional hardware wholesaler stocking fixings/anchors - on-target buyer,https://renaudo.com/collections/sistemi-di-fissaggio-tasselli-in-metallo
2-importer,Italy,IT,Secur Center,Bussolengo (VR),"Distributor of anchors, screws, bolts and rivets (Friulsider, Bralo, Tecfi brands)",P1+P2,yes,3.5,confirmed,securcenter.net,info@securcenter.com,,,Specialist fixings/anchor distributor - directly relevant to cavity anchors,https://www.securcenter.net/categorie/fissaggi-e-viteria/
2-importer,Italy,IT,Tarenzi,Baranzate (MI),"Industrial distributor of screws, bolts and fixings (Fischer, Friulsider, FAR)",P1+P2,yes,4,confirmed,tarenzi.it,info@tarenzi.it,,,Distributor of viteria/fissaggi and anchors - fits fixings resale,https://www.tarenzi.it/prodotti/viteria-bulloneria-e-fissaggi/
2-importer,Italy,IT,EdilCompany,Assemini (CA),"Distributor of dry-construction systems, drywall/plasterboard, ceilings and accessories (Knauf, Fibran)",P1+P2,yes,3.5,confirmed,edilcompany.com,commerciale@edilcompany.com,,,Drywall/dry-systems distributor in Sardinia - channel for drywall anchors,https://edilcompany.com/categoria/controsoffitti-e-cartongesso/
2-importer,Italy,IT,Alberti S.r.l.,Pratovecchio Stia (AR),"Wholesale distributor of technical articles, bulloneria, threaded rods and fixings (94,000+ refs, EN1090)",P1+P2,yes,4,confirmed,ferramenta.biz,alberti@ferramenta.biz,,,Established ingrosso of bulloneria/fissaggi - on-target fastener wholesaler,https://www.ferramenta.biz/chi-siamo
2-importer,Italy,IT,Comedil Grazioli,Italy,"Building-materials/edilizia distributor with a bolts, anchors and screws (bulloneria, tasselli, viti) range",P1+P2,yes,3,plausible,comedilgrazioli.it,,,,Building-materials distributor carrying fixings/anchors - on-target; site bot-walled (403),https://www.comedilgrazioli.it/182-bulloneria-tasselli-viti
2-importer,Italy,IT,Ferramenta Veneta S.r.l.,Verona (VR),"B2B hardware distributor/wholesaler with a broad catalogue including tasselli, rivets and anchoring materials ('ancoraggi e fissaggi'), tools, closures and PPE.",P1+P2,yes,4,confirmed,ferramentaveneta.com,,,,"Regional Veneto ferramenta distributor with a dedicated anchors/fixings catalogue category — on-target stocking distributor of wall anchors. Distributor, not a manufacturer.",https://catalogo.ferramentaveneta.com/it/prodotti/ancoraggi-e-fissaggi-fissaggi-tasselli-rivetti-inserti-tasselli-e-fissaggi/11/7/161/-
2-importer,Italy,IT,B&B Padova,Padova (PD),"Wholesale viteria and ferramenta (ingrosso) with a complete range of certified nylon and steel anchors plus high-strength screws, nuts and washers.",P1+P2,yes,4,plausible,bbpadova.it,,,,"Real named Veneto viteria/ferramenta wholesaler advertising a full certified nylon/steel anchor range; site TLS-cert error blocked full fetch, so kept as plausible pending live confirmation.",https://www.bbpadova.it/
2-importer,United Kingdom,GB,Owlett-Jaton,"Stone, Staffordshire","UK & Ireland's largest wholesale distributor of fasteners, fixings and associated products to the merchant/distributor trade (30,000+ lines). Its JCP Construction Products division supplies cavity fixings, plasterboard fixings and hollow-wall anchors.",P1+P2,yes,9,plausible,https://www.owlett-jaton.com,,,,National fixings wholesaler that imports and resells to merchants; explicit cavity/hollow-wall anchor range via JCP — textbook bulk sourcing buyer. Site 403 bot-walled but company is unambiguously real.,https://www.owlett-jaton.com/jcp-fixings/nylon-and-cavity/cavity-fixings
2-importer,United Kingdom,GB,TIMco (TIMCO),"Nantwich, Cheshire","Major UK trade supplier/importer of fixings, fasteners and building hardware to merchants nationwide; stocks metal cavity anchors and plasterboard fixings.",P1+P2,yes,9,plausible,https://www.timco.co.uk,,,,High-volume importer/distributor of building fixings to the merchant trade with a dedicated cavity-anchor line; Asia import model = strong sourcing fit. Site redirect-looped in-tool but is a well-known real importer.,https://www.timco.co.uk
2-importer,United Kingdom,GB,Wurth UK,"Kingswinford, West Midlands","UK arm of the Wurth group — major B2B distributor of fixings, fasteners and building hardware to trade and industry, with a broad cavity/plasterboard fixing range.",P1+P2,yes,7,plausible,https://www.wurth.co.uk,,,,Large multi-category fixings distributor to trade; imports and resells at scale. Partly own-brand so some in-house supply. Eshop 403 bot-walled but real.,https://eshop.wurth.co.uk/en/GB/GBP
2-importer,United Kingdom,GB,BAPP Group of Companies,"Barnsley, South Yorkshire","Largest independent fastener distributor in the UK (est. 1972); distributes bolts, nuts, washers, screws, rivets, nails and fixings via ~12 branches across England plus export.",P1+P2,yes,6,confirmed,https://www.bapp.co.uk,,,,Large national independent fixings distributor/importer with merchant reach; range skews industrial fasteners so cavity/drywall fit is moderate but genuine.,https://www.bapp.co.uk
2-importer,United Kingdom,GB,Galleon Fixings (ForgeFix / Dormole Group),"Whaley Bridge, Derbyshire","UK B2B supplier/distributor of fixings, fasteners and construction consumables to the trade nationwide; part of Dormole Group with ForgeFix and H&C brands.",P1+P2,yes,9,confirmed,https://www.galleonfixings.com,sales@forgefix.co.uk / 01663 719460,,,"Confirmed on-site: drywall screws, metal cavity anchors, spring toggles; automated-warehouse distributor selling to merchants nationwide.",https://www.galleonfixings.com
2-importer,United Kingdom,GB,Olympic Fixings,,"Established 1989; UK wholesale supplier to merchants of 3,500+ branded screws, fasteners and trade consumables. Own-brand hollow-wall brolly anchors and spring toggles.",P1+P2,yes,8,confirmed,https://www.olympicfixings.com,,,,"Confirmed cavity page with own-brand Hollow Wall Brolly Anchors and Spring Toggles sold wholesale to merchants (carton/tub quantities) — imports and rebrands, genuine bulk buyer.",https://www.olympicfixings.com/Browse/fasteners-fixings/cavity-fixings
2-importer,United Kingdom,GB,K.A.L. Fixings UK Limited,"Sawston, Cambridge",UK B2B distributor/wholesaler of fixings and fasteners (Cambridge HQ + Birmingham depot); product range explicitly includes Cavity Anchors and plasterboard fixings.,P1+P2,yes,8,confirmed,https://www.kalfixings.com,01223 832591,,,Confirmed cavity-anchor stockist; two-depot distributor to trade — clear fit for imported cavity/toggle product.,https://www.kalfixings.com
2-importer,United Kingdom,GB,Orbital Fasteners Ltd,"Watford, England","UK fixings distributor/wholesaler (Watford) stocking cavity fixings and plasterboard fixings; trade-focused with business accounts and 12,000+ tradespeople.",P1+P2,yes,7,confirmed,https://www.orbitalfasteners.co.uk,01923 777 777,,,Confirmed Cavity Fixings section (plus setting tools); trade-account distributor to tradespeople — realistic buyer of imported cavity anchors.,https://www.orbitalfasteners.co.uk/categories/cavity-fixings
2-importer,United Kingdom,GB,Kayfast Ltd (Kay's Fasteners),"Wakefield, West Yorkshire",UK distributor of all types of fixings and fasteners (Wakefield) with a trade counter; product categories include a dedicated Drywall Products section.,P1+P2,yes,7,confirmed,https://www.kayfast.co.uk,01924 276555,,,Confirmed broadline fixings/fasteners distributor with a Drywall Products category and trade counter — realistic buyer of imported cavity anchors.,https://www.kayfast.co.uk
2-importer,United Kingdom,GB,Samac Fixings Limited,"Wickford, Essex","Essex-based distributor of nails, screws and fixings (22,000+ sq ft warehouse) supplying builders, timber, roofing and fencing merchants; pre-packed and bulk options.",P1+P2,yes,6,confirmed,https://www.samacfixings.co.uk,sales@samacfixings.co.uk / 01268 764 488,,,Genuine building-fixings wholesaler to merchants; cavity anchors adjacent to core nails/screws/roofing range rather than central — moderate but real fit.,https://www.samacfixings.co.uk/about/
2-importer,United Kingdom,GB,Fixfirm Limited,Lincoln,"National UK B2B trade distributor of fixings/fasteners (45 years' experience); lists Cavity & Plasterboard Fixings and Anchors categories, trade prices, next-day delivery and procurement accounts.",P1+P2,yes,8,confirmed,https://www.fixfirm.com,hello@fixfirm.com,,,Confirmed dedicated Cavity & Plasterboard Fixings and Anchors categories; trade-account distributor with next-day delivery — direct fit.,https://www.fixfirm.com/category/fixings-screws-nails-anchors-cavity-plasterboard-fixings-hollow-wall-anchors
2-importer,United Kingdom,GB,Kernow Fixings Ltd,St Austell,"UK B2B fixings/fasteners distributor (St Austell); range includes metal cavity wall anchors, plasterboard fixings, spring toggles, Zip-Fix heavy-duty hollow wall anchors and self-drill drywall fixings.",P1+P2,yes,7,confirmed,https://www.kernow-how.com,sales@kernow-how.com / 01726 624 600,,,Confirmed full cavity/toggle range on a dedicated cavity-wall-fixings page; regional trade distributor — direct fit.,https://www.kernow-how.com/Products/cavity-wall-fixings
2-importer,United Kingdom,GB,Fixings Direct (UK Fixings Direct),,"UK fixings distributor stocking hollow wall anchors, spring toggle bolts and metal cavity anchors (carries TIMCO, Rawlplug); dual retail + B2B with a Wholesale & Bulk specialist line.",P1+P2,yes,6,confirmed,https://ukfixingsdirect.com,,,,Confirmed cavity-fixings specialist with explicit 'Wholesale & Bulk - Contact A Specialist' line and trade prices; dual retail/B2B so bulk lane is the relevant one.,https://ukfixingsdirect.com/collections/cavity-fixings
2-importer,United Kingdom,GB,We Supply Fixings,"Newton Abbot, England","Family-run UK distributor of fasteners/fixings (Newton Abbot) stocking cavity fixings, hollow wall anchors, spring toggles, drywall anchors and expansion plugs (TIMco, Rawlplug, Fischer); serves businesses and individuals.",P1+P2,,6,confirmed,https://www.wesupplyfixings.co.uk,sales@wesupplyfixings.co.uk / 01626 817899,,,Confirmed full cavity/toggle/drywall range; smaller family-run e-commerce distributor with B2B capability — direct product fit but modest scale.,https://www.wesupplyfixings.co.uk/collections/cavity-fixings
2-importer,United Kingdom,GB,Tradefix Direct,,"UK trade distributor of fixings and fasteners (bolts, screws, anchors, cavity/plasterboard fixings) to the building trade.",P1+P2,yes,6,plausible,https://www.tradefixdirect.com,,,,"Named trade fixings distributor covering cavity/plasterboard fixings; site 403 bot-walled but is a real, established trade supplier.",https://www.tradefixdirect.com
2-importer,United Kingdom,GB,Severn Valley Fasteners,"Kidderminster, Worcestershire",Specialist industrial fastener stockist/distributor carrying a construction-fixings range including wall anchors/rawlplugs; next-day UK delivery,P2,,3,confirmed,svfast.com,sales@svfast.com / 01299 253144,,,Opened live; stocks construction anchors alongside industrial fasteners — moderate but genuine fit,https://svfast.com/
2-importer,United Kingdom,GB,SIG plc,Sheffield,"Specialist national/pan-European distributor (not manufacturer) of insulation and interiors products including drywall/plasterboard and associated systems; 430+ branches, supplies specialist contractors and merchants.",P1+P2,yes,88,confirmed,https://www.sigplc.com,"Registered office: Adsetts House, 16 Europa View, Sheffield S9 1XH",,,"Verified live. Leading UK specialist distributor of interiors/drywall and insulation to the trade — squarely on-target for drywall accessories and building materials, bulk-scale.",https://www.sigplc.com
2-importer,United Kingdom,GB,Encon Insulation & Nevill Long,Wetherby,"Leading independent UK distributor of insulation and interior building products (drywall/plasterboard, ceilings, fire protection, construction products); nationwide branch network serving builders, contractors and merchants.",P1+P2,yes,85,confirmed,https://www.encon.co.uk,"Brunswick House, 1 Deighton Close, Wetherby, West Yorkshire LS22 7GZ",,,Verified live. Independent distributor (Nevill Long is its interiors/drywall arm) — direct fit for drywall accessories; supplies trade & merchants nationally.,https://www.encon.co.uk
2-importer,United Kingdom,GB,TR Fastenings (Trifast plc),Walsall,"Full-service fastener supplier/distributor (with own manufacturing) to 5,000+ companies globally; distribution + logistics from UK National Distribution Centre; serves industrial, automotive, infrastructure and general industry.",P1+P2,yes,82,confirmed,https://www.trfastenings.com,"sales@trfastenings.com; +44 8454 811800; NDC Reedswood Park Road, Walsall WS2 8DQ",,,Verified live. Major listed UK fastener distributor/stockholder (also manufactures) — strong on-target buyer/importer for fastener & fixing ranges; skew is industrial/OEM rather than pure builder's-hardware.,https://www.trfastenings.com
2-importer,United Kingdom,GB,MKM Building Supplies,Hull,"Independent UK builders merchant (est. 1995), 140+ branches nationwide; supplies building materials, timber and 'Nails, Screws & Fixings' to trade and DIY.",P1+P2,yes,82,confirmed,https://www.mkm.com,"Branch finder at mkm.com; MKM Building Supplies Ltd, Co. Reg. 03100815",,,Verified live (mkmbs.co.uk redirects to mkm.com). Large branch-based builders merchant stocking fixings/fasteners and building materials — on-target merchant-chain buyer.,https://www.mkm.com
2-importer,United Kingdom,GB,Jewson (STARK Building Materials UK),Coventry,"National UK builders merchant, 400+ branches; supplies building materials, timber, tools & fixings, and hardware to the trade with click & collect nationwide.",P1+P2,yes,84,confirmed,https://www.jewson.co.uk,"Merchant House, Binley Business Park, Harry Weston Road, Coventry CV3 2TT",,,Verified live. One of the UK's largest builders merchant chains stocking fixings/fasteners and building materials — on-target high-volume merchant buyer.,https://www.jewson.co.uk
2-importer,United Kingdom,GB,Selco Builders Warehouse,Birmingham,"UK trade-focused builders warehouse chain ('where the trade go'); stocks building materials, timber, plasterboard, roofing, fixings and hardware under one roof with trade card, click & collect and delivery.",P1+P2,yes,81,confirmed,https://www.selcobw.com,Dial & Deliver: 03331 886 388; branch finder at selcobw.com/branches,,,Verified live. Trade-only builders warehouse chain that explicitly stocks plasterboard and fixings — on-target merchant/chain buyer.,https://www.selcobw.com
2-importer,United Kingdom,GB,Travis Perkins,Northampton,"One of the UK's largest builders merchants; national branch network supplying building materials, timber, fixings and hardware to the trade.",P1+P2,yes,84,plausible,https://www.travisperkins.co.uk,Not fetched,,,"Unquestionably-real flagship UK builders merchant, core on-target buyer; homepage did not return fetchable content (JS/bot wall) so kept as plausible.",https://www.travisperkins.co.uk
2-importer,United Kingdom,GB,CCF (Travis Perkins group),Northampton,"UK national distributor of interior building products — drywall/plasterboard, ceilings, insulation and associated fixings/accessories — to the trade.",P1+P2,yes,83,plausible,https://www.ccfltd.co.uk,Not fetched,,,Well-known real interiors/drywall distributor (Travis Perkins group) — direct fit for drywall accessories; site did not return fetchable content so kept as plausible.,https://www.ccfltd.co.uk
2-importer,United Kingdom,GB,Huws Gray,Llangefni (Anglesey),"Independent UK builders merchant group with a large branch network supplying building materials, fixings, timber and hardware to the trade.",P1+P2,yes,79,plausible,https://www.huwsgray.co.uk,Not visible (site bot-walled),,,Clearly-real named UK builders merchant group; website returned HTTP 403 (bot-walled) so kept as plausible.,https://www.huwsgray.co.uk
2-importer,United Kingdom,GB,Rapierstar Ltd,"Macclesfield, Cheshire","UK distributor and manufacturer of specialist construction fasteners and fixings; high-performance window/fenestration screws, masonry fixings and decking screws supplied to manufacturers, installers and distributors.",P1+P2,yes,80,confirmed,https://www.rapierstar.com,info@rapierstar.com; +44 (0)1260 223311,,,"Verified live; construction fastener distributor/stockholder supplying trade and distributors. Fenestration-led but carries masonry/construction fixings, on-target as a fixings distributor.",https://www.rapierstar.com
2-importer,United Kingdom,GB,A. Perry Ltd (Perry Trade Hardware),West Midlands,"Family-owned (est. 1925) manufacturer and distributor of builder's hardware, fasteners and ironmongery to the trade; 140,000+ sq ft facility, multiple trade brands.",P1+P2,yes,76,confirmed,https://www.perrytrade.co.uk,Contact form at perrytrade.co.uk/pages/contact,,,Verified live; builder's-hardware/fasteners manufacturer-distributor selling to trade (not manufacturer-only) — legitimate trade channel for fixings/hardware.,https://www.perrytrade.co.uk
2-importer,United Kingdom,GB,Toolbank (Curtis Holt Ltd),"Nationwide (UK, 12 warehouses)","Trade-only distributor of tools, accessories and hardware to merchant, retail and e-commerce trades since 1972; 30,000+ products from 280+ brands across 12 warehouses; no direct-to-public sales.",P1+P2,yes,78,confirmed,https://www.toolbank.com,Toolbank B2B portal (toolbankb2b.com) for account holders,,,"Confirmed trade-only wholesale distributor of tools and builder's hardware to merchants/retailers. Tools-led but carries fixing/hardware ranges; direct site bot-walled (403), trade model confirmed via independent sources.",https://uk.linkedin.com/company/toolbank
2-importer,United Kingdom,GB,Buildbase (Grafton Group),Nationwide (UK),"UK builders' merchant chain supplying building materials, timber, fixings, tools and hardware to the trade nationwide.",P1+P2,yes,74,plausible,https://www.buildbase.co.uk,Branch finder at buildbase.co.uk,,,Clearly-real national builders' merchant (Grafton Group); fetch inconclusive so marked plausible. On-target building-materials/fixings buyer.,https://www.buildbase.co.uk
2-importer,United Kingdom,GB,ForgeFix (Dormole Group / Galleon Fixings),"Whaley Bridge, Derbyshire","UK trade supplier/distributor of fixings, fasteners and construction consumables (part of the Dormole Group, serving trade nationwide). Range explicitly includes metal cavity anchors, spring toggles, expansion plugs, drywall/collated drywall screws and masonry anchors.",P2,yes,85,confirmed,https://www.forgefix.co.uk,sales@forgefix.co.uk; 01663 719460,,,"Directly stocks the hero category (metal cavity anchors, spring toggles, drywall screws) and sells to the trade nationwide. forgefix.co.uk resolves to the live group site galleonfixings.com — confirmed active.",https://www.galleonfixings.com/
2-importer,United Kingdom,GB,Reisser (PakPro Ltd),"Whaley Bridge, Cheshire","B2B distributor of the REISSER range of professional-trade woodscrews, fixing solutions and power-tool accessories (supporting the trade since 2002); aimed specifically at professional tradespeople, not retail.",P2,yes,78,confirmed,https://www.reisser.co.uk,info@pakpro.co.uk; 01663 719719,,,Established trade-focused screws/fixings distributor with an existing fixing-solutions line — a credible re-seller for imported drywall fixings and anchors.,https://www.reisser.co.uk
2-importer,United Kingdom,GB,Westfield Fasteners Ltd,"Long Crendon, Aylesbury","B2B distributor/wholesaler of fasteners (bolts, screws, nuts, washers, anchor bolts, through bolts, self-drilling/self-tapping screws) in steel, stainless, brass and nylon; offers business credit accounts and parcels-to-pallets supply.",P2,yes,74,confirmed,https://www.westfieldfasteners.co.uk,enquiries@westfieldfasteners.co.uk; 01844 201133,,,Genuine fastener wholesaler already stocking anchor bolts and a broad fixings range with trade-credit/bulk supply — an on-target importer/reseller.,https://www.westfieldfasteners.co.uk
2-importer,United Kingdom,GB,Thomas Smith Fasteners,"Wigan, Greater Manchester","B2B distributor to trade and industrial customers with stock ranges of nuts, bolts, washers, screws, socket screws and coach bolts; trade counters in Wigan and Glasgow plus an online stock store.",P2,yes,73,confirmed,https://www.thomassmithfasteners.com,sales@thomassmithfasteners.com; 01942 520260,,,"Established two-site fastener distributor serving trade/industry — a realistic wholesale buyer of general fasteners and fixings, expandable into anchors.",https://www.thomassmithfasteners.com
2-importer,United Kingdom,GB,GSS Fasteners,"Wednesbury, West Midlands",Distributor (+ some manufacture) of industrial fasteners,P1+P2,yes,7.5,confirmed,https://www.gssfasteners.co.uk,sales@gssfasteners.co.uk / 0121 557 0525,,,ISO 9001 industrial fastener supplier to construction/engineering trade nationwide and Europe; stockist with next-day delivery plus bespoke sourcing.,https://www.gssfasteners.co.uk
2-importer,United Kingdom,GB,ASP Ltd,"Southport, Merseyside",Bulk screw wholesaler / distributor,P1+P2,yes,7.5,confirmed,https://www.aspltd.co.uk,01704 879 311,,,ISO 9001 bulk screw supplier since 1972 selling to manufacturers and construction trade; strong on drywall/plasterboard fixings in bulk quantities.,https://www.aspltd.co.uk
2-importer,United Kingdom,GB,Unimetal,West Midlands,Full-service fastener distributor,P1+P2,yes,7,plausible,https://www.unimetal.co.uk,,,,Full-service fastener distributor serving distributors and manufacturers for 18+ years. Site bot-walled (HTTP 403) but a clearly-real named trade distributor.,https://www.unimetal.co.uk
2-importer,United Kingdom,GB,A2Z Fasteners Limited,"Loughborough, Leicestershire","Distributor of fasteners, fixings, nuts & bolts",P1+P2,,6,plausible,https://a2zfasteners.co.uk,,,,"Real Loughborough (LE11 5XS) fasteners/fixings distributor to industrial, commercial and construction customers across the Midlands and UK. Homepage blocked by a shared-host TLS cert mismatch; company confirmed real via listings.",https://www.europages.co.uk/A2Z-FASTENERS/00000005476725-001.html
2-importer,United Kingdom,GB,Screws & Fixings,"Bridport, Dorset","Approved TIMCO trade distributor of screws, fixings & tools",P1+P2,,6,confirmed,https://screwsandfixings.com,,,,"Approved TIMCO distributor stocking 7,500+ trade-rated fixings/fasteners/tools; sells to builders and contractors (Co. 14686994).",https://screwsandfixings.com
2-importer,United Kingdom,GB,Bolt World Ltd (Boltworld),United Kingdom,"Trade fastener supplier of bolts, screws & fixings",P1+P2,,5.5,plausible,https://boltworld.co.uk,,,,Genuine UK bolt/fastener supplier (Bolt World) with a broad on-target fixings catalogue. Site bot-walled (HTTP 403); leans somewhat retail/online but is a real named trade fastener supplier.,https://boltworld.co.uk
2-importer,Ireland,IE,Tucks Fasteners & Fixings,Dublin (Santry HQ / Citywest warehouse),"Ireland's leading independent WHOLESALE distributor of fasteners, fixings, nails, screws, power/hand tools; supplies the hardware and builders-merchants trade across all 32 counties.",P1+P2,yes,5,confirmed,tucksfasteners.ie,"+353 1 884 5100, sales@tucksfasteners.ie",,,National wholesale distributor selling INTO builders merchants — exactly the bulk importer/distributor profile; anchors already in catalogue.,https://www.tucksfasteners.ie/
2-importer,Ireland,IE,Allgrip Superior Fixings and Fasteners,"Castlerea, Co. Roscommon","Leading wholesaler of fixing and fastener products serving builders merchants nationwide; 10,000+ stocked SKUs, 30+ years, merchandising + technical support to retail partners.",P1+P2,yes,5,confirmed,allgrip.ie,"+353 (0)94 962 0182, info@allgrip.ie",,,Pure wholesale-to-merchants model with 10k SKUs nationwide — a primary bulk-buyer channel for imported fixings.,https://www.allgrip.ie/
2-importer,Ireland,IE,Murdock Builders Merchants,Multiple branches (ROI + NI),"Major builders merchant chain across Republic of Ireland (and NI); full building-supplies range incl. fixings, plasterboard fixings, plastic wall plugs, frame/hammer fixings, threaded bar.",P1+P2,yes,5,confirmed,murdockbuildersmerchants.ie,Via branch network / online quote & account system,,,National merchant chain that buys fixings in volume; plasterboard-fixings category already live.,https://www.murdockbuildersmerchants.ie/fixings-fasteners
2-importer,Ireland,IE,Chadwicks Group,Dublin HQ; branches nationwide,"National builders merchant chain (Grafton Group) with branches nationwide; Screws, Nails & Fixings category incl. plugs, anchor bolts, nuts/bolts/washers, insulation fixings.",P1+P2,yes,5,confirmed,chadwicks.ie,Branch locator / online account ordering,,,One of Ireland's two largest merchant chains; buys fixings at national scale.,https://www.chadwicks.ie/
2-importer,Ireland,IE,Securall Fastenings,"Sandyford, Dublin","Dublin fixings/fasteners supplier billing itself as Ireland's largest supplier of collated nails/staples/screws/fixings; sells concrete bolts, plastic wall plugs, anchors, threaded bar; bulk to joinery/timber/steel frame trades.",P1+P2,yes,4,confirmed,securallfastenings.ie,+353 1 295 4680,,,Established trade fixings distributor with bulk supply to frame/joinery trades and an existing anchors/plugs line.,https://www.securallfastenings.ie/product-category/fixings-ireland/
2-importer,Ireland,IE,Icon Fasteners & Supplies Ltd,"Wicklow Town, Co. Wicklow","Irish trade fastener/fixings supplier serving construction companies, steel fabricators, modular/shed builders and carpenters; trade accounts with bulk pricing, nationwide delivery.",P1+P2,yes,4,confirmed,iconfasteners.ie,"+353 (0)1 223 3066, sales@iconfasteners.ie",,,Catalogue already lists cavity wall anchors; trade-grade bulk supplier to builders/fabricators.,https://www.iconfasteners.ie/
2-importer,Ireland,IE,All Metal Fasteners,"Finglas, Dublin","Dublin industrial fastener distributor of 50+ years; Anchors & Concrete Fixings range incl. high-performance anchors for cracked/non-cracked concrete; 24h nationwide distribution, trade showroom.",P1+P2,yes,4,confirmed,allmetalfasteners.com,"+353 (0)1 864 3080, sales@allmetalfasteners.com",,,Long-established B2B industrial fastener distributor with an existing anchors line and national distribution.,https://allmetalfasteners.com/
2-importer,Ireland,IE,ToolFast.ie,"Clondalkin, Dublin 22","Dublin fasteners/fixings supplier, 15+ yrs, 3,000+ products; trade counter + sales reps across all five provinces; stocks anchors and through bolts (SFS, Fein brands).",P1+P2,yes,4,confirmed,toolfast.ie,+353 1 457 4950,,,Trade-focused distributor with nationwide reps and an anchors category; genuine wholesale channel.,https://toolfast.ie/
2-importer,Ireland,IE,Irish Fixings (Infast),"Ballymount, Dublin 24","Dublin fastener distributor (trade counter + online), 10k items; stocks masonry anchors, self-tapping screws and wall plugs; resells Rawlplug, Paslode, Milwaukee, Stanley.",P1+P2,yes,4,confirmed,irishfixings.ie,"(01) 450 7394, info@infast.ie",,,Distributor (not manufacturer) of established fixing brands with an existing anchors/plugs line and trade counter.,https://irishfixings.ie/
2-importer,Ireland,IE,Masonry Fixing Services,Dublin & Lisburn,"Irish distributor of masonry/wall fixing solutions and Fischer fixings / Spit gas-cartridge tools; offices in Dublin and Lisburn; fixing, cutting and drilling solutions to trade.",P2,,3,plausible,masonryfixings.ie,Not shown (site bot-walled),,,Named specialist Fischer fixings distributor with two Irish offices; clearly on-target for cavity/wall anchors.,https://www.masonryfixings.ie/
2-importer,Ireland,IE,Trade Supplies Ireland,Ireland,"Irish trade fixture & fittings supplier providing builders and trades with fixings, fittings and site consumables nationwide.",P1,,3,plausible,tradesupplies.ie,Not shown (site bot-walled),,,"Real named trade-fixings supplier to builders; site 403-walls automated fetch so held at plausible, not confirmed.",https://tradesupplies.ie/
2-importer,Ireland,IE,GWS Cork,"Ballincollig, Co. Cork","Ballincollig (Cork) distributor/importer of fasteners and fixings — anchors, concrete screws, chemical anchors, nuts/bolts/washers, rivets — with direct Far-East manufacturer sourcing and supply-chain management for construction and electronics sectors.",P1+P2,yes,7.2,confirmed,https://www.gwscork.ie,info@gwscork.ie / +353 21 487 5878,,,B2B fixings importer/distributor already sourcing anchors in bulk from overseas factories — a credible direct-import buyer.,https://www.gwscork.ie/
2-importer,Ireland,IE,CMT Supplies Ltd,"Dundalk, Co. Louth","Dundalk distributor of industrial fasteners and fixings (self-drilling screws, structural bolting, concrete/masonry anchors, sealants) primarily to roofing/cladding contractors, rollformers and structural-steel fabricators.",P1+P2,yes,5.8,confirmed,https://www.cmtsupplies.ie,via cmtsupplies.ie/contact,,,"Genuine Irish fixings distributor with a concrete/masonry anchor range, but core market is roofing/cladding/structural — drywall cavity fit is secondary.",https://www.cmtsupplies.ie/
2-importer,Ireland,IE,FastFix Direct (Fastfix Ltd),"Dundalk, Co. Louth",Dundalk (Co. Louth) industrial fasteners and fixings distributor with a dedicated 'Anchors & Construction Fasteners' category serving the Irish trade.,P1+P2,yes,6.5,plausible,https://www.fastfixdirect.ie,see fastfixdirect.ie,,,"Real Irish fasteners distributor with an anchors/construction-fasteners line; site bot-walled (403) so verified via search, kept as plausible.",https://www.fastfixdirect.ie/product-category/anchors-construction-fasteners/
2-importer,Ireland,IE,PH Fasteners,Galway,"Galway-based fastener distributor with 25+ years' experience stocking bolts, screws, nuts, washers and concrete fixings for the trade.",P1+P2,yes,5.5,plausible,https://phfasteners.ie,see phfasteners.ie,,,"Long-established regional fastener distributor (concrete-fixing focus); site bot-walled (403) so verified via search, kept as plausible with modest drywall fit.",https://phfasteners.ie/about/
2-importer,Ireland,IE,MAK Fastener Specialists Ltd,Dublin (also Cork),"Distributor of fasteners and accessories to the roofing, cladding and general construction industries",P1+P2,yes,5,confirmed,https://www.makfasteners.com/,,,,"Multi-branch distributor (Dublin, Cork) partnering with manufacturers to distribute fasteners to construction trade; strong bulk importer profile.",https://www.makfasteners.com/
2-importer,Ireland,IE,RFS - The Fastener Company (BoltsandNuts.ie),"Baldonnell, Dublin 22",Leading supplier of fasteners and fixings to the manufacturing and construction industry since 1983,P1+P2,yes,5,confirmed,https://www.boltsandnuts.ie/,sales@rfs.ie,,,Established stockholding fastener supplier to manufacturing and construction; bulk buyer of nuts/bolts/fixings across grades and materials.,https://www.boltsandnuts.ie/
2-importer,Ireland,IE,The Bolt Store,"Donabate, Co. Dublin","Specialist supplier of construction and industrial fasteners, fixings, nuts and bolts and engineering consumables",P1+P2,yes,4,confirmed,https://www.theboltstore.ie/,info@theboltstore.ie,,,Construction/industrial fastener specialist (40+ yrs) supplying commercial customers nationwide; on-target bulk fixings buyer.,https://www.theboltstore.ie/
2-importer,Ireland,IE,SIG Ireland,"Dublin (also Cork, Limerick)","Trade distributor of interiors, drywall systems, suspended ceilings, beads/taping/jointing and insulation",P1+P2,yes,5,confirmed,https://www.sig.ie/,+353 1 623 4541,,,Major multi-branch trade distributor of drywall/interiors accessories and building products; directly on-target for drywall accessories and building materials.,https://www.sig.ie/
2-importer,Ireland,IE,Irish Building Supply,"Dun Laoghaire / Kilcoole, Dublin & Wicklow","Independent builders merchant supplying timber, plasterboard, drywall accessories, insulation and building materials",P1+P2,yes,4,confirmed,https://www.irishbuildingsupply.ie/,info@irishbuildingsupply.ie,,,"Family-owned builders merchant (50+ yrs) supplying builders, contractors and construction companies with plasterboard and drywall accessories.",https://www.irishbuildingsupply.ie/
2-importer,Ireland,IE,United Hardware (Homevalue),Dublin,"Ireland's leading buying and marketing group for builders' merchants, DIY and home & garden stores (150+ stores)",P1+P2,yes,4,confirmed,https://unitedhardware.ie/,,,,Central buying group giving 160+ independent builders merchants combined purchasing power; a high-value aggregated bulk-buying channel for hardware and building materials.,https://unitedhardware.ie/
2-importer,Ireland,IE,Appian Fasteners,Dublin (also Belfast),"B2B distributor of industrial fasteners, mechanical components and access hardware (POP-Avdel, PEM, Southco)",P1+P2,yes,4,plausible,https://appianfasteners.com/,,,,"Long-established (1967) industrial fastener distributor with a Dublin operation; clearly-real named distributor but site bot-walled (HTTP 403), so kept as plausible.",https://appianfasteners.com/
2-importer,Ireland,IE,The Bolt Company,"Ballycoolin, Dublin","Supplier of fasteners and fixings (nuts, bolts) to trade with 50+ years combined industry experience",P1+P2,yes,4,plausible,https://theboltcompany.ie/,,,,"North Dublin fasteners/fixings supplier serving trade; clearly-real named distributor but site returned HTTP 403 bot-wall, so kept as plausible.",https://theboltcompany.ie/
2-importer,Ireland,IE,McMahons Builders Providers,Limerick (nationwide branches),"National builders merchant chain supplying building materials, plasterboard and plastering products",P1+P2,yes,4,plausible,https://www.mcmahons.ie/,,,,"Long-established (since 1830) national builders merchant supplying plasterboard/drywall and building materials; on-target chain buyer but site bot-walled (HTTP 403), kept as plausible.",https://www.mcmahons.ie/
2-importer,Ireland,IE,The Panelling Centre,"Multi-branch (Dublin, Limerick, Cork, Ennis, Galway, Belfast)","Irish trade supplier of screws, nails, fixings and building hardware (plus timber, sheet materials, cabinetry) with trade accounts, credit terms and branches in Dublin, Limerick, Cork, Ennis, Galway and Belfast.",P2,yes,4,confirmed,https://www.panellingcentre.ie,,,,"Multi-branch trade merchant with dedicated screws/fixings range and trade-account/credit programme — bulk reseller buyer. Live site, branch network confirmed.",https://www.panellingcentre.ie/trade/screws-fixings.html
2-importer,Ireland,IE,Cork Builders Providers,Cork,"Large Irish builders providers / building-materials merchant supplying hardware, fixings (screws, nails, bolts, expanding bolts), plasterboard/dry lining, timber and general construction supplies to trade.",P2,yes,4,confirmed,https://www.corkbp.ie,+353 21 496 1700,,,"Established builders-providers merchant carrying fixings and plasterboard for the construction trade — merchant buyer for imported fixings/anchors. Live site, branch locator and phone confirmed.",https://www.corkbp.ie/all-products/hardware-1/screws-nails-fixings.html
2-importer,Ireland,IE,Tennants Building Products,"Dublin, Cork, Belfast (depots)","Ireland's largest independent distributor of dry lining, suspended ceilings, insulation and partition systems; distributor (not manufacturer) working with leading manufacturers, with depots in Dublin, Cork and Belfast.",P2,yes,4,confirmed,https://tennantsbp.com,Dublin 01 450 3480 / Cork 021 245 5500 / info@tennants.ltd,,,"Ireland's largest specialist drywall/dry-lining distributor — the closest category match to plasterboard fixings/drywall accessories; a natural channel for imported drywall anchors. Live site, depots and phones confirmed.",https://tennantsbp.com/services/drywall-systems/
2-importer,Ireland,IE,T. McCann & Co Ltd,"South Circular Road, Dublin 8","Dublin family builders providers (est. 1976, Topline group) supplying building materials, fixings, nuts/bolts/nails, plasterboard/drywall, ironmongery and adhesives to trade and DIY.",P2,yes,4,confirmed,https://www.tmccanns.ie,info@tmccann.ie / +353 1 453 3335,,,"Independent builders provider stocking fixings and plasterboard for the trade (Topline-affiliated buying power) — merchant buyer. Live site, address and contact confirmed.",https://www.tmccanns.ie/
2-importer,Ireland,IE,Eurosales (FEGIME),"Ringsend, Dublin 4","Dublin-based independent wholesale group (Ireland's largest independent electrical wholesale group, FEGIME member) that also stocks and resells a plasterboard-fixings/fasteners category (toggle, hammer-in, wall plugs) to trade.",P2,yes,3,confirmed,https://www.eurosales.ie,webshop@eurosales.ie / +353 1 830 0937,,,"Trade wholesaler that actively resells plasterboard fixings, though its core is electrical — a secondary-fit reseller buyer. Live site, registration and fixings SKUs confirmed; kept at tier 3 given the off-core focus.",https://www.eurosales.ie/plasterboard-fixings/c-5361.html
2-importer,Ireland,IE,Brooks Builders Merchants,"Dublin (multi-branch, incl. Cork)","Established Irish builders merchant / building-materials provider supplying fixings, hardware, plasterboard/drywall and general building supplies to the trade across multiple branches.",P2,yes,4,plausible,https://brooksonline.ie,,,,"Well-known national builders merchant carrying fixings and drywall — merchant buyer, but homepage returned HTTP 403 (bot-walled). Marked plausible.",https://brooksonline.ie/
2-importer,Ireland,IE,CORE Builders Providers,Dublin,"Dublin builders providers / quality building-supplies merchant serving the construction trade with building materials, fixings and hardware.",P2,yes,3,plausible,https://corebuild.ie,,,,"Named Dublin builders-providers merchant — merchant buyer, but the site refused the connection at fetch time (could not verify content). Marked plausible.",https://corebuild.ie/
2-importer,Ireland,IE,Grip Fix Ireland,Co. Meath,Co. Meath-based Irish supplier/distributor of building products and fixings with a nationwide sales team delivering to builders on-site and to merchants.,P2,yes,3,plausible,https://gripfix.ie,,,,"Named Irish building-products distributor supplying merchants and builders — on-target reseller, but the site returned HTTP 500 on repeated fetches. Marked plausible.",https://gripfix.ie/
2-importer,Ireland,IE,Anchor Bay (Construction Accessories),Naas,"Naas, Co. Kildare specialist distributor of construction accessories and fixings to the construction, civil and precast industries since 1992, distributing Rawl, Ancon and Leviat anchor systems.",P1+P2,yes,80,confirmed,https://anchorbay.ie,sales@constructionaccessories.ie,,,Dedicated anchors/fixings distributor to the construction sector — squarely on-target for P1 drywall/cavity and structural anchors.,https://anchorbay.ie/
2-importer,Ireland,IE,Hassett Nut & Bolt,Limerick,"Limerick (Ashbourne Business Park, Dock Road) distributor of bolts, nuts and industrial fasteners with a trade-counter service.",P1+P2,yes,64,plausible,https://www.hassetts.ie,,,,Named regional industrial-fastener distributor (Limerick); site had a misconfigured TLS cert / bot-wall so kept as plausible.,http://www.hassetts.ie/
2-importer,Ireland,IE,Interior Building Products (IBP),"Blanchardstown, Dublin 15","Distributor of interior building products - ceilings, drylining, insulation",P1+P2,yes,4.3,confirmed,https://www.ibpi.ie/,01 8829 317 / sales@ibpi.ie,,,"100% Irish-owned distributor of suspended ceilings, drylining, insulation and related fixings/hardware to commercial fit-out sector, warehouse stock + next-day delivery. Strong drywall-accessory fit.",https://www.ibpi.ie/
2-importer,Ireland,IE,Irish Wire Products Ltd,Limerick,"Wholesale/merchant of drywall fixings, building materials & wire",P1+P2,yes,4,confirmed,https://www.irishwire.com/,+353 (0)61 221 100,,,Family-owned Limerick distributor/merchant (since 1935) with a drywall-fixings and building-materials range and dedicated wholesale trade accounts. On-target for the trade/wholesale side (retail present but genuine B2B).,https://www.irishwire.com/
2-importer,Ireland,IE,TJ O'Mahony,Dublin,Builders provider / building-materials merchant supplying trade and DIY across multiple branches,P1+P2,yes,4.2,confirmed,https://tjomahony.ie,,,,Established multi-branch Irish builders provider stocking metal stud/drylining systems and building materials; on-target trade merchant.,https://tjomahony.ie/
2-importer,Slovakia,SK,"Würth Slovensko, s.r.o.",Bratislava,"National distributor of fasteners, anchoring technique and assembly products (125k+ SKUs), trade/professional focus with full e-shop and branch network.",P1+P2,yes,4.6,plausible,wurth.sk,,,,Largest MRO/fastener distributor in SK; carries anchoring range incl. cavity fixings. Site 403 bot-walled but company is unambiguously real and on-target.,https://eshop.wurth.sk/sk/SK/EUR/
2-importer,Slovakia,SK,"DEK (DEKTRADE SK, s.r.o.)",Bratislava,"Building-materials merchant chain, ~19 specialized stores across Slovakia, trade + professional advisory, metalworking workshops.",P1+P2,yes,4.3,confirmed,dek.sk,"+421 911 201 201, stavebniny@dek.sk",,,"Major national building-materials chain (33 yrs, 19 stores) carrying fasteners/fixings incl. drywall systems; strong volume buyer of anchors.",https://dek.sk/
2-importer,Slovakia,SK,BigMat Slovakia,Bratislava (network-wide),"Building-materials retail/trade chain (23+ branches) supplying plastic, steel and chemical anchors plus screws, adhesives and sealants to pros and DIY.",P1+P2,yes,4.2,confirmed,bigmat.sk,,,,Explicitly lists plastic/steel/chemical anchoring systems; national branch network; serves professionals — genuine bulk buyer of cavity fixings.,https://www.bigmat.sk/spojovaci-material/
2-importer,Slovakia,SK,FEVA Slovakia SK s.r.o.,Bratislava,Fastener and anchoring-technique supplier since 1996; e-shop plus B2B partner discounts and bulk quotes.,P1+P2,yes,4.5,confirmed,feva.sk,"+421 903 45 55 33, feva@feva.sk",,,Leading SK fastener supplier explicitly listing plasterboard/drywall anchors; offers partner discounts and bulk pricing — strong direct fit.,https://feva.sk/eshop/
2-importer,Slovakia,SK,"D.M.P. STEEL, s.r.o.",Bratislava,"Fastener and anchoring-material distributor (since 2002); store + e-shop, wholesale and retail, registered-customer discounts.",P1+P2,yes,4.5,confirmed,dmpsteel.sk,"+421 2 4446 1161, predaj@dmpsteel.sk",,,Catalog explicitly lists drywall anchors among a full dowel/anchor range; wholesale channel — clean on-target distributor.,https://www.dmpsteel.sk/
2-importer,Slovakia,SK,"CONTEC PLUS, s.r.o.",Bratislava / Nitra,Fastening & anchoring-material distributor (28 yrs); Bratislava wholesale (contract partners) + Nitra retail showroom.,P1+P2,yes,4.5,confirmed,contec.sk,"+421 2 4487 1976, contec@contec.sk",,,Explicitly carries TURBO drywall anchors and cavity anchors across 190+ dowel products; dedicated wholesale arm for contract partners.,https://www.contec.sk/
2-importer,Slovakia,SK,V-Spoj s.r.o.,Zvolen,"Fastener/anchoring distributor, 40k+ items in stock; store in Zvolen plus online, wholesale and retail with next-day delivery.",P1+P2,yes,4.3,confirmed,vspoj.sk,"+421 905 430 728, vspoj@vspoj.sk",,,40k-SKU fastener/anchoring range explicitly including cavity anchors; wholesale channel — solid regional distributor.,https://www.vspoj.sk/
2-importer,Slovakia,SK,"REBIOP, s.r.o.",Zlaté Moravce,"Fastener wholesaler (veľkoobchod) 30+ yrs; HQ Zlaté Moravce, showroom Rimavská Sobota; wholesale + retail.",P1+P2,yes,4.1,confirmed,rebiop.sk,"0905 390 508, rebiop@rebiop.sk",,,"Established fastener wholesaler stocking multiple anchor lines; genuine bulk buyer, though cavity-specific line to be confirmed on order.",https://www.rebiop.sk/catalog/375/spojovaci-material
2-importer,Slovakia,SK,"Zemplín (ZEMPLÍN, s.r.o.)",Žilina / Humenné,Wholesaler of fastening and anchoring material (plus supplies for woodworkers); locations in Žilina and Humenné.,P1+P2,yes,3.8,plausible,zemplin.sk,,,,Named fastener/anchoring wholesaler with two branches; site rendered too heavy to fully fetch but company is real and on-target.,https://www.zemplin.sk/
2-importer,Slovakia,SK,Šrouby online (sroubyonline.sk),,"Wholesale fastener/anchoring distributor, 40k+ items, from 1 piece; expansion & plastic anchor categories; free shipping over EUR 209.",P1+P2,yes,3.9,confirmed,sroubyonline.sk,"info@sroubyonline.cz, +420 355 335 630 (contact: Roman Havlíček)",,,Fastener wholesaler operating a Slovak storefront with broad anchoring range; CZ contact details but serves SK market — bulk buyer.,https://www.sroubyonline.sk/
2-importer,Slovakia,SK,TECHMAT (TECHMAT-sk.eu / techmat-vo.eu),,"Fastener distributor with a dedicated wholesale partner shop (techmat-vo.eu); 2,500+ fastener SKUs incl. anchors.",P1+P2,yes,4,confirmed,techmat-sk.eu,"0907 800 441, objednavky@techmat-sk.eu",,,Explicitly lists 'Hmoždinky do sadrokartónu' (drywall anchors); runs a B2B wholesale shop — direct on-target buyer.,https://www.techmat-sk.eu/obchod/spojovaci-material/c-14.xhtml
2-importer,Slovakia,SK,"GIPSOL, s.r.o.",Bratislava,"Drywall-systems and dry-construction distributor; ~129 fastener SKUs incl. cavity anchors; trade + retail e-shop (brands Hilti, Knauf, Würth, Rigips).",P1+P2,yes,4.2,confirmed,suchavystavba.sk,"0940 600 891, obchod@gipsol.sk",,,Drywall-systems specialist explicitly stocking cavity anchors and special metal anchors for plasterboard — precise product fit.,https://www.suchavystavba.sk/sadrokartonove-systemy/skrutky-a-hmozdinky/
2-importer,Slovakia,SK,Smart s.r.o.,Trnava,Fastener distributor based in Trnava (spojovací materiál).,P1+P2,,3.4,plausible,smartsro.sk,,,,Real named regional fastener distributor; site 403 bot-walled so cavity-anchor line unconfirmed but category and company are on-target.,https://www.smartsro.sk/
2-importer,Slovakia,SK,Woodcote Slovakia (woodcote.sk),,Distributor of dry-construction / drywall fixings and fasteners (spojovací materiál na sadrokartón).,P1+P2,,3.5,plausible,woodcote.sk,,,,Runs a dedicated 'drywall fastening material' category; site 403 bot-walled but company is a real construction-fixings distributor — on-target.,https://eshop.woodcote.sk/spojovaci-material-na-sadrokarton
2-importer,Slovakia,SK,Okentěs Slovakia (okentes.sk),,Hardware/fittings distributor for trades and retail; stocks Rawlplug anchoring/fixing products.,P1+P2,,3.2,plausible,okentes.sk,,,,"Trade-oriented fittings/hardware distributor carrying the Rawlplug anchor range; fixings are secondary to door/window fittings, so a modest but real fit.",https://www.okentes.sk/rawlplug/
2-importer,Slovakia,SK,"FABORY - SLOVAKIA, s.r.o.",Poprad,"Distributor/wholesaler of fasteners, tools and industrial products (Fabory group)",P1+P2,yes,4.8,confirmed,https://www.fabory.sk,,,,Major international B2B fastener distributor with a dedicated Slovak arm; core on-target buyer for imported fasteners/fixings.,https://www.fasteners.eu/company/detail3510/
2-importer,Slovakia,SK,BUFAB Slovakia s.r.o.,Banska Bystrica,"Wholesale of fasteners (DIN/ISO/CSN, ~50,000 SKU) plus anchoring and facade fixings (Fischer, Friulsider)",P1+P2,yes,4.8,confirmed,https://www.bufab.sk,,,,"Large, verified fastener wholesaler (Bufab group) carrying tens of thousands of standard fastener SKUs; textbook bulk importer/distributor.",https://www.fasteners.eu/company/detail3518/
2-importer,Slovakia,SK,"METALVIS SLOVAKIA, spol. s r.o.",Povazany,Wholesale and retail of connecting/fastening material (Metalvis group),P1+P2,yes,4.6,confirmed,https://www.metalvis.sk,,,,Established Slovak fastener wholesaler/distributor; directly on-target for fasteners and fixings.,https://www.fasteners.eu/company/detail3470/
2-importer,Slovakia,SK,Foerch Slovensko s.r.o.,Zilina,"Distributor of professional tools, fasteners and maintenance chemicals (Foerch group)",P1+P2,yes,4.5,confirmed,https://www.forch.sk,,,,Well-known B2B distributor of fasteners and workshop consumables with a Slovak subsidiary; strong bulk buyer.,https://www.fasteners.eu/company/detail3534/
2-importer,Slovakia,SK,J.K.SCHRAUBEN s.r.o.,Svaty Jur / Bratislava,"Wholesale/retail distributor of fasteners, anchoring & riveting technique, building chemistry and tools",P1+P2,yes,4.6,confirmed,https://www.jkschrauben.sk,jur@jkschrauben.sk / +421 2 4363 1536,,,"Active since 2002, verified fastener/fixings distributor carrying Fischer, EMHART-POP/AVDEL etc.; clear on-target importer.",https://www.jkschrauben.sk/en/
2-importer,Slovakia,SK,"PEGAS (building materials, Liptovsky Hradok)",Podturen-Roven (Liptovsky Hradok),"Wholesale distributor of building materials, drywall/plasterboard systems, insulation (authorized KNAUF dealer)",P1+P2,yes,4.5,confirmed,https://pegaslh.sk,pegaslh@hradok.net / +421 905 252 169,,,"25+ yr KNAUF-authorized drywall/building-materials wholesaler stocking drywall accessories, profiles and fasteners; strong drywall-accessory buyer.",https://pegaslh.sk/
2-importer,Slovakia,SK,"PHOBOS Corporation, spol. s r.o.",Sala,"Ironware wholesale (locks, fittings, garden tools, jointing/fastening material) plus online sales",P1+P2,yes,4.2,confirmed,https://www.phobos.sk,,,,Verified ironware/builder's-hardware wholesaler carrying fittings and jointing/fastening material; on-target hardware buyer.,https://www.fasteners.eu/company/detail3512/
2-importer,Slovakia,SK,V.P.F. MEDIUM s.r.o.,Bratislava,Wholesaler of construction and furniture fittings/hardware,P1+P2,yes,4.1,confirmed,https://www.vpfmedium.sk,,,,Dedicated wholesaler of construction and furniture fittings; on-target builder's-hardware/fixings distributor.,https://www.fasteners.eu/company/detail3514/
2-importer,Slovakia,SK,"FERROTECH MasterCraft, s.r.o.",Nove Zamky,"Wholesale and retail of fasteners including stainless steel screws, nuts, washers",P1+P2,yes,4.2,confirmed,https://www.ferrotech.sk,,,,Verified fastener wholesaler/retailer with a stainless-steel focus; directly on-target.,https://www.fasteners.eu/company/detail3511/
2-importer,Slovakia,SK,"FERODOM, s.r.o.",Zilina,Sale/distribution of fasteners and anchoring equipment,P1+P2,yes,4.1,confirmed,https://www.ferodom.sk,,,,Distributor of fasteners and anchoring technique; squarely on-target for fixings.,https://www.fasteners.eu/company/detail3513/
2-importer,Slovakia,SK,"ENTO Zeleziarstvo, s.r.o.",Bratislava,"Wholesale of fittings, tools, fasteners and anchoring technique",P1+P2,yes,4.1,confirmed,https://www.ento.sk,,,,"Ironmongery/fastener wholesaler carrying fittings, fasteners and anchoring systems; on-target hardware buyer.",https://www.fasteners.eu/company/detail3487/
2-importer,Slovakia,SK,BRUKON s.r.o.,Bratislava,"Wholesale/retail of metal, fastening, welding & electrical material (nuts, rivets, chipboard screws, fasteners, discs)",P1+P2,yes,4,confirmed,https://www.brukon.sk,,,,"Verified fastener/metal-material wholesaler stocking screws, nuts and rivets; on-target buyer.",https://www.fasteners.eu/company/detail3476/
2-importer,Slovakia,SK,bitGROUP s.r.o.,Velke Orviste,"Distributor of industrial fasteners (self-clinch, rivet nuts, weld nuts, blind rivets) + sheet-metal services",P1+P2,yes,4,confirmed,https://bitgroup.sk,bitgroup@bitgroup.sk / +421 940 620 089,,,Verified specialist fastener distributor with direct contact details; on-target for imported fastening components.,https://bitgroup.sk/kontakt
2-importer,Slovakia,SK,VISIMPEX spol. s r.o. (Slovakia),Nove Mesto nad Vahom,"Wholesale of fasteners mainly for furniture, joinery, metal and construction industries",P1+P2,yes,4.2,confirmed,https://www.visimpex.com,,,,Established fastener wholesaler (Visimpex group) serving construction and industry; on-target bulk buyer.,https://www.fasteners.eu/company/detail3481/
2-importer,Slovakia,SK,PRODUKT GROUP s.r.o.,Jablonica,"Wholesale distributor of drywall systems, insulation, gypsum plasters and construction chemistry (Rigips/Isover/KNAUF reseller)",P1+P2,yes,4.3,confirmed,https://www.produkt-sk.sk,produkt.tt@gmail.com / +421 903 450 826,,,"Dry-construction wholesaler distributing drywall systems, profiles and accessories for major brands; strong drywall-accessory buyer.",https://www.produkt-sk.sk/
2-importer,Slovakia,SK,ERANSA s.r.o.,Podolinec,"Wholesale/retail of building profiles, tools, drywall, accessories & elements for drywall, insulation and construction foils",P1+P2,yes,4.1,confirmed,https://www.eransa.sk,0917 836 207,,,"Wholesaler focused on drywall systems, profiles and accessories; directly on-target for drywall accessories/fixings.",https://www.eransa.sk
2-importer,Slovakia,SK,BauSHOP s.r.o. (Stavebniny Siroke),Siroke (Presov district),Building-materials merchant with wholesale warehouse and drywall systems (sadrokarton) supply/realization,P1+P2,yes,3.8,confirmed,https://baushop.sk,baushopsiroke@gmail.com,,,Building-materials merchant with a wholesale warehouse and dedicated drywall assortment; on-target for building materials and drywall accessories.,https://baushop.sk/kontakt/
2-importer,Slovakia,SK,"SPOJAK / MNP, s.r.o.",Slovakia,Ironmongery (zeleziarstvo) retail and wholesale of fasteners and hardware goods,P1+P2,yes,3.5,plausible,https://spojak.sk,,,,Real named ironmongery operating retail + wholesale of fasteners under MNP s.r.o.; website returned a 403 bot-wall so kept as plausible.,https://www.zoznam.sk/katalog/Stavba-dom-dielna/Stavebniny/Spojovaci-material/Velkoobchody.html
2-importer,Slovakia,SK,"VKP STEEL, s.r.o.",Banská Bystrica,"Wholesale & retail distributor of fastening and anchoring material (60,000+ product lines; Fischer, Domax partner)",P1+P2,yes,4.5,confirmed,https://www.vkpsteel.com,,,,"Since 2008, ~20,000 stocked items of spojovací a kotviaci materiál — a genuine wholesale fastener merchant",https://www.vkpsteel.com/
2-importer,Slovakia,SK,ERIO spol. s r.o.,Nitra,"Wholesale & retail fastener/anchoring distributor (35+ yrs; wholesale base in Nitra, 4 branches)",P1+P2,yes,4.4,confirmed,https://www.erio.sk,,,,Long-established Slovak fastener distributor with a dedicated wholesale operation — strong on-target buyer,https://www.erio.sk/
2-importer,Slovakia,SK,KAJO s.r.o.,Slovakia,"B2B wholesaler of packaged fastening material (screws, nuts, rivets)",P1+P2,yes,3.6,plausible,https://www.kajo.sk,,,,Runs an explicit B2B veľkoobchod for baleny spojovací materiál; website bot-walled (403) so kept as plausible pending direct contact,https://www.kajo.sk/info/b2b
2-importer,Spain,ES,MAS Fijacion (Mayorista de Anclajes y Soportacion SL),"Bergondo, A Coruna (Galicia)","Fixings wholesaler/distributor (mayorista) with ~13,000 references in stock across plastic/metal/chemical fixings and a dedicated drywall/plasterboard (Carton yeso) category; 24/48h Iberia-wide delivery.",P1+P2,yes,5,confirmed,https://www.masfijacion.es,compras@masfijacion.es,,,"Pure fixings wholesaler that explicitly stocks and resells plasterboard/cavity anchors and publishes a purchasing email (compras@) — direct-fit reseller buyer. Site opened live, drywall category and multiple contacts confirmed.",https://www.masfijacion.es/
2-importer,Spain,ES,AFT Grupo,Granada,"Hardware wholesaler/distributor (mayorista de ferreteria), B2B only (site states 'solo venta a tiendas y empresas minoristas y mayoristas'), 30,000+ products incl. anchors and fixings.",P1+P2,yes,5,confirmed,https://www.aftgrupo.com,info@aftgrupo.com,,,"B2B-only hardware wholesaler that resells anchors/fixings to shops — a clear reseller/importer-style buyer. Site opened live; explicit B2B-only policy confirmed (drywall-anchor sub-category on product pages, homepage lists anchors among categories).",https://www.aftgrupo.com/productos/categoria/anclajes-y-otras-fijaciones
2-importer,Spain,ES,Worldfast,"Vilafranca del Penedes, Barcelona","Dedicated fastener/anchor importer (importacion de tornilleria since 1995) sourcing bolts, screws, nuts, washers, anchors and rivets mainly from Asian factories; warehouse in Barcelona province.",P1+P2,yes,4,confirmed,https://worldfast.es,info@worldfast.es,,,Dedicated importer of fasteners and anchors from Asia — the ideal profile to source and re-import cavity/toggle anchors from a new overseas supplier. Site opened live; Asian-import focus and anchor line confirmed.,https://worldfast.es/en/about-us/
2-importer,Spain,ES,Escourt S.L.,"Mostoles, Madrid","Wholesale distributor/importer of industrial fasteners since 1993 (bolts, nuts, washers, threaded rods, rivets, metal anchors, custom parts); serves the construction sector; Mostoles office + Santa Olalla (Toledo) warehouse.",P2,yes,4,plausible,https://www.escourt.es,ventas@escourt.es,,,"Wholesale fastener distributor supplying the construction trade — a genuine buyer of metal cavity anchors/toggle bolts for resale. Site opened live, construction sector confirmed; specific anchor SKUs not shown on-page so held at plausible.",https://www.escourt.es/tornilleria-y-tecnicas-de-union/
2-importer,Spain,ES,IPM (Ipmfix),Vitoria-Gasteiz,"Distributor/wholesaler ('comercializacion y distribucion') of all types of screws and fixings (tornilleria y fijaciones) since 1988, plus cable/lifting accessories.",P1+P2,yes,3,plausible,https://www.ipmfix.com,info@ipmfix.com,,,Established general fasteners/fixings distributor whose fijaciones range typically includes wall/cavity anchors; realistic reseller buyer but product fit not confirmed on-page. Site opened live.,https://www.ipmfix.com/en/
2-importer,Spain,ES,Incremental,"Bergondo, A Coruna","Online industrial supplier (B2B for empresas/autonomos with volume discounts, but also sells to particulares); carries INDEX fixing systems including drywall tacos.",P1,,2,plausible,https://www.incremental.es,info@incremental.es,,,"Live distributor carrying INDEX drywall/cavity tacos with B2B volume discounts, but mixed retail/consumer focus makes it a weaker, secondary buyer. Site opened live; not retail-only (serves empresas/autonomos) so kept at plausible.",https://www.incremental.es/collections/index-sistemas-de-fijacion
2-importer,Spain,ES,"Würth España, S.A.",Palau-solità i Plegamans (Barcelona),"National B2B distributor of fasteners, fixings and anchors to professionals",P1+P2,yes,5,confirmed,https://www.wurth.es,900 901 917 / tiendawurth@wurth.es,,,"Pure B2B distributor with a dedicated anchors/fijaciones catalog including nylon and metal cavity plugs; 140k+ references, 24-48h nationwide delivery",https://www.wurth.es/empresa
2-importer,Spain,ES,"Berner Montaje y Fijación, S.L. (Berner España)",Chauchina (Granada),"National B2B distributor of fixings, screws and anchors for professionals",P1+P2,yes,4.7,confirmed,https://shop.berner.eu/es-es,958218413,,,Online B2B distributor with a full 'Tornillería y anclajes' catalog including drywall panel screws and plug/frame fixings,https://shop.berner.eu/es-es/dc/43287529-tornilleria-y-anclajes/
2-importer,Spain,ES,"Cofan La Mancha, S.A. (Grupo Cofan)",Campo de Criptana (Ciudad Real),"National B2B wholesaler/distributor of hardware, fasteners, fixings and anchors",P1+P2,yes,4.6,confirmed,https://www.cofan.es,+34 926 563 928,,,"Veteran national hardware wholesaler carrying fasteners, fixings and anchors across 30+ categories; supplies a large authorized-distributor network",https://www.cofan.es/
2-importer,Spain,ES,"Ehlis, S.A. / Cadena88",Illescas (Toledo) / Barcelona,Largest national hardware (ferretería) wholesale distribution group in Spain,P1+P2,yes,4.5,plausible,https://www.cadena88.com,,,,"Ehlis is Spain's largest hardware distributor; Cadena88 groups ~1,425 stores. Homepage is bot-walled (403) but the group is well-documented and clearly real",https://www.cadena88.com/es/quienes-somos
2-importer,Spain,ES,Comafe (Cooperativa Madrileña de Ferreteros),Getafe (Madrid),National hardware wholesale cooperative (ferrOkey / ferrCASH),P1+P2,yes,4.4,confirmed,https://www.comafe.es,"Getafe, Madrid HQ",,,"Established 1968 hardware cooperative/wholesaler with 152 members, 226 retail locations and 55k SKUs; ferretería scope covers fixings and anchors",https://www.comafe.es/
2-importer,Spain,ES,LUSAN (Fijaciones y Anclajes),Castellar del Vallès (Barcelona),"Manufacturer & distributor of anchors, screws and fixings",P1+P2,yes,4.2,confirmed,https://www.lusan.es,+34 93 714 45 61 / lusan@lusan.es,,,"Distributes (as well as makes) anchors, screws and fixings incl. nylon/hollow-wall — a genuine reseller channel for cavity anchors",https://www.lusan.es/es
2-importer,Spain,ES,Sumicat (Suministros),El Prat de Llobregat (Barcelona),B2B wholesaler/distributor of industrial fasteners and fixings,P1+P2,yes,4,confirmed,https://www.sumicat.es,93 378 80 80 / comercial@sumicat.es,,,Self-described 'principal mayorista en fijaciones' distributing anchors and fixing elements to businesses,https://www.sumicat.es/fijaciones-tornilleria-industrial/
2-importer,Spain,ES,"Hispanox, S.A.",,"B2B distributor/wholesaler of stainless, steel and high-resistance fasteners",P1+P2,,3.8,confirmed,https://www.hispanox.com,,,,"ISO-9001 fasteners distributor ('líderes en tornillería') stocking screws, nuts, washers and anchors — a fit channel for cavity fixings",https://www.hispanox.com/es/
2-importer,Spain,ES,Misterfer,,B2B wholesale hardware (ferretería) distributor serving all of Spain,P1+P2,,3.5,confirmed,https://misterfer.com,WhatsApp +34 605603617,,,"Distribuidor mayorista de ferretería (est. 2016) supplying tools, fasteners and fixings to pros and re-sellers nationwide",https://misterfer.com/
2-importer,Spain,ES,Chavesbao,Larrabetzu (Bizkaia),"B2B distributor/wholesaler of fasteners (tornillería) and welding supplies; 60 years, national + international, Kanban/custom packaging.",P1+P2,yes,5,confirmed,chavesbao.com,info@chavesbao.com,,,"Website confirms wholesale fastener + welding distribution (info@chavesbao.com) with warehouse in Trapagarán — established fixings distributor, not a manufacturer.",https://www.chavesbao.com/
2-importer,Spain,ES,Ferruxe Zeltia International,"Sada, A Coruña (Galicia)","Wholesale industrial supplier of fasteners, metal & nylon fittings, anchors, nylon plugs, rivets, drills, abrasives; multilingual catalogue, sells across Iberia/France/Italy.",P1+P2,yes,4,confirmed,ferruxe.es,ferruxe@ferruxe.com,,,"Confirmed wholesale distributor of fasteners/anchors/nylon plugs (ferruxe@ferruxe.com, +34 981 631 820) — on-target for fixings incl. cavity/plug anchors.",https://ferruxe.es/que-hacemos.html
2-importer,Spain,ES,Galyferr,"Culleredo, A Coruña (Galicia)","B2B wholesaler/distributor of industrial supplies, hardware and fasteners (tornillería) since 1991; represents multiple brands plus own labels.",P1+P2,yes,4,confirmed,galyferr.com,info@galyferr.com,,,"Site confirms a 30+ year fasteners/hardware distributor (info@galyferr.com, +34 981 66 77 88) targeting professionals — on-target builder's-hardware/fixings wholesaler.",https://galyferr.com/
2-importer,Spain,ES,Damesa,Castellar del Vallès (Barcelona),"B2B distributor/wholesaler of fasteners, metal clamps, cables, chains, chemical anchors and PPE for construction/automotive/industry.",P1+P2,yes,4,confirmed,damesa.com,damesa@damesa.com,,,Site confirms wholesale distribution incl. chemical anchors and fasteners (damesa@damesa.com) to the construction sector — on-target fixings/anchors distributor.,https://www.damesa.com/
2-importer,Spain,ES,Andalinox,Dos Hermanas (Sevilla),"20+ year distributor of fasteners and fixing systems: bolts, screws, nuts, washers, threaded rods, rivets, anchors, chains — stainless and steel grades.",P1+P2,yes,4,confirmed,andalinox.es,+34 954 12 53 02,,,"Site confirms a fasteners/fixing-systems distributor (+34 954 12 53 02) carrying anchoring products — on-target, not a manufacturer.",https://andalinox.es/g/17-anclajes
2-importer,Spain,ES,TGM Suministros,Lorquí (Murcia),"B2B industrial-supply distributor of fasteners/fijaciones, abrasives, lifting, cutting/drilling, welding; distributes Index, Bralo, Mikalor, Chavesbao, Hispanox.",P1+P2,yes,4,confirmed,tgmsuministros.com,info@tgmsuministros.com,,,"Site confirms distributor (not manufacturer) of fasteners/fixings incl. Index anchors (info@tgmsuministros.com, 868 456 920) — on-target fixings distributor.",https://tgmsuministros.com/fijacion-tornilleria/
2-importer,Spain,ES,Proton Fasteners S.L.,Cubelles (Barcelona),"Importer/distributor of high-strength and special fasteners for naval, automotive, metal-construction and structures; sells across Europe and USA.",P1+P2,yes,3,confirmed,protonsl.com,,,,"Confirmed importer/distributor (not maker) of high-strength fasteners for metal construction/structures — on-target for fasteners, though industrial rather than drywall-specific.",https://protonsl.com/en/empresa/
2-importer,Spain,ES,Sagar Fijaciones,Valencia,"Family-run distributor of industrial supplies, especially screws and fasteners; ~10,000 references certified by major EU makers; serves construction/installation/woodwork/metalwork; <48h delivery.",P1+P2,yes,3,plausible,sagarfijaciones.com,,,,"Root site is bot-walled (HTTP 403), but multiple business directories (metalindustria, einforma) confirm a real 20+ year fasteners/fijaciones distributor in Valencia serving construction — clearly-real named distributor.",https://www.metalindustria.com/empresas/sagar-fijaciones-sl
2-importer,Spain,ES,Mainfer,Zaragoza,"Industrial-supply and ferretería distributor with professional/business accounts; construction materials, tools, fasteners, adhesives, abrasives; branches in Zaragoza and Madrid.",P1+P2,yes,3,confirmed,mainfer.com,+34 976 473 359,,,Site confirms an industrial-supply/hardware distributor with dedicated professional accounts and construction-materials range (+34 976 473 359) — on-target builder's-hardware distributor; mixed B2B/B2C so tiered lower.,https://www.mainfer.com/
2-importer,Spain,ES,Esteba,Figueres / Girona (Cataluña),"Distributor of wood and hardware/building materials since 1969; 13,000+ products incl. fasteners, anchors, hinges, tacos para pladur; 8 branches across Catalonia and Valencia; up to 60% professional discounts.",P1+P2,yes,3,confirmed,esteba.com,fustesgirona@esteba.com,,,Site confirms a multi-branch building-materials/hardware distributor with professional pricing and a dedicated tacos-para-pladur (drywall fixings) range — on-target for builder's hardware and drywall accessories.,https://www.esteba.com/es/tacos-para-pladur
2-importer,Spain,ES,Rosmil,Arrigorriaga (Bizkaia),"Distributor/wholesaler of industrial fasteners and fixing elements (20,000+ references)",P1+P2,yes,8.8,confirmed,https://www.rosmil.com,rosmil@rosmil.com,,,"Confirmed fastener distributor with automated warehouse, 95%+ stock, 24h delivery; core on-target.",https://www.rosmil.com/
2-importer,Spain,ES,Grupo Desa,Valls (Tarragona),Distributor of industrial screws and fixings (also manufactures some lines),P1+P2,yes,8.5,confirmed,https://www.desa.es,info@grupodesa.es,,,"'Your fastening partner' B2B fixings distributor serving construction, installation, woodworking, industry; on-target.",https://www.desa.es/
2-importer,Spain,ES,Suministros Union Acosta,L'Hospitalet de Llobregat (Barcelona),"Distributor of industrial fasteners, tools and maintenance supplies (50,000+ references)",P1+P2,yes,8.4,confirmed,https://www.s-union.es,comercial@s-union.es,,,"Since 1993, own Barcelona warehouse, official distributor for major brands; fastening/fixing core is on-target.",https://www.s-union.es/
2-importer,Spain,ES,Torfiga (Tornilleria y Fijaciones de Galicia),Cambre (A Coruna),Distributor of fasteners and fixings for industrial sectors,P1+P2,yes,8.3,confirmed,https://torfiga.com,torfiga@torfiga.com,,,"Since 2004, ISO 9001:2015 fastener/fixing distributor serving naval, construction, railway, automotive; on-target.",https://torfiga.com/
2-importer,Spain,ES,Suministros Ria,Carral (A Coruna),Distributor of fasteners and industrial supplies (also some retail),P1+P2,yes,7.7,confirmed,https://www.suministros-ria.com,suministros@a-ria.com,,,"Family fastener distributor since 1998 serving 'grandes cantidades'; primarily distribution, on-target though mixed retail.",https://www.suministros-ria.com/
2-importer,Spain,ES,Suministros Intec,Alicante,Distributor of industrial supplies including fasteners and chemical anchors,P1+P2,yes,7.4,confirmed,https://suministrointec.com,info@suministrointec.com,,,Multi-brand industrial distributor with a genuine fasteners/anchors line; on-target though broader than fixings only.,https://suministrointec.com/
2-importer,Spain,ES,Dispragua,Granada (Andalusia),Wholesale distributor of ferreteria and building/industrial supplies,P1+P2,yes,7.2,confirmed,https://www.dispragua.es,ventas@dispragua.com,,,Self-described 'distribuidores mayoristas' with direct manufacturer relationships serving construction/renovation/industrial maintenance; on-target builder's hardware/materials.,https://www.dispragua.es/
2-importer,Spain,ES,VicHome,Spain,"Online industrial hardware distributor for companies and professionals (B2B, volume discounts)",P1+P2,yes,7,confirmed,https://vichome.es,contacto@vichomeshop.com,,,'Ferreteria industrial online para empresas y profesionales' with volume discounts and authorized-distributor status; B2B on-target.,https://vichome.es/
2-importer,Spain,ES,Perfiles y Placas (Perfyplac),Spain,"Official Pladur distributor - drywall systems, profiles and accessories",P1+P2,yes,6.6,plausible,https://www.perfilesyplacas.com,,,,Clearly real official Pladur (drywall) distributor per multiple independent sources; site TLS certificate expired so content could not be fetched this session.,https://www.perfilesyplacas.com/
2-importer,Spain,ES,SIA Suministros,Spain,"Distributor of industrial fasteners and fixings (online, ships across Spain/Portugal)",P1+P2,,6.4,plausible,https://siasuministros.com,,,,Clearly real named fastener distributor (dedicated 'fijacion-y-montaje/tornilleria' catalogue) confirmed via search; server refused connection during verification.,https://siasuministros.com/fijacion-y-montaje/tornilleria
2-importer,Spain,ES,Exclusivas Gibalto,Spain,"Wholesale distributor of ferreteria, irrigation, plumbing, construction and industrial supplies",P1+P2,yes,6.3,plausible,https://gibalto.com,,,,Clearly real named ferreteria wholesaler ('distribuidor mayorista de ferreteria') per search; site connection refused during verification.,https://gibalto.com/
2-importer,Switzerland,CH,SFS Group AG,Heerbrugg (Widnau),Fastening systems manufacturer & distributor (construction division),P1+P2,yes,5,confirmed,https://www.sfs.com,,,,Confirmed live. Major Swiss fastening-systems group; its construction arm distributes cavity/drywall anchors and toggle bolts (incl. as fischer's Swiss distributor). Textbook national-scale buyer/importer of exactly this product.,https://www.sfs.com/ch/de
2-importer,Switzerland,CH,Wuerth AG (Wurth Schweiz),Arlesheim,"Fasteners, fixings & mounting-materials distributor for trade/construction",P1+P2,yes,5,plausible,https://www.wuerth-ag.ch,,,,Site (eshop.wuerth-ag.ch) is bot-walled (403) but Wurth Schweiz is an unambiguously real national fixings/fasteners trade distributor carrying wall plugs and cavity fixings. Strong direct fit.,https://eshop.wuerth-ag.ch/de/DE/CHF/
2-importer,Switzerland,CH,Debrunner Acifer AG (Debrunner Koenig Group),St. Gallen,"B2B merchant of steel/metal, building materials & technical products (incl. Befestigungstechnik)",P1+P2,yes,5,confirmed,https://www.d-a.ch,,,,"Confirmed live (d-a.ch). ~160,000-article B2B construction/industry merchant with a dedicated fastening-technology (Befestigungstechnik) range. Major national buyer/distributor for building fixings.",https://www.d-a.ch/da/kunden-referenzen/ausruestung/befestigungstechnik/
2-importer,Switzerland,CH,HG Commerciale (HGC),Zurich,Building-materials wholesaler / merchant (cooperative),P1+P2,yes,4,confirmed,https://www.hgc.ch,,,,Confirmed live. National building-materials wholesaler (Baumaterial/Baustoffe) supplying interior-construction and drywall trades; natural channel for cavity anchors/toggle bolts.,https://www.hgc.ch
2-importer,Switzerland,CH,RECA AG (Reca Suisse),,"Direct-sales distributor of fasteners, fixings & assembly technology for trades (40,000+ SKUs)",P1+P2,yes,5,confirmed,https://www.reca.ch,,,,"Confirmed live. C-parts/fixings direct-sales distributor to 10,000+ trade customers; explicitly carries wall plugs and fastening/assembly technology. Direct fit.",https://www.reca.ch
2-importer,Switzerland,CH,OPO Oeschger AG,Kloten,"Wholesaler of building/furniture hardware, fittings & fasteners",P1+P2,yes,4,plausible,https://www.opo.ch,,,,Site bot-walled (403) but OPO Oeschger is a well-known real Swiss B2B builder's-/furniture-hardware and fixings wholesaler. Strong on-target fit.,https://www.opo.ch
2-importer,Switzerland,CH,Hafele Schweiz AG,Kreuzlingen,B2B distributor of building & furniture fittings / architectural hardware,P1+P2,yes,3,plausible,https://www.haefele.ch,,,,"Company confirmed real via registry/search (Kreuzlingen, since 1964; supplies trade/crafts, architects, builders). Site bot-walled (403). Builder's-hardware distributor — moderate but genuine fit for wall/cavity mounting fixings.",https://www.haefele.ch/de/
2-importer,Switzerland,CH,KOCH Group AG,Nänikon (Uster),"National specialist trade / distributor: fittings, security tech, tools and fastening technology; 100,000+ SKUs from 500 makers across 5 sites",P1+P2,yes,4.5,plausible,https://www.koch.ch,,,,"Large national B2B distributor with a dedicated Dübeltechnik/Befestigungstechnik category carrying multiple anchor brands (Mungo, PROFIX). Site returns 403 to automated fetch (bot-walled) but is a well-established real chain.",https://www.koch.ch/de/befestigungstechnik
2-importer,Switzerland,CH,kiener + wittlin ag,Münchenbuchsee,"Leading Swiss fastening-technology wholesaler since 1905; 70,000+ articles incl. Dübeltechnik, C-parts management for industry/construction/trades",P1+P2,yes,4.3,plausible,https://www.kiener-wittlin.ch,,,,"Dedicated fastening-technology wholesaler with an explicit anchor-technology category and large stock. Storefront (EnterpriseShop) is WAF/geo-blocked to automated fetch, but the company is confirmed real and established.",https://www.kiener-wittlin.ch/de/befestigungstechnik/duebeltechnik/
2-importer,Switzerland,CH,INTERVIS AG,Münsingen,"Screw & hardware wholesaler/importer for industry, metalwork and trade (40+ years); connection technology, screws, special anchors, INOX",P1+P2,yes,4.1,confirmed,https://www.intervis.ch,031 721 59 22,,,Live site confirms a B2B screw/fastener wholesaler and importer with international (incl. Asia) sourcing and a special-anchors line — a natural reseller/importer channel for cavity fixings.,https://www.intervis.ch/de/verbindungstechnik/befestigungstechnik
2-importer,Switzerland,CH,PROFIX AG,Lausen,"Develops and distributes fastening-technology systems to the Swiss specialist trade (Fachhandel); anchors, cavity fixings, chemical fastening, facade systems",P1+P2,yes,4,confirmed,https://www.profix.swiss,info@profix.swiss / +41 61 500 20 20,,,"Live site: explicitly develops and distributes fastening systems through Swiss retailers, with a named cavity-fixings (Hohlraumbefestigungen) range. Sources/brands product for the trade, so a realistic OEM-anchor buyer channel.",https://www.profix.swiss/
2-importer,Switzerland,CH,eisenwarenshop.ch (Steiner Handel),Reigoldswil,"Specialist trade retailer/online for fittings, screws and hardware since 1994; sells drywall/cavity anchors",P1+P2,,3.7,confirmed,https://www.eisenwarenshop.ch,061 931 37 27,,,Live site confirms it explicitly stocks Gipskartondübel (drywall anchors) and insulation-board anchors as a trade-focused Fachhandel. Small but directly on-product; resells fastener stock.,https://www.eisenwarenshop.ch/schrauben/d%C3%BCbel/
2-importer,Switzerland,CH,Joggi AG,Aarberg,Swiss trade supplier; connection technology & fastening material (Verbindungstechnik & Befestigungsmaterial) assortment,P1+P2,,3.6,plausible,https://www.joggi.ch,,,,Real Swiss trade supplier with a fastening-material / connection-technology category. Site 403 bot-walled; kept as smaller specialist plausible.,https://www.joggi.ch/sortiment/befestigungstechnik
2-importer,Switzerland,CH,Meyer Handwerkerzentrum,Root/Luzern region,Regional trade/handwerker supplier; fastening & mounting technology (Befestigungs- und Montagetechnik) assortment,P1+P2,,3.5,plausible,https://www.meyerhwz.ch,,,,Real regional supplier to tradespeople with a fastening/mounting-technology category. Site 403 bot-walled; kept as smaller regional plausible.,https://www.meyerhwz.ch/?srv=sortiment&tenId=84
2-importer,Switzerland,CH,Schraubenking.ch,Switzerland,"Swiss online fastener shop; screws, nuts, anchors, rivets, wood connectors and fastening technology",P1+P2,,3.5,plausible,https://www.schraubenking.ch,,,,Real Swiss online fastener merchant explicitly listing anchors among its range; resells fastener stock. Site 403 bot-walled; smaller specialist plausible.,https://www.schraubenking.ch/
2-importer,Switzerland,CH,HFT Fasteners AG,Hunenberg,B2B wholesaler/distributor of fastening technology,P1+P2,yes,8,confirmed,hft-fasteners.ch,,,,Dedicated fastening-technology wholesaler (est. 1984) for metal construction & industry; wholesale pricing on request,https://hft-fasteners.ch/en
2-importer,Switzerland,CH,Mobau Schweiz AG,Emmenbrucke,B2B building-materials merchant (incl. drywall/Trockenbau),P1+P2,yes,7.5,confirmed,mobau.ch,,,,Building-materials merchant linking manufacturers to construction trade; strong drywall/Trockenbau assortment,https://www.mobau.ch/
2-importer,Switzerland,CH,Hug Baustoffe AG,Volketswil,Full-range B2B building-materials merchant,P1+P2,yes,7.5,confirmed,hug-baustoffe.ch,,,,Full-assortment building-materials merchant (est. 1946) explicitly carrying drywall + fastening technology + hardware,https://www.hug-baustoffe.ch/
2-importer,Switzerland,CH,Granol AG,Sursee,B2B distributor of drywall (Trockenbau) & building materials,P1+P2,yes,7.2,confirmed,granol.ch,,,,Drywall/building-materials distributor with large Trockenbau warehouse; direct fit for drywall accessories,https://granol.ch/trockenbau
2-importer,Switzerland,CH,RAMO Handels AG,Switzerland,"B2B wholesaler (Grosshandel) of iron goods, tools & building materials",P1+P2,yes,7,confirmed,ramo-handels.ch,,,,"Self-described wholesaler of building materials, iron goods & tools serving construction trades; own delivery fleet",https://ramo-handels.ch/
2-importer,Switzerland,CH,BR Bauhandel AG (Baubedarf / Richner — BMS Building Materials Suisse),Bern,"Building-materials merchant chain (~110 locations); building materials, wood, tools, drywall, interior finishing; part of BME Group",P1+P2,yes,9,confirmed,https://baubedarf-richner.ch,,,,"Largest Swiss builders'-merchant network — high-volume bulk buyer of building materials, drywall accessories and fixings across 110 branches",https://baubedarf-richner.ch/de/ueber-uns/
2-importer,Switzerland,CH,Rudolf Geiser AG (gela),Langenthal,"B2B wholesaler/distributor of building hardware (Baubeschläge), door/window/furniture fittings, fastening technology and tools",P1+P2,yes,9,confirmed,https://www.gela.ch,verkauf@gela.ch,,,Long-established (1868) Swiss hardware & fastening distributor serving door/window/interior trades from Langenthal and Corminboeuf — on-target bulk buyer,https://www.gela.ch/
2-importer,Switzerland,CH,KÜWI AG (Kiener + Wittlin),Dietikon,"B2B wholesaler of fastening technology (Befestigungstechnik): screws, nuts, washers, dowels, standard/special parts, C-parts management",P1+P2,yes,8,confirmed,https://www.kuewi.ch,Tel. +41 43 455 20 30,,,Dedicated fastening-technology wholesaler with webshop and C-parts logistics — core fastener import/distribution buyer,https://www.kuewi.ch/
2-importer,Switzerland,CH,MR SWISS AG,Baden (Aargau),"B2B distributor/wholesaler of building materials, insulation, drywall systems, fastening technology (anchors/screws/dowels), tools and site equipment",P1+P2,yes,8,confirmed,https://www.mr-swiss.ch,info@mr-swiss.ch,,,"Trade-focused wholesaler spanning building materials, drywall and fastening technology — broad bulk import buyer for the construction trades",https://www.mr-swiss.ch/
2-importer,Switzerland,CH,SFS Group Schweiz AG (Distribution / Handel),Heerbrugg,"Distribution arm reselling fastening technology B2B (~200,000 listed articles); own brands plus third-party (e.g. Fischer) fasteners and tools",P1+P2,yes,7,confirmed,https://www.sfs.ch,,,,"Large fastening-technology trading/distribution business carrying third-party brands — genuine reseller/importer, though also a manufacturer",https://www.sfs.ch/CH/de/dl/Befestigungstechnik/c/L_dl_m_10
2-importer,Switzerland,CH,Mungo Befestigungstechnik AG,Strengelbach,"Fixings manufacturer AND distributor: nylon/metal anchors, chemical fasteners, construction chemicals; also distributes tools and accessories",P1+P2,yes,6,confirmed,https://www.mungo.swiss,mungo@mungo.swiss,,,"Primarily a fixings manufacturer but runs a distribution range of complementary fastening tools/accessories, so can act as importer/distributor — lower priority as a pure buyer",https://www.mungo.swiss/
2-importer,Switzerland,CH,Weber AG (WeberPrevost),Chur,"B2B trade centre / wholesaler for crafts, construction and safety serving professionals; largest screw & connection-technology stockholder in southeast Switzerland (90,000+ articles).",P1+P2,yes,4.2,confirmed,https://weberprevost.ch,,,,Regional trade wholesaler with very large screws/fastening stock — strong on-target buyer.,https://weberprevost.ch/produkte/schrauben
2-importer,Switzerland,CH,Link Beschlagtechnik AG,Volketswil,"B2B distributor and technical consultant for door hardware (Türbeschläge) representing manufacturers (SIMONSWERK, DOM, FSB, athmer) nationwide to planners, fabricators and retailers.",P1+P2,yes,4.1,confirmed,https://www.beschlagtechnik.ch,+41 43 300 68 80,,,Distributor of door/building hardware to the trade — on-target builder's-hardware buyer.,https://www.beschlagtechnik.ch/index.html
2-importer,Switzerland,CH,Glametec GmbH,,"B2B distributor of door & building fittings and metal-construction hardware (locks, hinges, closers, glass/window fittings, sliding-door and access systems) with trade webshop/account login.",P1+P2,yes,4,confirmed,https://www.glametec.ch,+41 56 648 30 00,,,Fittings & metal-construction hardware distributor with clear B2B ordering — on-target.,https://www.glametec.ch/tuer-und-baubeschlaege/c/40
2-importer,Switzerland,CH,TOVA Handels GmbH,,"Swiss B2B trading company (Handels GmbH) offering fastening technology — screws, anchors and fixing solutions.",P1+P2,,3.4,plausible,https://www.tova-handel.ch,,,,"Named fastening-technology trader on-target; site could not be fetched (network-refused) and scale is modest, so treated as plausible.",https://www.tova-handel.ch/Befestigungstechnik.htm
2-importer,Switzerland,CH,Beschlaege-Online (Baumann-Bacher),,"Swiss B2B distributor of door/building fittings (~20,000 fittings from leading brands), tools, fixtures and construction equipment.",P1+P2,,3.3,plausible,https://www.beschlaege-online.ch,,,,"On-target fittings/hardware distributor; site returned 403 to fetch, so kept as plausible pending contact confirmation.",https://www.beschlaege-online.ch/
2-importer,Switzerland,CH,BENZ24 (Baustoffe),,"Online Swiss building-materials trader (family firm since 1919) reselling branded drywall systems — gypsum boards (Rigips, Knauf, Fermacell) and drywall accessories: profiles, screws, adhesives, insulation. Pure merchant/distributor; serves trade and retail.",P2,yes,4,confirmed,https://benz24.ch,,,,Online building-materials distributor explicitly reselling drywall accessories incl. screws — on-target buyer for drywall fixings. Site live; pure-reseller model and drywall accessory range confirmed. Mixed trade/retail so tiered lower.,https://benz24.ch/gipskartonplatten/
2-importer,Switzerland,CH,Schwab Eisenwaren,,"Swiss ironware/hardware distributor (Fachgeschaeft) reselling metric/specialty screws (steel, stainless, brass, plastic), nuts, washers, rivets, retaining pins, tools and finishing products. Distributor/reseller only; 'fuer Profis und Heimwerker'.",P2,,3,confirmed,https://werkzeug-shop.ch,info@schwab-eisenwaren.ch,,,Fastener/ironware reseller carrying a broad screw & fixing range for professionals — on-target reseller buyer. Site live; reseller model and purchasing email confirmed. Mixed B2B/retail so tiered lower.,https://werkzeug-shop.ch/
2-importer,Switzerland,CH,HolzLand Schweiz,Wiedlisbach,"Swiss cooperative marketplace of independent building-materials/timber merchants reselling wood, doors, flooring and fastening hardware (screws, nails, brackets, hinges, gate fittings) sourced from brands like GAH Alberts. Distributor/merchant network, trade and consumer.",P2,,3,confirmed,https://www.holzland.ch,,,,Merchant network reselling fixings and builder's hardware alongside timber/building materials — on-target reseller buyer via its dealer members. Site live; Beschlaege/fixings categories and merchant model confirmed. Cooperative/mixed-retail so tiered lower.,https://www.holzland.ch/beschlaege/
2-importer,Switzerland,CH,SABAG (SABAG Biel/Bienne AG),Biel/Bienne,"Swiss B2B building-materials merchant (100+ yrs) with 36 Profishops nationwide; distributes drywall/gypsum boards (Knauf, Rigips), fasteners, interior-finishing materials, roofing, tools and sanitaryware with just-in-time site delivery.",P1+P2,yes,5,confirmed,https://www.sabag.ch,,,,National building-materials distributor with a dedicated drywall/plasterboard and fasteners assortment serving the construction trade - direct on-target buyer for drywall cavity anchors and fixings.,https://www.sabag.ch/de/bauprodukte
2-importer,Switzerland,CH,Quinca SA,Alle (Jura),"Swiss hardware distributor (since 2005) for French-speaking Switzerland; sells hand & industrial tools, power tools, building hardware (ferrements), fasteners (visserie), chemicals, safety gear and access control to professionals and businesses, same-day delivery.",P1+P2,yes,3,confirmed,https://www.quinca.ch,info@quinca.ch,,,Regional B2B hardware/fixings distributor stocking visserie and ferrements for the trade - on-target reseller buyer in Romandy.,https://www.quinca.ch/
2-importer,Sweden,SE,Würth Svenska AB,Örebro,National fasteners/fixings & MRO distributor to trade (B2B e-commerce for proffs),P1+P2,yes,4.6,confirmed,https://www.wurth.se,kundsupport@wuerth.se / +46 19 35 10 30,,,"Live national distributor of screws, plugs, anchors and anchoring compound (ankarmassa) sold to professional trade; core lane for cavity/drywall fixings.",https://www.wurth.se
2-importer,Sweden,SE,Ahlsell Sverige AB,Stockholm / national,National industrial & construction wholesaler (90+ branches); 'Infästning' is a core category,P1+P2,yes,4.6,confirmed,https://www.ahlsell.se,010-476 0800,,,Major national distributor/wholesaler with a dedicated fixings (infästning) category selling to trade; recently expanded fastener range (acquired JLI Smålandsstenar).,https://www.ahlsell.se/category/infastning
2-importer,Sweden,SE,ESSVE AB,"Kista, Stockholm",National fixings/fasteners brand — manufacturer & distributor to trade via resellers,P1+P2,yes,4.3,confirmed,https://www.essve.com,+46 8 623 61 50,,,Leading Swedish fixings supplier with an explicit drywall-anchor/plug range distributed to builders and resellers nationally; sources and private-labels fixings.,https://www.essve.com
2-importer,Sweden,SE,Arvid Nilsson Sverige AB,Ytterby / Kungälv,"Fastener distributor to resellers in industry & construction (SE/NO/DK), est. 1918",P1+P2,yes,4.5,confirmed,https://arvidnilsson.se,customerservice@arvidnilsson.com / +46 303 62 600,,,Dedicated fastener distributor with an explicit anchors-and-plugs category covering cavity/drywall fixings; sells to construction resellers — a direct-fit buyer.,https://arvidnilsson.se/produkter/
2-importer,Sweden,SE,Optimera Svenska AB,Malmö / national,National builders' merchant / building-materials distributor to trade,P1+P2,yes,4.2,confirmed,https://www.optimera.se,040-692 37 00,,,National builders' merchant selling fasteners (Fästdon) and fittings to construction professionals; stocks plasterboard/cavity fixings.,https://www.optimera.se
2-importer,Sweden,SE,XL-BYGG AB,national (store network),National builders' merchant chain (timber & building materials) serving trade + private,P1+P2,yes,4,confirmed,https://www.xlbygg.se,,,,Nationwide builders' merchant chain that stocks fasteners and fixings alongside its timber/building-materials range.,https://www.xlbygg.se
2-importer,Sweden,SE,Woody Bygghandel (Sveriges Fria Bygghandlare AB),national (member network),"National voluntary builders'-merchant chain (~70 outlets, 36 members) to trade",P1+P2,yes,4,confirmed,https://woody.se,,,,Large national builders'-merchant cooperative with shared purchasing across ~70 locations; stocks building fixings for professionals.,https://woody.se
2-importer,Sweden,SE,Beijer Byggmaterial AB,national (branch network),National builders' merchant / building-materials distributor to trade,P1+P2,yes,4,plausible,https://www.beijerbygg.se,,,,Well-known national builders' merchant with published fixings/plug guidance and range; site is geo/bot-walled from verification host but the company is unquestionably real and on-target.,https://www.beijerbygg.se/privat/sv/stabilt-resultat-med-ratt-plugg
2-importer,Sweden,SE,Nordic Fastening Group AB,Ytterby / Kungälv,"Fastener & fixings distributor/wholesaler (~30,000 SKUs in stock)",P1+P2,yes,3.8,confirmed,https://www.nfgab.se,info@nfgab.se / +46 303 20 67 00,,,"Stocking fastener distributor supplying all types of fasteners and fixings to trade; genuine reseller channel for cavity/anchor hardware, though industrial fasteners are its core.",https://www.nfgab.se/sortiment/c/fastelement
2-importer,Sweden,SE,Bufab International AB,Värnamo,"Global fastener & C-parts distributor / supply-chain partner, HQ Sweden (not a manufacturer)",P1+P2,yes,3.3,confirmed,https://www.bufab.com,info@bufab.com / +46 370 69 69 00,,,"Large Sweden-HQ fastener distributor with a very wide standard-fastener range; on-target as a fastener buyer, though its lane is industrial/OEM C-parts rather than construction cavity fixings.",https://www.bufab.com
2-importer,Sweden,SE,Simpson Strong-Tie / GBO (Gunnebo Fastening),Gunnebo,Building-hardware & fixings supplier/distributor to the Swedish trade,P1+P2,yes,3.2,confirmed,https://www.strongtie.se,kundservice@strongtie.se / +46 490 300 00,,,"Markets and distributes building hardware, plugs, expanders and anchors on the Swedish market; core strength is structural connectors so drywall-cavity fit is moderate but genuine.",https://byggkatalogen.byggtjanst.se/leverantor/gbo-fastening-systems-ab/111
2-importer,Sweden,SE,Swedol / TOOLS (Alligo AB),,"Swedish B2B distributor of tools, industrial supplies and workwear for professionals; dedicated 'Infästning' (fastening) category with screws and fixings.",P1+P2,,3.7,confirmed,https://www.swedol.se,,,,National pro-supplies distributor (TOOLS/Swedol under Alligo) carrying a fastening/fixings line; secondary but real channel for cavity anchors.,
2-importer,Sweden,SE,Sifvert Skruv AB,"Hagersten, Stockholm","Fastener wholesaler (grossist) since 1861 stocking a broad inventory of screws, bolts, nuts and building fixings with emphasis on stainless and fast warehouse delivery; total supplier handling planning, logistics and inventory management.",P1+P2,yes,5,confirmed,https://www.sifvert-skruv.se,info@sifvert-skruv.se,,,"Pure fastener wholesaler that resells screws/bolts/fixings from stock - a direct-fit reseller/import buyer. Site opened live, grossist wording and purchasing contact confirmed.",https://www.sifvert-skruv.se/
2-importer,Sweden,SE,SWEBOLT AB,Jarfalla (Stockholm),"Fastener wholesaler/distributor with 60,000 articles in stock covering standardized and custom fasteners plus concrete/wood/sheet-metal fastening products for the building industry; four Swedish locations (Jarfalla, Tranas, Norrkoping, Malmo).",P1+P2,yes,5,confirmed,https://swebolt.se,order@swebolt.se,,,Large multi-site fastener distributor explicitly stocking construction fixings for builders - strong bulk reseller/import buyer. Site live with dedicated order email.,https://swebolt.se/
2-importer,Sweden,SE,Svensk Fastelement AB,Solvesborg,"Wholesaler/distributor of fasteners, bolts, screws, nuts and building fixings (bygginfastningar) supplying local manufacturing industry and professional builders with quality products cheaper/faster; broad stock with 24h delivery on non-stock items.",P1+P2,yes,4,confirmed,https://svenskfastelement.se,mikael@svenskfastelement.se,,,"Fastener/fixings wholesaler serving industry and professional builders - direct-fit reseller buyer. Site live, named salesperson and purchasing contact confirmed.",https://svenskfastelement.se/
2-importer,Sweden,SE,Tilka Trading AB,Monsteras,"B2B distributor (explicitly not a manufacturer) of fasteners and mechanical components to Swedish manufacturing industry with ~24,000 saleable articles, procurement services, custom packaging and automated replenishment; market-leading in disc springs.",P1+P2,yes,5,confirmed,https://tilka.se,order@tilka.se,,,"Dedicated fastener distributor with 24,000 stocked articles and procurement/logistics services - strong bulk reseller/import buyer. Site live, distributor model confirmed.",https://tilka.se/en/
2-importer,Sweden,SE,Mattssons i Anderstorp AB,Anderstorp,"Family-owned fastener supplier since 1947 with one of the market's broadest assortments (180,000+ articles) of screws, nuts, bolts and washers; distributes standardized product and also offers custom cold-formed solutions.",P1+P2,yes,5,confirmed,https://www.mattssons.com,mattssons@mattssons.com,,,"Very broad-range fastener distributor (180,000 articles) that resells standard product alongside custom manufacturing - strong bulk import/sourcing buyer. Site live, distribution scope and contact confirmed.",https://www.mattssons.com/
2-importer,Sweden,SE,U-nite Fasteners Technology AB,Uddevalla,"B2B fastener supplier/distributor (explicitly not a manufacturer) aggregating fastening solutions across three brands for steel construction, sheet metal, HVAC and manufacturing, delivering across Europe with technical support; part of the Lindab group.",P1+P2,yes,4,confirmed,https://www.unitefasteners.com,info@unitefasteners.com,,,"Distributor/supplier sourcing and reselling fasteners across multiple brands for construction and HVAC - a credible import/reseller buyer. Site live, distributor (not manufacturer) model confirmed.",https://www.unitefasteners.com/?lang=en
2-importer,Sweden,SE,Stockholms Skruvcentral AB,Stockholm,"Screw/fastener wholesaler (30+ years) stocking nuts, washers, hex bolts, socket/sheet-metal/wood screws, stainless fasteners, spacers, blind rivets and threaded miscellaneous items, serving manufacturing industry across Sweden from warehouse stock.",P1+P2,yes,4,confirmed,https://www.skruvcentralen.se,order@skruvcentralen.se; info@skruvcentralen.se,,,Stock-holding fastener wholesaler/distributor serving B2B trade nationwide — direct fit. Verified live.,https://www.skruvcentralen.se
2-importer,Sweden,SE,JLI AB,Smålandsstenar,"Screw/fastener wholesaler (skruvgrossist, est. 2007, part of Ahlsell group) supplying screws, nuts and specialized fastening solutions to industry and construction with a broad product range and personal service.",P1+P2,yes,4,confirmed,https://jliab.se,info@jliab.se; 0371-32770,,,Specialist regional fastener wholesaler on-target to fixings/anchors. Verified live.,https://jliab.se
2-importer,Sweden,SE,NP Nilsson Trävaru AB (Bygg & Järnhandel),Förslöv,"Family-owned regional builders' merchant across southern Sweden (9 trade stores + Malmö sales office) stocking a complete range of building materials, tools, fasteners, electrical and plumbing supplies and interior fittings.",P1+P2,yes,4,confirmed,https://npn.se,info@npn.se; 0431-47 82 00,,,Regional builders' merchant carrying fasteners/fixings and building materials — on-target trade buyer. Verified live.,https://bygghandel.npn.se
2-importer,Sweden,SE,Järn AB Södertorg (JABS),Visby (Gotland),"Full-service builders' merchant and ironmongery (bygg & järnhandel) on Gotland with multiple branches, 36,900+ stocked articles spanning building materials, fasteners, fixings, tools, metals and steel; trade-focused with roof-truss and metal processing services.",P1+P2,yes,4,confirmed,https://www.jabs.se,"info@jabs.se; BOX 1174, 621 22 Visby",,,Regional builders' merchant/ironmonger stocking fasteners and fixings for the trade. Verified live.,https://www.jabs.se
2-importer,Sweden,SE,Hallstaviks Bygghandel,Hallstavik,"Local builders' merchant serving professional contractors and private customers with building materials, timber, tools, fasteners/fixtures, electrical and plumbing supplies; B2B features incl. company pricing, PunchOut and quotation tools.",P1+P2,yes,3,confirmed,https://www.hallstaviksbygghandel.se,"0175-200 38; Norra Uppsalavägen 55, 763 30 Hallstavik",,,Independent builders' merchant with a fixings/fasteners range and clear trade-account operation. Verified live.,https://www.hallstaviksbygghandel.se
2-importer,Sweden,SE,Deje Trä AB (Dejeträ),Forshaga / Deje,"Regional builders' merchant (Värmland) supplying timber, building materials, fasteners/fixings, tools, electrical and plumbing to professional builders and private customers, with quotation and project-support tools for trade accounts.",P1+P2,yes,3,confirmed,https://www.dejetra.se,054-87 05 55 (Forshaga); 0552-101 63 (Deje),,,Independent regional builders' merchant carrying fixings and building materials for the trade. Verified live.,https://www.dejetra.se
2-importer,Sweden,SE,Bygma AB,Sollentuna,"Builders merchant / B2B distributor of building materials, timber, roofing, tools and fixings to professional contractors, 18 locations across Sweden.",P1+P2,yes,4,confirmed,https://www.bygma.se,info@bygma.se,,,"Established trade builders merchant (since 1952) supplying contractors nationwide — bulk building-materials buyer. Site opened live; 'Bygghandeln for Nordens mest kravande kunder' and 18 branches confirmed, purchasing email published.",https://www.bygma.se/
2-importer,Sweden,SE,Derome AB,Veddige,"Sweden's largest family-owned timber group and builders merchant — sells timber, building and industrial products to building and industrial customers via 65 facilities plus e-commerce and building logistics.",P1+P2,yes,4,confirmed,https://www.derome.se,info@derome.se,,,Large B2B builders-merchant arm supplying bygg- och industrikunder at scale — bulk building-materials buyer/reseller. Site opened live; 65 facilities and info@ / phone confirmed.,https://www.derome.se/
2-importer,Sweden,SE,AB Karl Hedin Bygghandel,Krylbo (Avesta),"Swedish sawmill and builders-merchant group — B2B distributor of building materials, timber and fixings to professional trade across central/northern Sweden.",P1+P2,yes,4,plausible,https://www.karlhedin.se,,,,"Established named builders-merchant / timber group serving professional contractors in bulk. Automated fetch failed (socket closed / bot-walled), so left as plausible; a real, listed member of the Swedish building-materials merchants association.",https://www.byggmaterialhandlarna.se/in-english/
2-importer,Sweden,SE,Flinks Jarn AB,Stockholm,"B2B ironmongery / builder's-hardware wholesaler-distributor for professionals only — 20,000+ items across fasteners, fixings, hardware, tools and building materials; login/trade account required to see prices.",P1+P2,yes,5,confirmed,https://www.flinks.se,order@flinks.se,,,"Trade-only jarnhandel/fixings distributor (account required, 'gora yrkesfolkets vardag enklare') with 20k+ fastener/hardware SKUs — strong reseller buyer. Site opened live; B2B login gate and order@ confirmed.",https://webshop.flinks.se/
2-importer,Sweden,SE,NA Svensson AB,Huddinge,"Family-owned builders merchant / jarnhandel (since 1892) — supplies fasteners, hardware, tools and building materials (~20,000 articles) across three stores in the Stockholm/Sormland region, B2B and retail.",P1+P2,yes,4,confirmed,https://www.nasvensson.se,info@nasvensson.se,,,"Regional builders-merchant/ironmonger carrying fasteners and builder's hardware among 20k articles, serving trade with ex-VAT corporate pricing — solid regional buyer. Site opened live; three stores and purchasing emails confirmed.",https://www.nasvensson.se/
2-importer,Sweden,SE,Goteborgs Skruvcenter AB,Goteborg,"B2B fastener stockist/distributor in Gothenburg — stocks 8,000+ threaded/unthreaded fasteners in steel, zinc, stainless, brass and polyamide, plus flexible sourcing/logistics for non-stock items.",P1+P2,yes,5,confirmed,https://www.skruvcenter.se,order@skruvcenter.se,,,Specialist fastener distributor/stockist reselling 8k+ fixings SKUs to trade — direct-fit reseller buyer. Site opened live; 'lagerfor ett brett sortiment med gangade och ogangade fastelement' and order@ confirmed.,https://skruvcenter.se/
2-importer,Sweden,SE,Battsam i Karlskrona AB,Karlskrona,"Regional B2B distributor of bolts, screws, nuts, wood/building screws, sheet-metal and stainless fasteners since 1967; sources via Arvid Nilsson, Sifvert, Bufab",P1+P2,yes,4,confirmed,https://www.battsam.se,info@battsam.se,,,Independent regional fastener merchant / problem-solver in Blekinge - long-tail buyer for builder's cavity anchors,https://www.battsam.se/bult-skruv
2-importer,Sweden,SE,Maskin & Verktyg,Gävle / Uppsala / Västerås,"B2B distributor with physical trade counters supplying fasteners/fixings (screws, bolts, anchors, plugs, rivets) plus tools; suppliers incl. EJOT, Fischer, Spax",P1+P2,yes,4,confirmed,https://www.maskinochverktyg.se,info@maskinochverktyg.se,,,Regional trade-counter distributor already stocking anchors and plugs across three cities - direct fit for cavity/drywall anchors,https://www.maskinochverktyg.se/sv/sortimentet/infastning/
2-importer,Sweden,SE,N P Produkter i Jönköping AB,Jönköping,"B2B distributor of mechanical fasteners (screws, bolts, nuts, washers, pins) with ~30,000-article standard range across steel, brass, stainless",P1+P2,yes,4,confirmed,https://www.npprod.se,,,,Mid-size regional fastener distributor with deep stocked range in the Gnosjö fastener cluster - on-target wholesale buyer,https://www.npprod.se/produkter/
2-importer,Denmark,DK,Würth Danmark A/S,Kolding,Industrial fastener & fixings distributor (B2B only),P1+P2,yes,4.9,confirmed,https://www.wuerth.dk,+45 79 32 32 32; mail@wuerth.dk,,,"Explicit B2B-only fastener/fixings house (Fastgørelse). Sells wall plugs, anchors, cavity fixings at scale to trade.",https://www.wuerth.dk
2-importer,Denmark,DK,Bossard Denmark A/S,Hvidovre,"Fastener specialist distributor, 200,000+ SKUs (B2B)",P1+P2,yes,4.9,confirmed,https://www.bossard.com/dk-da/,,,,"Pure-play fastener distributor with dedicated 'Forankringssystemer' (anchoring systems) category and 6,500 sqm warehouse; strongest on-target fit.",https://www.bossard.com/dk-da/
2-importer,Denmark,DK,Carl Ras A/S,Herlev,"Tools, fasteners & hardware distributor (B2B account)",P1+P2,yes,4.7,confirmed,https://carl-ras.dk,+45 44 85 55 11,,,"182,000+ SKUs incl. dedicated Befæstigelse and Beslag categories; trade accounts with contract pricing.",https://carl-ras.dk
2-importer,Denmark,DK,Lemvigh-Müller A/S,Ballerup,National technical/steel wholesaler (B2B),P1+P2,yes,4.6,confirmed,https://www.lemu.dk,,,,"Major Danish wholesaler (El, VVS, Industri & Stål) with an explicit Befæstelse category; buys fixings in volume for nationwide branches.",https://www.lemu.dk
2-importer,Denmark,DK,Bygma A/S,Søborg,Denmark's largest domestically-owned builders merchant chain (60+ outlets),P1+P2,yes,4.8,confirmed,https://www.bygma.dk,+45 44 54 17 30,,,Largest DK-owned building-materials chain with pro (Proffkunde) accounts; carries Fischer rawplugs/anchors for drywall — direct product match.,https://www.bygma.dk
2-importer,Denmark,DK,STARK Danmark A/S,Frederiksberg,Nationwide building-materials distributor / builders merchant (B2B),P1+P2,yes,4.8,confirmed,https://www.stark.dk,,,,One of the two largest Danish trade builders merchants; nationwide branch network sourcing fixings in bulk for professionals.,https://www.stark.dk
2-importer,Denmark,DK,XL-BYG,Brabrand,"Denmark's 2nd-largest builders merchant chain, 79 outlets (XL-PRO trade)",P1+P2,yes,4.7,confirmed,https://www.xl-byg.dk,+45 70 26 42 19; websupport@xl-byg.dk,,,Second-largest builders merchant chain with dedicated XL-PRO professional division sourcing building materials and fixings at scale.,https://www.xl-byg.dk
2-importer,Denmark,DK,Ahlsell Danmark A/S,Aalborg,Major Nordic technical wholesaler (B2B); absorbed Sanistål,P1+P2,yes,4.4,plausible,https://www.ahlsell.dk,,,,One of the largest Nordic technical/industrial wholesalers with a fasteners range; site bot-walled/slow (repeated timeout) but unmistakably real and on-target.,https://www.ahlsell.dk
2-importer,Denmark,DK,Davidsen A/S,Kolding,Regional building-materials merchant with trade accounts,P1+P2,yes,4.2,confirmed,https://www.davidsen.dk,+45 73 54 15 00,,,Established builders merchant (Byg + tools + fasteners) with separate Erhverv trade/kontokunde accounts; live and on-target.,https://www.davidsen.dk
2-importer,Denmark,DK,Johannes Fog A/S,Kongens Lyngby,"Regional builders merchant (Zealand), trade-focused",P1+P2,yes,3.9,plausible,https://fog.dk,,,,"Long-established, genuinely real Zealand builders merchant supplying professionals; site currently has an expired TLS cert (misconfigured, not fabricated).",https://fog.dk
2-importer,Denmark,DK,Brdr. A & O Johansen A/S (AO),Albertslund,"Publicly-listed technical wholesaler (VVS/electrical/tools), B2B",P1+P2,yes,3.8,plausible,https://www.ao.dk,,,,"Real Nasdaq-Copenhagen-listed technical wholesaler carrying installation fixings; homepage bot-walled (empty body) so verified by identity, not content. Fit is installer-fixings led.",https://www.ao.dk
2-importer,Denmark,DK,Billigbyg (formerly Optimera Danmark),,"Builders merchant / building-materials retailer, mixed trade & housing-assoc",P1+P2,,3.3,plausible,https://www.billigbyg.dk,,,,Optimera rebranded to Billigbyg; live builders merchant carrying drywall fasteners and serving housing associations (some B2B). Lower tier — leans discount/mixed audience.,https://www.billigbyg.dk
2-importer,Denmark,DK,Sanistål A/S,Nørresundby,"Major Danish industrial/technical wholesaler (steel, tools, fasteners, building & installation supplies); parent of Carl F. Serves professional customers nationwide.",P1+P2,yes,4.6,plausible,https://www.sanistaal.dk,,,,"One of Denmark's largest technical wholesalers carrying fixings; clear bulk buyer. Plausible: live-site fetch network-blocked (ECONNREFUSED host 80.92.65.188), real established wholesaler.",https://www.fasteners.eu/company/denmark/anchors/0/0/
2-importer,Denmark,DK,Carl F A/S,Copenhagen,"135+ year supplier of fittings (beslag), fasteners, plugs/anchors, tools and locking/security solutions to the construction sector; part of the Sanistål group.",P1+P2,yes,4.3,plausible,https://www.carlf.dk,,,,Dedicated construction fittings/fasteners supplier (Sanistål group) carrying plugs & anchors. Plausible: live-site fetch network-blocked (ECONNREFUSED Sanistål host 80.92.65.188).,https://www.linkedin.com/showcase/carl-f---fra-k%C3%A6lder-til-tag/
2-importer,Denmark,DK,Pajo-Bolte A/S (Bufab Group),Denmark,"Fastener / bolt distributor (B2B, Bufab-owned)",P1+P2,yes,9,confirmed,pajobolte.dk,,,,"Verified live: Bufab Group's Danish market brand (bufab.com Denmark selector links here). Pure fastener wholesaler/distributor, tagline 'Ingen bovl - bare bolte'. On-target.",https://pajobolte.dk/
2-importer,Denmark,DK,Würth Industri Danmark A/S,Kolding,C-parts / fastener distributor to industry (B2B),P1+P2,yes,9,confirmed,wuerthindustri.dk,salg@wuerthindustri.dk / +45 73 20 73 20,,,"Verified live: 1.4M+ articles in fasteners/standard/special parts, business-only, Kolding HQ + Brande logistics. Core fastener distributor.",https://www.wuerthindustri.dk/
2-importer,Denmark,DK,Brødrene Dahl A/S,Brøndby,"Technical wholesaler - VVS/building, incl. fixings (B2B)",P1+P2,yes,7,confirmed,bd.dk,+45 48 78 40 00,,,"Verified live: Denmark's largest VVS/VA wholesaler; fasteners/fixings are a stocked category. Big B2B distributor, fixings secondary to plumbing hence tier-1 but rated 7.",https://www.bd.dk/
2-importer,Denmark,DK,Rødgaards Import A/S,Esbjerg / Aarhus,Technical wholesale merchant / importer (B2B),P1+P2,yes,6,confirmed,roedgaards.dk,+45 75 12 58 11,,,"Verified live: named importer ('Import') and technical wholesale grossist with a real fasteners/bolts range for B2B. On-target but fasteners are one of several categories, tier 2.",https://roedgaards.dk/
2-importer,Denmark,DK,Net2Trælast (Viggo Sørensen A/S),Esbjerg,Timber / building-materials merchant (B2B + retail),P1+P2,yes,5,confirmed,net2traelast.dk,post@net2traelast.dk / +45 75 47 04 33,,,"Verified live: online timber/building-materials merchant (operated by Viggo Sorensen A/S), serves private og erhverv, stocks screws/bolts. On-target but low-price mixed-channel, tier 2.",https://www.net2traelast.dk/
2-importer,Denmark,DK,EA Værktøj Engros A/S,Denmark,"Tool & fastener wholesaler (B2B, engros)",P1+P2,yes,5,plausible,ea-engros.dk,,,,"Clearly-real named wholesaler ('Vaerktoj Engros A/S') with a soem/skruer/bolte range, but site currently unreachable (expired TLS certificate) so could not fully verify - kept as plausible per instructions.",https://www.ea-engros.dk/
2-importer,Denmark,DK,Lemvigh-Muller A/S,Herlev / Kolding,"Denmark's largest steel and technical wholesaler (~1,300 staff, 25 locations) supplying steel, fasteners/fixings and technical/building products to trade and industry.",P2,yes,5,plausible,https://www.lemvigh-muller.dk,,,,Well-known real Danish B2B steel & technical grossist that stocks fasteners/fixings among its ranges; site is TLS/bot-walled (cert verification blocked automated fetch) but the company and business are clearly real — on-target bulk distributor.,https://www.lemvigh-muller.dk/
2-importer,Denmark,DK,Gottfred Petersen A/S,Middelfart,"B2B wholesaler/distributor (engros) of building materials, concrete-construction products and VVS/industri supplies including C-items and basic plastic/metal components; 60+ years supplying the construction trade.",P2,yes,4,confirmed,https://www.gottfred.dk,byg@gottfred.dk,,,"Site opened live: a trade-only building-materials and VVS/industri wholesaler that stocks and resells fixings/C-items to construction, plumbing and industrial customers — on-target building-materials/fixings distributor buyer.",https://www.gottfred.dk/
2-importer,Denmark,DK,BC Technic ApS,Rodekro,"B2B specialist distributor of bolts, screws, threaded rods, nuts, washers and special fasteners (130,000+ items in stock) for construction, steel, wind/energy and offshore sectors; explicitly a distributor, not a manufacturer.",P2,yes,4,confirmed,https://bctechnic.dk,info@bctechnic.dk,,,Site opened live and confirms distributor (not maker) status: dedicated fastener specialist supplying construction and steel industry from a 130k-item stock — direct-fit reseller/importer buyer of fasteners.,https://bctechnic.dk/
2-importer,Denmark,DK,Beslagsgrossisten (Danmark) ApS,Skovlunde,"Danish wholesaler (grossist, est. 1952) of builder's/furniture hardware and fasteners — hinges, handles, locks, drawer slides, brackets, screws and bolts; serves both trade (erhverv) and DIY.",P2,yes,4,confirmed,https://beslagsgrossisten.dk,info@beslagsgrossisten.dk,,,"Site opened live: self-described grossist stocking and reselling builder's/furniture hardware and fasteners to businesses and craftsmen — on-target fixings/hardware distributor buyer. Mileparken 11, Skovlunde; CVR 24786013.",https://beslagsgrossisten.dk/
2-importer,Denmark,DK,Dansk Vaerktojs Salg A/S,Kibaek,"B2B distributor of tools and fasteners (32 yrs) stocking bolts, screws, nuts, washers, locking rings and fixings alongside power/hand tools; sells to trade (erhverv/EAN) as well as private.",P2,,4,confirmed,https://www.dvsalg.dk,dvsalg@dvsalg.dk,,,"Site opened live: stocks and resells a full fasteners/fixings range to trade customers ('what we don't have, we source') — on-target reseller buyer of fasteners/fixings.",https://www.dvsalg.dk/
2-importer,Denmark,DK,Scandiloc A/S,Herfolge,"Danish distributor (est. 1987) and total supplier of fasteners, industrial locks, hinges, quarter-turn fasteners and builder's/enclosure hardware sourced from leading international makers, held in large stock.",P2,yes,3,confirmed,https://scandiloc.dk,,,,"Site opened live (DA/EN): a real stockholding distributor/reseller of fasteners and builder's/industrial hardware from world manufacturers — on-target, though its mix leans to industrial locks/hinges rather than construction fixings.",https://scandiloc.dk/en/home/
2-importer,Denmark,DK,Nordjysk Beslag A/S,Aalborg,"Professional B2B supplier since 1979 to craft, industrial and maritime sectors; distributor/wholesaler of building hardware (beslag), fittings and fasteners with growing own-import operation; member of DJ Supply purchasing chain.",P1+P2,yes,78,confirmed,https://nordjyskbeslag.dk,"Gugvej 134, 9210 Aalborg So; 98146888; info@nordjyskbeslag.dk; CVR 86779714",,,Established regional hardware/fastener distributor now running its own imports - solid on-target importer/wholesaler. Verified live.,https://nordjyskbeslag.dk/
2-importer,Denmark,DK,A/S Megatrade Beslag,Hvidovre,"Trading company (50+ years) importing, warehousing and selling hardware, locks, hinges, handles, gaskets and fastening products directly to Danish industrial companies and subcontractors; 7,000+ products, 400+ suppliers, own China sourcing.",P2,yes,77,confirmed,https://megatrade.dk,"Gungevej 5, 2650 Hvidovre; +45 44 91 67 00; mega@megatrade.dk",,,B2B importer/wholesaler of hardware and fasteners with active overseas sourcing - genuine importer buyer. Verified live.,https://megatrade.dk/
2-importer,Denmark,DK,Kartek ApS,Nyraad (Vordingborg),"B2B distributor of special screws and bolts from multiple European manufacturers, plus CNC parts, gaskets and rubber items; ISO 9001:2015; 24-hour emergency delivery of special fasteners. Distributor, not a manufacturer.",P2,,76,confirmed,https://kartek.dk,"Karpevaenget 5, Nyraad, DK-4760; +45 70 23 00 36; info@kartek.dk",,,"Genuine multi-brand fastener distributor (importer of special screws/bolts) - on-target, though special/low-volume rather than commodity bulk. Verified live.",https://kartek.dk/en/
2-importer,Denmark,DK,MuHeCo Handel A/S,Broerup,"B2B 'total supplier' since 1991 to the crafts and industrial sectors from a 2,000 m2 warehouse; 30,000+ SKUs including tools, safety gear and fasteners (nails, screws / soem og skruer) with nationwide daily delivery.",P2,,73,confirmed,https://www.muheco.dk,"Industrivej 13, 6650 Broerup; +45 75 38 40 44; CVR 14426094",,,B2B trade distributor carrying a fasteners line alongside tools - on-target though fasteners are one of several categories. Verified live.,https://www.muheco.dk/profil
2-importer,Belgium,BE,Gehco Fixing,Houthalen-Helchteren,"B2B wholesaler/distributor of professional fixing products, fasteners and building materials, supplying DIY stores, building-material shops, hardware traders and timber merchants across the Benelux (30+ years).",P1+P2,yes,5,confirmed,https://www.gehco.be,info@gehco.be,,,"Opened live site: header 'Professional fixing and tools'; range explicitly lists ceiling/wall cavity fixings (Fruh clips), wood connectors (Simpson Strong-Tie) and screws (Heco), with BPV/ETA/DoP approvals. Sells to hardware and building-material professionals, not consumers - a direct sourcing channel for hollow-wall anchors and toggle bolts.",https://www.gehco.be/
2-importer,Belgium,BE,RECA BELUX,Ternat,"B2B distributor/wholesaler of fasteners, fixings and tools (14,000+ references) to construction, metalworking, maintenance and municipal professionals; 30+ years in market. Operates shop.reca.be.",P1+P2,yes,4,confirmed,https://www.reca.be,,,,"Opened live site: positions as 'le partenaire des professionnels du batiment' for visserie, fixation et outillage (fasteners, fixings, tools). Hollow-wall anchors and toggle bolts fit its construction C-parts/fixings assortment. Only a contact form and named staff shown, no role email, so contact left blank.",https://www.reca.be/
2-importer,Belgium,BE,ALB Fasteners BVBA,Zwevegem,"Three-generation family wholesaler and importer of fastening materials, supplying exclusively to wholesale and industrial end-users (electrical, sanitary, HVAC, construction).",P1+P2,yes,4,confirmed,https://www.alb.be,,,,"Opened live site: self-describes as 'Wij leveren uitsluitend aan de groothandel en industriele eindverbruikers' (supplies only to wholesale and industrial end-users) in fastening materials plus production and import of custom ironware - a plausible import buyer for hollow-wall anchors. Weaker than Gehco/Fabory because the homepage emphasises general fasteners/ironware rather than cavity anchors specifically. No email visible on-site, contact left blank.",https://www.alb.be/
2-importer,Belgium,BE,Würth Belgium (Wurth NV/SA),Turnhout,National distributor of assembly & fastening materials incl. anchors and cavity/hollow-wall plugs (ETA-approved range) to trade customers.,P1+P2,yes,4,plausible,https://www.wurth.be,,,,Confirmed real national fixings distributor selling anchors and cavity plugs; storefront is bot-walled (403) so marked plausible.,https://eshop.wurth.be/nl/NL/EUR
2-importer,Belgium,BE,Berner Belgium,,National MRO/fixings distributor; plugs and anchors range for light applications through heavy-duty hollow-wall and concrete anchoring.,P1+P2,yes,4,plausible,https://www.berner.be,,,,Confirmed distributor with an explicit plugs-and-anchors line incl. hollow-wall fixings; store bot-walled (403) so marked plausible.,https://shop.berner.eu/be-nl/dc/43590877-pluggen-en-ankers/
2-importer,Belgium,BE,Borifa BVBA,Willebroek,"Belgian fastener distributor ('Fasteners as a service') with catalogue sales, logistics and e-business for fastening materials.",P1+P2,yes,4,confirmed,https://www.borifa.be,,,,Dedicated fastener distributor/wholesaler; fits cavity-anchor sourcing and resale.,https://www.borifa.be/
2-importer,Belgium,BE,Clabots Tools,Court-Saint-Étienne,"Professional tools & hardware distributor (45,000+ items) incl. hardware, locksmithing, screws, bolts and anchors; stores in Brussels and Court-Saint-Étienne.",P1+P2,,4,confirmed,https://www.clabots.be,010 61 61 04,,,Trade distributor carrying fasteners and anchors for building professionals; solid regional fit.,https://www.clabots.be/fr/catalogue
2-importer,Belgium,BE,Lefebre Technics BV,Deerlijk,"Wholesaler of construction supplies, tools, standard/norm elements and fasteners for tradespeople and industry.",P1+P2,,3,confirmed,https://www.lefebre.be,info@lefebre.be / 056 70 15 76,,,Regional construction-supplies and fasteners wholesaler; plausible smaller-scale cavity-anchor buyer.,https://lefebre.be/
2-importer,Belgium,BE,Jari Systems nv,Wielsbeke,Wholesaler / stockist of fastening materials,P1+P2,yes,8.7,confirmed,https://www.jari-systems.be,info@jari-systems.be / +32 56 72 31 52,,,Belgian fastening-materials wholesaler and one of the larger stock-holders of fasteners in the Benelux (Wielsbeke) — core on-target bulk fastener buyer.,http://www.jari-systems.be/fixing-materials/?lang=en
2-importer,Belgium,BE,Baustoff+Metall Belgium,"Belgium (7 branches, incl. Antwerp region)",Distributor / wholesaler of drywall & dry-construction (afbouw) materials,P1+P2,yes,8.6,confirmed,https://baustoff-metall.be,via website contact form,,,"Trade distributor of drywall/finishing materials with 85,000 m2 stock across 7 Belgian branches (Knauf, Gyproc, Rockfon, Isover) — on-target drywall-accessory buyer at scale.",https://baustoff-metall.be/nl
2-importer,Belgium,BE,MLA Fixings,Belgium,Supplier / distributor of construction fastening materials,P1+P2,yes,8.3,confirmed,https://www.mlafixings.be,info@mlafixings.be / +32 14 51 78 13,,,Belgian fastening-materials supplier for construction/industrial/DIY (own Dualfix insulation+anchor system) — on-target fixings distributor.,https://www.mlafixings.be/en
2-importer,Belgium,BE,Gebroeders Wijckmans NV,Ham & Olen,Wholesaler / distributor of finishing (afbouw) & drywall materials,P1+P2,yes,8.2,confirmed,https://wijckmansnv.be,info@wijckmansnv.be / +32 13 66 11 43,,,"Self-described leading Belgian wholesaler in finishing products (multi-site, gypsum-silo fleet) carrying drywall systems, profiles and accessories — on-target building-materials buyer.",https://wijckmansnv.be/
2-importer,Belgium,BE,Nestinox,Oud-Turnhout,"Distributor of stainless steel fasteners (Benelux, Belgian sales office)",P1+P2,yes,8.1,confirmed,https://www.nestinox.com,via website (nestinox.com),,,"Specialist stainless-fastener distributor serving Belgium (NV-SA entity, Oud-Turnhout office) — on-target fasteners/fixings importer-distributor. Verified via fasteners.eu and root site.",https://www.fasteners.eu/company/detail71/
2-importer,Belgium,BE,De Smet nv,Smetlede (Lede),Trade wholesaler of plaster / gyproc / drywall materials for plasterers,P1+P2,yes,7.6,confirmed,https://www.pleistermaterialendesmet.be,desmetnv@skynet.be / +32 9 369 27 42,,,Trade-only wholesaler for professional plasterers and official Gyproc distributor (East Flanders) — on-target drywall/building-materials buyer.,https://www.pleistermaterialendesmet.be/
2-importer,Belgium,BE,Metalen Galler,"Flanders, Belgium",B2B distributor of ironware / hardware / fasteners / MRO,P1+P2,yes,7.5,plausible,https://metalengaller.be,via website,,,"Clearly-real named Belgian ijzerwaren/MRO distributor (steel & hardware specialist since 1845) on-target to fasteners/builder's-hardware, but the site returned HTTP 500 to the verifier (bot-walled) so it could not be page-confirmed.",https://metalengaller.be/ijzerwaren-en-mro-disitributeur-b2b/
2-importer,Belgium,BE,Claerbout,Ardooie (West Flanders),"Belgian B2B distributor/wholesaler of high-quality fastening materials (bolts, nuts, screws, plugs) and related construction supplies for the construction, woodworking and metal-construction trades.",P1+P2,yes,74,confirmed,https://www.claerbout.be,,,,On-target fastenings distributor to construction/woodworking/metal sectors — credible bulk buyer.,https://www.claerbout.be/nl/bevestigingen.html
2-importer,Belgium,BE,Demarmetal,Charleroi,"Belgian distributor and stockist of fasteners and bolts for professionals (bolts, nuts, washers, threaded rod, construction fixings in stainless and high-tensile steel).",P1+P2,yes,72,confirmed,https://www.demarmetal.be,info@demarmetal.be,,,Core-target Walloon fasteners/boltwork distributor serving the professional trade.,https://www.demarmetal.be
2-importer,Belgium,BE,Tout-Fix,Nimy (Mons),"Professional supplier since 1981 of mechanical and chemical fixation materials, bolts and screws (Fischer, Sormat, Erico) for construction and industry; handles large commercial orders in-stock or on-order.",P1+P2,yes,68,confirmed,https://www.tout-fix.be,info@tout-fix.be,,,On-target fixings/anchors distributor to professionals; some retail exposure but genuine trade supplier.,https://www.tout-fix.be/produits-materiel-fixation-boulonnerie.php
2-importer,Belgium,BE,Moulan,Chaineux (Herve),"Long-established (100+ yr, 5th-gen family) B2B wholesaler serving professionals with ~22,000 references incl. quincaillerie/fixings, pipe supports and metal-construction materials (alongside HVAC/plumbing).",P1+P2,yes,60,confirmed,https://www.moulan.be,info@moulan.be,,,Genuine B2B wholesaler that stocks fixings and metal-construction hardware — partial-fit buyer (broad HVAC/technical range beyond core).,https://www.moulan.be
2-importer,Belgium,BE,Profshop Plus,Schoten,"Distributor of building-finishing materials (facade, insulation, drywall/plaster finishing, profiles) for professionals, with technical advice and training; two branches (Schoten, Wilrijk).",P1+P2,yes,58,confirmed,https://profshop.be,info@profshop.be,,,On-target building-materials / drywall-finishing distributor; hybrid pro+DIY channel lowers tier slightly.,https://profshop.be
2-importer,Belgium,BE,Bermabru,Brussels,"Belgian wholesaler/importer of hardware and fittings with ~15,000 stock items (furniture & kitchen hardware, interior technology, assembly tools) and own transport.",P1+P2,yes,55,confirmed,https://www.bermabru.be,info@bermabru.be,,,"Genuine B2B hardware importer/wholesaler; core is furniture/interior fittings (adjacent to, not exactly, builder's hardware) so kept at lower tier.",https://www.bermabru.be
2-importer,Belgium,BE,Hansen Fasteners,,"Belgian specialist in stainless-steel fasteners (inox screws, bolts, fixings).",P1+P2,yes,62,plausible,https://www.hansenfasteners.be,,,,Named inox-fastener specialist on core target; site returns HTTP 403 to automated fetch (bot-walled) so marked plausible.,https://www.hansenfasteners.be
2-importer,Belgium,BE,Reyners,Overijse,"Belgian importer/distributor (45+ yr) of professional tools and hardware top-brands, sold through professional resellers / hardware stores and to industry.",P1+P2,yes,58,plausible,https://www.reyners.be,,,,Genuine trade importer/distributor selling to the hardware channel; site TLS/host-walled to automated fetch so marked plausible.,https://www.reyners.be
2-importer,Belgium,BE,Westinox International NV,Heule (Kortrijk),"Wholesaler of stainless (inox A2/A4) fastening materials, 4,000+ articles in stock: bolts, wood/hex bolts, nuts, washers, threaded rod, screws, brackets, plugs, hammer-head bolts and chemical fixings; own delivery fleet. Founded 1983, family-run.",P1,yes,4,plausible,https://www.westinox.be,,,,"Clearly-real named inox-fastener wholesaler documented across BE trade directories (address, phone, 4,000-item stock, own logistics). Root domain did not resolve on fetch, so kept as plausible rather than confirmed.",https://www.europages.nl/WESTINOX-INTERNATIONAL/BEL098301-00101.html
2-importer,Belgium,BE,Mefaco International NV,Dendermonde,"B2B distributor of mechanical fasteners and installation tools, 100,000+ articles from standard screws to customer-specific connection elements; wire thread inserts, rivet nuts, blind rivets, locking/structural fasteners, plus assembly tooling. Supplies industry, construction and specialised distributors.",P1,yes,4,confirmed,https://www.mefaco.be,info@mefaco-intl.com,,,Large stock-holding fastener distributor (100k SKUs) serving construction among other sectors; explicitly supplies distributors too. Site live. Industrial-leaning but on-target fasteners buyer.,https://mefaco.be/
2-importer,Belgium,BE,Boulons Mayer NV,Zottegem,B2B wholesale distributor of bolts and fastening materials for professionals,P1+P2,yes,8,confirmed,https://www.boulonsmayer.be,stephan@boulonsmayer.be / +32 492 59 48 13,,,75+ year fastener specialist selling to professionals across Belgium/Europe/Africa — dedicated fastener wholesaler.,https://www.boulonsmayer.be/
2-importer,Belgium,BE,R. Janssen & Zn NV,Turnhout,B2B wholesaler/stockholder & distributor of builder's hardware (bouwbeslag) and ironmongery,P1+P2,yes,7.5,plausible,https://janssenr.be,,,,Established (1950) family stockholder/distributor of ironmongery & builder's hardware for the BE/NL market; site is bot-walled (HTTP 403) but company is clearly real and on-target.,https://janssenr.be/nl/
2-importer,Belgium,BE,Santens,"Merelbeke-Melle (branches: Gent, Brugge, Sint-Niklaas, Herentals)",B2B distributor of builder's hardware (bouwbeslag) and fastening materials,P1+P2,,7.5,plausible,https://santens.be,,,,Multi-branch Belgian bouwbeslag & bevestiging distributor stocking major fastener brands for construction pros; site returns HTTP 403 (bot-walled) but is a clearly-real named distributor.,https://santens.be/nl/bouwbeslag-bevestiging/bevestigingsmaterialen
2-importer,Belgium,BE,Groep Verhelst,Oudenburg,B2B builder's merchant / distributor & wholesaler of building materials,P1+P2,yes,6.8,confirmed,https://www.verhelst.be,info@verhelst.be,,,Multi-branch (11 sites) Belgian building-materials multispecialist supplying construction professionals — on-target building-materials merchant (also serves DIY).,https://www.verhelst.be/nl
2-importer,Portugal,PT,"PECOL - Sistemas de Fixacao, S.A.",Agueda,"Manufacturer + national distributor/wholesaler of fasteners, screws and fixings; 40,000+ references including nylon, metal and chemical anchors (buchas) and drywall accessories; branches in Alverca, Braga, Coimbra, Lisboa and Aveiro; HQ Agueda.",P1+P2,yes,5,confirmed,https://pecol.pt,info@pecol.pt / +351 234 612 900,,,Distributes exactly this category (metal/nylon/chemical cavity anchors) at scale to the construction and installer trade nationwide via multiple branches; verified live HTTP 200 with explicit buchas range.,https://pecol.pt
2-importer,Portugal,PT,Obras360 (Grupo Sotecnisol),Lisboa (+7 branches),"Construction & energy materials distributor with 10,000+ products across 8 branches (Lisboa, Palmela, Olhao, Leiria, Coimbra, Maia, Gaia, Braga); dedicated 'Buchas / Parafusos / Ferragens' and 'Acessorios Gesso Cartonado' lines; professional discounts and click & collect.",P1+P2,yes,5,confirmed,https://www.obras360.pt,apoiocliente@obras360.pt / +351 211 944 006,,,"Carries buchas plus gesso cartonado accessories and offers pro discounts across 8 locations, implying trade/bulk sourcing; verified live HTTP 200.",https://www.obras360.pt
2-importer,Portugal,PT,"Tamiexmat (Tamigessos - Materiais de Construcao, Lda)",Penafiel area,"B2B construction-materials distributor/wholesaler with 5,000+ references; pladur/gesso cartonado plus buchas para pladur (e.g. buchas Zamak, NYF nylon), insulation, fixings and tools; nationwide online distribution.",P1+P2,yes,4.5,confirmed,https://www.tamiexmat.pt,+351 255 531 933,,,Pladur specialist already carrying buchas para pladur; wholesale model fits bulk cavity-anchor sourcing; verified live HTTP 200 with drywall + anchor SKUs.,https://www.tamiexmat.pt
2-importer,Portugal,PT,Casa Peixoto,Braga / northern Portugal (6 stores),"Building-materials retail/distribution chain (45+ years; stores in Viana do Castelo, Porto, Braga, Lisboa, Palmela, Aveiro; Casa Peixoto PRO store with 30,000+ references) carrying gesso cartonado/pladur plates, profiles and accessories, plus hardware and fixings.",P1+P2,yes,4,plausible,https://casapeixoto.pt,,,,"Multi-store chain with a dedicated PRO trade format stocking the pladur system incl. accessories, so cavity anchors are a natural adjacent line; site HTTP 403 bot-walled, identity + store network confirmed via search.",https://casapeixoto.pt/470-gesso-cartonado
2-importer,Portugal,PT,Hilario & Alves,Portugal,"Hardware & tools distributor (physical store + online, est. 1972) with a dedicated Ferragens > Parafusos > 'Buchas e Fixacoes' catalog; also machines, sealing systems, screws, threaded rod, rivets and door/gate accessories; recognised PME Lider/Excelencia.",P1+P2,yes,4,plausible,https://www.hilarioalves.com,,,,"Runs a dedicated 'Buchas e Fixacoes' product line under Ferragens/Parafusos and supplies the trade; site HTTP 403 bot-walled, identity + catalog confirmed via search.",https://www.hilarioalves.com/pt/ferragens/parafusos/buchas-e-fixacoes/pc-6702
2-importer,Portugal,PT,"Coferol - Comercio de Ferragens, Lda",Pombal,"Hardware (ferragens) distributor/wholesaler in Pombal; kitchen, furniture, wardrobe and door hardware plus fasteners, wood screws and anchors ('Buchas e Tap-Tips', chemical anchors); PME Lider 2025.",P1+P2,yes,3,confirmed,https://www.coferol.pt,,,,"Distributes fasteners and anchors to the carpentry/construction trade, adjacent to a cavity-anchor line; verified live HTTP 200. Fit moderate (furniture/door-hardware lean).",https://www.coferol.pt
2-importer,Portugal,PT,"Ferrai, Ferramentas Industriais, S.A.","Grijo, Vila Nova de Gaia","Distributor (est. 1990) of tools, machines and accessories for industry and professionals; 2000 m2 store in Grijo, Vila Nova de Gaia; range includes screws, nuts, washers and buchas (Tapit, nylon, steel).",P1+P2,,3.5,plausible,https://ferrai.pt,+351 227 471 077,,,"Carries anchors (buchas) and fasteners for the professional/industrial trade; site HTTP 403 bot-walled, identity + anchor range confirmed via search.",https://ferrai.pt/quem-somos/
2-importer,Portugal,PT,"Carvalho Batista, Lda",Lisboa,"Lisbon supplier of ferragens, ferramentas e materiais de construcao (B2B + retail) with a dedicated 'Fixacao' category, furniture/door hardware, locks and power tools.",P1+P2,,3,confirmed,https://www.carvalhobatista.com,carvalho.baptista.lda@gmail.com / +351 213 157 838,,,Sells fixings (Fixacao category) to the Lisbon construction/renovation trade; verified live HTTP 200. Fit moderate.,https://www.carvalhobatista.com
2-importer,Portugal,PT,"Wurth Portugal - Tecnica de Montagem, Lda",Sintra,"Portuguese arm of the Wurth group: national B2B distributor of 100,000+ MRO/assembly and fixing products to the construction, mobility and industry trades, with branches nationwide and a trade eshop (eshop.wurth.pt). Runs a dedicated 'Bucha para pladur' (drywall anchor) product category.",P1+P2,yes,5,confirmed,https://www.wurth.pt,,,,Major national trade distributor whose eshop carries an explicit drywall-anchor category; a high-volume channel buyer for cavity/toggle fixings. Homepage is bot-walled but the live drywall-anchor category page was opened.,https://eshop.wurth.pt/Categorias-de-Produto/Bucha-para-pladur-zinco-fundido/312445070201.cyid/3124.cgid/pt/PT/EUR/ ; https://www.fasteners.eu/company/portugal/anchors/distributor/0/
2-importer,Portugal,PT,Majodir,"Loures (Unhos), Lisboa","Building-materials and fixings distributor (B2B + retail) in the Loures/Lisboa area, with physical branch and online store. Product tree includes a 'Buchas e Fixacao' (anchors & fixings) category, and it lists a bucha borboleta (toggle/butterfly) drywall anchor.",P1+P2,yes,3,plausible,https://www.majodir.com,info@majodir.com,,,"Live building-materials merchant/distributor that carries a fixings category and an explicit toggle drywall anchor product; a plausible regional buyer, though it is B2B+retail rather than a pure fixings wholesaler.",https://www.majodir.com/pt/ ; https://www.majodir.com/pt/fixacao/bucha-borboleta-polimero_p3180.html
2-importer,Portugal,PT,"Allmat (Alvaro Covelo & Pinto, Lda)",Portugal,"Construction-materials merchant/distributor operating since 1987 (rebranded Allmat in 2023), serving the construction trade and DIY with an online store and physical presence. Stocks Fischer drywall anchors (bucha pladur) among its fixings range.",P1+P2,,3,plausible,https://allmat.pt,,,,"Genuine long-established building-materials merchant that stocks branded drywall anchors; a smaller/weaker fit than the pure fixings distributors and somewhat DIY/retail-leaning, but on-target as a materials buyer. Site is bot-walled to automated fetch; identity and drywall-anchor stock confirmed via About page and product listings.",https://allmat.pt/sobre-nos/ ; https://allmat.pt/produto/fischer-blister-bucha-pladur/
2-importer,Portugal,PT,Ferragens do Marquês,Pombal,"Importer and distributor of builder's hardware, fixings and doors for civil construction, public works, carpentry and metalwork",P1+P2,yes,4.5,confirmed,https://www.ferragensdomarques.pt,,,,Dedicated importer-distributor of construction hardware since 1984 with three warehouses — squarely on-target.,https://www.ferragensdomarques.pt/empresa/
2-importer,Portugal,PT,Almácla,,"Distributor of drywall/plasterboard (Pladur) systems, profiles, insulation and construction/finishing materials since 1970",P1+P2,yes,4,confirmed,https://www.almacla.pt,,,,Specialist drywall/pladur materials distributor — directly on-target for drywall accessories and profiles.,https://www.almacla.pt/
2-importer,Portugal,PT,"Ferragsil, Lda",Cantanhede,"Wholesale trade (CAE 46840) of hardware, hand tools and fixings; importer/exporter for construction, garden, safety and work-protection",P1+P2,yes,3.5,confirmed,https://www.ferragsil.pt,,,,Registered hardware/fixings wholesaler and importer/exporter — on-target B2B buyer.,http://www.ferragsil.pt/loja/index.php?route=information/information&information_id=4
2-importer,Portugal,PT,JCD - José Contente Duarte,Pombal,"Distributor of construction machinery, tools, drywall/pladur profiles and building materials (official distributor for Putzmeister, PFT, Eibenstock)",P1+P2,yes,3.5,confirmed,https://www.jcd.com.pt,geral@jcd.com.pt / +351 236 219 230,,,Distributor carrying drywall profiles and building materials for construction professionals.,https://www.jcd.com.pt/
2-importer,Portugal,PT,Liveplace (Live-Place),Sabugal,"Construction-solutions distributor/retail chain with 12 branches nationwide and 5,000+ references — drywall, fasteners & fixings, insulation, waterproofing, acoustic panels, tools; offers business credit",P1+P2,yes,8.5,confirmed,live-place.com,+351 937 799 000 / geral@live-place.com,,,Multi-branch distributor stocking fasteners/fixings and drywall systems at volume with trade credit,https://www.live-place.com
2-importer,Portugal,PT,"Lismânia - Ferragens e Decorações, Lda",Santo Tirso (Rebordões / S. Tomé de Negrelos),"Portuguese manufacturer AND distributor of fastening articles since 1979 — nails, staples, coil/strip fasteners, decorative fixings; 5,000+ references, ISO 9001, present in 20+ countries",P1+P2,yes,8,confirmed,lismania.com,+351 252 871 825 / mail@lismania.com,,,"Large fastenings distributor with a 5,000-ref catalogue — buys/distributes fixings at scale",https://lismania.com
2-importer,Portugal,PT,"Carvalho & Maia, Lda - Materiais de Construção e Decoração",Peniche (Oeste region),"Building-materials & decoration merchant since 1982 — 1,200m2 showroom + warehouse serving professionals and public; construction materials, drywall/pladur, fixings, hardware, ceramics; nationwide delivery",P1+P2,yes,7,plausible,carvalhoemaia.pt,+351 262 790 280,,,Real builder's merchant with professional/warehouse trade; site bot-walled (403) but business verified via directories,https://www.carvalhoemaia.pt
2-importer,Portugal,PT,"Rebitec - Técnica de Fixação, Lda",Maia (Nogueira),"Importer/exporter and distributor of fastening materials since 1996 — wide range of screws, nuts and rivets, plus related machines and tools",P1+P2,yes,7,plausible,rebitec.pt,+351 229 436 320 / geral@rebitec.pt,,,Dedicated fasteners import/export distributor; website did not resolve at check but company is real and on-target per business registries (NIF 503653446),http://www.rebitec.pt/
2-importer,Portugal,PT,Fastbolt / FB Ibérica,Albergaria-a-Velha,"B2B importer/wholesaler of industrial fasteners (self-tapping, self-drilling, chipboard and drywall screws, machine screws, bolts, nuts, washers, threaded rods) supplied to distributors/resellers. Portugal arm of the Fastbolt group (est. 1982).",P1+P2,yes,4.5,confirmed,https://www.fb-iberica.com,info@fb-iberica.com,,,"Range-specialist fastener importer selling in bulk to trade resellers — exactly the fasteners/fixings target, incl. drywall screws.",https://www.fastbolt.com/portugal/en/home-en/
2-importer,Portugal,PT,"CBC - Carvalho, Batista & Cª, Lda",Porto,"Established 1953; commercialization/distribution of construction materials and hardware (hinges, handles, locks, door closers, springs), tools and flat glass to trade and retail; e-commerce + physical stores in Porto and Lisboa.",P1+P2,yes,4.2,confirmed,https://www.carvalhobatista.pt,,,,Long-established hardware + building-materials distributor serving trade; on-target for fixings/builder's hardware sourcing.,https://www.carvalhobatista.pt/p2-c-76-ferragens-pt
2-importer,Portugal,PT,Liztherm,Leiria,"Distributor of construction supplies — fixing bushings/anchors, high-resistance screws, finishing profiles, fibreglass mesh, ETICS systems, mortars and adhesives — to construction professionals and companies; official Weber distributor; nationwide delivery.",P1+P2,yes,3.9,confirmed,https://liztherm.pt,geral@liztherm.com / +351 244 834 244,,,Trade distributor of fixings/screws/profiles and construction-system accessories — on-target fasteners/fixings buyer.,https://liztherm.pt/acessorios-para-construcao/
2-importer,Portugal,PT,Leiritécnica,Leiria,"B2B distributor/wholesaler of construction and industrial supplies — fasteners, clamps and fixings, profiles and accessories, sealants, welding, ventilation and power tools; not a manufacturer or retail-focused.",P1+P2,yes,3.9,confirmed,https://www.leiritecnica.pt,geral@leiritecnica.pt / +351 244 828 011,,,Explicit trade wholesaler carrying fasteners/fixings and profile accessories — on-target.,https://www.leiritecnica.pt/en/product-category/abracadeiras-parafusaria-e-fixacao/parafusos/
2-importer,Portugal,PT,Correia Parafusos,Portugal,"Screw and fixing specialist (""Especialistas e Generalistas em Parafusos"") distributing screws, nuts, washers, threaded rods, anchors, rivets and drilling tools to trade via online shop + client area.",P1+P2,yes,3.8,confirmed,https://correiaparafusos.pt,,,,Dedicated fastener/fixing distributor with trade client area — squarely on-target.,https://correiaparafusos.pt/
2-importer,Portugal,PT,"NLG Fasteners Portugal, Lda",Porto / Maia,"B2B fastener distributor operating in the greater Porto area since 1998; catalogue of 50,000+ items (screws, nuts, washers, pins, rivets) to DIN/ISO/UNC/ANSI standards, reselling multiple third-party brands (AkFix, Alyco, Licon, Hitachi, TopTul) with express 24h delivery.",P1+P2,yes,5,confirmed,https://www.nlgportugal.com,,,,Pure fastener/fixings wholesale distributor that resells third-party brands (not a manufacturer) with a very broad SKU base and express B2B delivery - a direct-fit reseller buyer for Turkish fasteners/drywall screws. Site opened live.,http://www.nlgportugal.com/
2-importer,Portugal,PT,"Al Metal, Lda (Parafusos-Online.com)",Vila do Conde,"Fastener distributor/commercializer in Vila do Conde stocking 50,000+ standard steel and stainless (A2/A4) screws, nuts, washers and rivets plus special-metal parts; serves shipbuilding, furniture, petrochemical and general industry (not a manufacturer).",P2,yes,4,confirmed,https://www.parafusos-online.com,,,,"Genuine fastener distributor reselling a 50k-SKU standard steel/stainless range plus specials - on-target reseller buyer, though skewed toward industrial/special metals. Company page verified live.",https://www.parafusos-online.com/empresa
2-importer,Portugal,PT,Placogesso - Materiais de Construcao Lda,Pombal,"Distributor/wholesaler of plasterboard (gesso cartonado), metal profiles, drywall accessories, adhesives, PVC trim and fixings with warehouses in Pombal, Leiria, Vila Nova da Barquinha and Castelo Branco; carries Knauf, Gyptec and other brands.",P1+P2,yes,4,confirmed,https://placogesso.pt,info@placogesso.pt,,,Multi-warehouse drywall/plasterboard distributor reselling profiles and fixings - on-target reseller buyer for drywall screws/accessories. Verified live with contact email.,https://placogesso.pt/
2-importer,Portugal,PT,Alcapoes.pt,"Calvao, Aveiro","Specialist distributor of drywall (gesso cartonado) accessories - access hatches, metal profiles, plasterboard, compounds and fixtures - from Calvao, Aveiro, selling online and in-store to construction professionals at factory pricing.",P1,,3,confirmed,https://www.alcapoes.pt,info@alcapoes.pt,,,"On-target reseller of drywall accessories/profiles/fixings serving construction pros; smaller and leans toward store/online retail, so a lower-tier but genuine buyer. Verified live with contact email.",https://www.alcapoes.pt/
2-importer,Netherlands,NL,Deltafix International B.V.,Hoofddorp,"International wholesaler/importer of ironmongery and fastening materials (ijzerwaren en bevestigingsmaterialen), 6,000+ products, pan-European distribution",P1+P2,yes,5,confirmed,deltafix.com,info@deltafix.com / +31 20 655 63 90,,,"Site live; stocks multiple hollewandplug variants (10x50, 12x60, with/without screw). Import-and-redistribute model shipping to shops/chains across Europe — direct fit to import drywall cavity anchors/toggles.",https://deltafix.com/
2-importer,Netherlands,NL,Hoenderdaal Fasteners,Veenendaal,"Developer, importer, wholesaler and exporter of fastening technology (bevestigingstechniek) since 1966; 10,000+ items supplying the hardware/building trade",P1+P2,yes,4.5,confirmed,hoenderdaal-fasteners.nl,verkoop@hoenderdaal-fasteners.nl / +31 318 539 711,,,Site live; self-describes as importeur/groothandel/exporteur in fastening technology to the hardware and building trade. Broad screw/anchor brand portfolio; genuine import channel for cavity anchors/toggles (specific cavity SKU not shown on home this run).,https://www.hoenderdaal-fasteners.nl/
2-importer,Netherlands,NL,Wurth Nederland B.V.,'s-Hertogenbosch,"National B2B distributor of assembly and fastening materials, business-only sales, 125,000+ articles, 51 shops in NL",P1+P2,yes,4,confirmed,wurth.nl,+31 73 629 1911,,,Site live; explicit 'Alleen voor ondernemers / verkoop alleen aan bedrijven' and an 'Ankers en pluggen' category. Major nationwide distributor that imports and re-sells fixings — realistic bulk buyer.,https://www.wurth.nl
2-importer,Netherlands,NL,Dozon B.V.,Doetinchem,"Wholesaler (groothandel) of ironmongery, building hardware and fastening materials, multiple branches across NL",P1+P2,yes,4,confirmed,dozon.nl,,,,Site live; catalog lists Hollewandpluggen under Bevestigingsmaterialen > Pluggen. Multi-branch B2B distributor supplying trade customers — genuine cavity-fixings buyer.,https://www.dozon.nl
2-importer,Netherlands,NL,Groenhart,Purmerend,"Building-technical wholesaler (bouwtechnische groothandel) for hardware, tools and equipment, 13 branches in Noord-Holland",P1+P2,yes,4,confirmed,groenhart.nl,,,,Site live; dedicated Hollewandpluggen category under Bevestigingsmaterialen. Stocking regional wholesaler serving business customers — imports fixings for resale.,https://www.groenhart.nl/bevestigingsmaterialen/pluggen/hollewandpluggen/c-326
2-importer,Netherlands,NL,Marree Technische Groothandel B.V.,Harderwijk,"Technical wholesaler for construction and industry since 1933, 30,000+ products in stock, own delivery service",P1+P2,yes,4,confirmed,marree.nl,verkoop@marree.nl / 0341-467755,,,Site live; hollewandpluggen listed in the Pluggen fastening-materials category. Stocking B2B wholesaler and natural re-seller of imported cavity anchors/toggles.,https://www.marree.nl
2-importer,Netherlands,NL,Mastermate,,"National B2B technical wholesaler (technische groothandel) for construction, 48 branches",P1+P2,yes,4,confirmed,mastermate.nl,,,,Site live; assortment covers Bevestigingsmateriaal and a 'Verankeren en bevestigen' expertise area. Large 48-branch B2B distributor serving professional contractors — realistic bulk buyer.,https://www.mastermate.nl
2-importer,Netherlands,NL,IJzerwarenUnie,Leiden,"B2B purchasing/wholesale platform for ironmongery and fastening materials (bouw, industrie, installatie, facilitair); ~700,000 articles, 51,000 direct-deliverable",P1+P2,yes,3,confirmed,ijzerwarenunie.nl,,,,"Site live; business-only 'zakelijke aankopen op rekening' with Pluggen under Bevestigingsmaterialen, serving NL and Belgium. Could carry an imported anchor line, though more marketplace than pure importer.",https://www.ijzerwarenunie.nl
2-importer,Netherlands,NL,Lasaulec,Drachten,"Technical wholesaler (tools, safety, welding, fastening materials) serving trade/industry",P1+P2,yes,4,confirmed,lasaulec.nl,,,,Site live; specifically carries hollewandpluggen within its fastening-materials section. Broad B2B technische groothandel — realistic re-seller of imported cavity anchors.,https://www.lasaulec.nl/
2-importer,Netherlands,NL,Kroon B.V. Technische Groothandel,Hoogezand,"Technical wholesaler (fixings, hardware, tools, machines, PPE) for construction/industry/shipbuilding; 12 branches, HQ Hoogezand",P1+P2,yes,4,plausible,kroon.nl,,,,Domain resolves but returned HTTP 403 bot-wall this run; known real 12-branch Dutch technical wholesaler with a bevestigingsmaterialen/pluggen category incl. plugs for gypsum board. Regional bulk stockist — kept plausible.,https://www.kroon.nl/bevestigingsmaterialen/pluggen
2-importer,Netherlands,NL,DKH Groothandel,Giessen,"Wholesaler of bevestigingsmateriaal & tools since 2013, dedicated pluggen-en-ankers range (spreid/slag/GX plugs, chemical anchors)",P1+P2,yes,4,plausible,dkhgroothandel.nl,,,,Domain resolves but returned HTTP 403 bot-wall this run; 'Groot in bevestigingsmaterialen' with a dedicated pluggen-en-ankers line supplying vakman + bedrijven — strong cavity-anchor fit. Kept plausible.,https://www.dkhgroothandel.nl/product-categorie/pluggen-en-ankers/
2-importer,Netherlands,NL,Lecot,Netherlands / Belgium (NL site lecot.nl),"Trade distributor of building hardware/fastening materials ('De vakhandel voor elke bouwprofessional') across NL and Belgium, multi-branch omnichannel",P1+P2,yes,4,confirmed,lecot.nl,,,,Site live; trade-professional-only Benelux distributor with a Bevestigingen en chemicalien fasteners section. Multi-branch = bulk buyer (specific cavity subcategory not shown on home this run).,https://lecot.nl/
2-importer,Netherlands,NL,Stafa Group,Maarheeze,Importer/wholesaler of fasteners (standard + special/custom),P1+P2,yes,9.3,confirmed,https://www.stafa.nl,+31 495 599 888 / info@stafa.nl,,,"Positions itself as leading wholesaler in fasteners, direct import/export, serves wholesale & industrial sectors — strong bulk importer.",https://www.stafa.nl/en
2-importer,Netherlands,NL,Gebo Fasteners BV,Eindhoven,Wholesaler of fastening materials for construction,P1+P2,yes,9,confirmed,https://www.gebobv.nl,+31 40 290 2580 / info@gebobv.nl,,,"Dedicated B2B wholesaler serving steel/concrete construction, offshore, machinery — clearly trade-only bulk buyer.",https://www.gebobv.nl/
2-importer,Netherlands,NL,Steelfast,Alblasserdam,Importer & distributor of fasteners (standard + special),P1+P2,yes,8.8,confirmed,https://www.steelfast.nl,See contact page (site mid-redesign),,,"Specialist importer/distributor sourcing from Europe & Asia for maritime, construction, energy — on-target importing buyer.",https://www.steelfast.nl/en/
2-importer,Netherlands,NL,FEKO BV,Gasselternijveen,Wholesaler & importer of fastening materials,P1+P2,yes,8.7,confirmed,https://fekobv.nl,+31 599 63 72 51,,,Explicit 'groothandel en importeur van bevestigingsmateriaal'; login-gated B2B for construction & industry — direct bulk importer.,https://fekobv.nl/
2-importer,Netherlands,NL,Rokafast,Twello,Wholesaler/distributor of fastening materials,P1+P2,yes,8.7,confirmed,https://www.rokafast.nl,+31 88 256 01 00 / info@rokafast.nl,,,"Fastening specialist for medium/large businesses, trade-only, 60k SKUs — solid bulk buyer.",https://www.rokafast.nl/
2-importer,Netherlands,NL,Aramfix,Geertruidenberg,Global fastener distributor/importer (NL-based),P1+P2,yes,8.6,confirmed,https://www.aramfix.com,info@aramfix.com,,,"NL-headquartered (Geertruidenberg, North Brabant) distributor with connected warehouses serving 160+ countries — large-volume importer/distributor.",https://www.aramfix.com/our-story
2-importer,Netherlands,NL,Baustoff + Metall Nederland,Den Bosch,Distributor/wholesaler of drywall & dry-construction materials,P1+P2,yes,8.3,confirmed,https://www.baustoff-metall.nl,+31 73 206 2350,,,"Trade-only drywall/droogbouw distributor (Den Bosch, Zwolle, Roelofarendsveen) carrying fasteners & drywall accessories — on-target building-materials buyer.",https://www.baustoff-metall.nl/
2-importer,Netherlands,NL,Astrimex,Leek,Importer & wholesaler of ceiling/wall & drywall systems,P1+P2,yes,8.2,confirmed,https://www.astrimex.nl,+31 594 552323 / info@astrimex.nl,,,Importer/wholesaler of drywall & ceiling systems (Leek & Utrecht) selling to construction specialists — on-target drywall-accessory buyer.,https://www.astrimex.nl/
2-importer,Netherlands,NL,Wemekamp Groothandel,Den Ham,Wholesaler of fastening materials & builder's hardware,P1+P2,yes,8,confirmed,https://www.wemekamp-groothandel.nl,+31 546 67 33 44 / info@wemekamp-groothandel.nl,,,Account-gated wholesaler with bulk packaging (per 100) and €450 free-shipping threshold — trade-focused bulk buyer of fastenings/hardware.,https://www.wemekamp-groothandel.nl/
2-importer,Netherlands,NL,Middel Groothandel,Alblasserdam,"B2B wholesaler (fastenings, ijzerwaren, industrial supplies)",P1+P2,yes,7.5,confirmed,https://www.groothandelmiddel.nl,+31 78 642 9830 / info@groothandelmiddel.nl,,,"Trade-only wholesaler serving construction, industry, shipping & offshore; carries fastenings & ijzerwaren — smaller but on-target bulk buyer.",https://www.groothandelmiddel.nl/
2-importer,Netherlands,NL,Van Buuren Groep,Rijssen,"Technical wholesaler: builder's hardware, ironmongery & fasteners (15 branches)",P1+P2,yes,4,confirmed,https://van-buuren.com,KvK 08093514 (contact via /contact),,,15-branch wholesaler to construction/installation/joinery sectors; ironmongery + fastening materials squarely on-target.,https://van-buuren.com/webshop/hang-en-sluitwerk
2-importer,Netherlands,NL,Onkenhout & Onkenhout B.V.,Diemen,B2B distributor of mechanical fastening & access hardware,P1+P2,yes,4,confirmed,https://www.onkenhout.nl,+31 20 660 02 02,,,"Long-established (1956) specialist wholesaler in mechanical fastening technique and access hardware; distributor, not manufacturer.",https://www.onkenhout.nl/onkenhout-geschiedenis/
2-importer,Netherlands,NL,Fastar (Fastarshop.nl),Venray,Wholesaler / specialist in fastening materials,P1+P2,yes,3,plausible,https://www.fastarshop.nl,,,,"Real named bevestigingsmaterialen specialist (successor to the now-parked Fastenershop brand), but site returned HTTP 403; kept as plausible.",https://www.fastarshop.nl/bevestigingsmaterialen.html
2-importer,Netherlands,NL,Schroevengroothandel.nl,Heiloo,Wholesaler of screws & fastening materials (B2B + some B2C),P1+P2,yes,3,confirmed,https://www.schroevengroothandel.nl,info@schroevengroothandel.nl / 085-1304000,,,"25-year fastening-materials wholesaler serving professional businesses (also sells to consumers, so not retail-only); on-target for fasteners.",https://www.schroevengroothandel.nl/
2-importer,Netherlands,NL,Wovar B.V.,Groningen,"Wholesale (groothandel) of screws, fasteners and ironware selling B2B only to dealers/trade (hardware specialty shops, timber traders, construction firms, joineries); 6,500+ articles ex-stock from an 8,000 m2 warehouse, including pluggen (plugs) and hollow-wall/drywall plugs. Wholesale division ships full pallets.",P1+P2,yes,76,confirmed,https://www.wovar.nl,+31 50 211 3434; contact form at wovar.nl,,,"Verified live. Genuine B2B-only groothandel (KvK-gated, full-pallet wholesale) carrying plugs and hollow-wall anchors — on-target for drywall fixings in bulk.",https://www.wovar.nl/voor-groothandel/
2-importer,Finland,FI,Ferrometal Oy,Nurmijärvi,"Fastener & c-parts importer/wholesaler (55,000 active articles; part of Würth Group)",P1+P2,yes,4.8,plausible,https://www.ferrometal.fi,+358 10 308 11,,,Industry-leading Finnish/Baltic importer-wholesaler of fasteners and small fixings to construction and industry — core buyer profile for cavity anchors. Homepage 403 to automated fetch (bot-walled) but confirmed live and real via multiple sources.,https://www.ferrometal.fi/en/ferrometal/company/company_1.php
2-importer,Finland,FI,Würth Oy,Riihimäki,"National distributor of fastening technology, anchors and professional fixings",P1+P2,yes,4.6,confirmed,https://www.wurth.fi,asiakaspalvelu@wurth.fi / 019 7701,,,Live site lists anchoring (Ankkurointi) and fastening technology categories; nationwide small-parts logistics distributor that sources and resells fixings.,https://www.wurth.fi
2-importer,Finland,FI,Etra Oy,Vantaa,"Industrial products & supplies distributor (~300,000 products) with dedicated fasteners range",P1+P2,yes,4.7,confirmed,https://www.etra.fi,vantaa@etra.fi / 020 765 4600,,,Runs an explicit 'Cavity fixings' product category under Metal anchors/Fasteners — exact on-target distributor. Live product catalogue indexed; homepage 403 to automated fetch but product pages reachable.,https://www.etra.fi/en/fasteners-e200/metal-anchors-and-other-fasteners-e2056/cavity-fixings-e205650
2-importer,Finland,FI,Ahlsell Oy,Hyvinkää,"B2B technical wholesaler (tools, fasteners, building & installation supplies)",P1+P2,yes,4.2,confirmed,https://www.ahlsell.fi,,,,Live nationwide technical wholesaler with e-commerce and branch network serving trade professionals; standard channel for fixings.,https://www.ahlsell.fi
2-importer,Finland,FI,Stark Suomi Oy,,National building-materials merchant chain (formerly Starkki),P1+P2,yes,4,plausible,https://www.stark-suomi.fi,,,,Major Finnish building-materials chain selling to trade and pro builders; starkki.fi 301-redirects here confirming active rebrand. Renders client-side (empty body to automated fetch).,https://www.stark-suomi.fi/
2-importer,Finland,FI,Kesko / K-Rauta,,National building-materials & hardware retail/trade chain (Kesko Oyj),P1+P2,yes,3.8,confirmed,https://www.k-rauta.fi,,,,Live nationwide chain with building-materials and pro-trade channel; large-volume buyer of hardware assortments including fixings.,https://www.k-rauta.fi
2-importer,Finland,FI,Taloon Yhtiöt Oy (Taloon.com),Vantaa,"Online + branch building-supplies merchant (250,000+ products, trade & consumer)",P1+P2,,3.7,confirmed,https://www.taloon.com,myynti@taloon.com / 010 440 9200,,,Live large-range hardware merchant serving trade as well as consumers; carries Pienrauta (small metalware/fasteners) category.,https://www.taloon.com
2-importer,Finland,FI,Isojoen Konehalli Oy (IKH),,"One of Finland's largest wholesalers of tools, hardware and fastening supplies (kiinnitystarvikkeet/heloitus) to retailers and professionals.",P1+P2,yes,4,plausible,https://www.ikh.fi,,,,Domain LIVE but bot-walled (403); has a fastenings/screws (ruuvit) catalogue section. Established Finnish hardware/fastener wholesaler — genuine B2B fit.,https://www.ikh.fi/fi/kiinnitystarvikkeet-heloitus/ruuvit
2-importer,Finland,FI,Botnia Bolt Oy,Kristiinankaupunki,"B2B fastener specialist/wholesaler, 30 years; ~60,000 stocked items (steel, stainless, brass, polyamide); serves construction, industrial and infrastructure; branches in Kristiinankaupunki, Vaasa, Pietarsaari.",P1+P2,yes,4,confirmed,https://botniabolt.fi,info@botniabolt.fi / +358 24 8090 200,,,Site verified LIVE with full contact details; explicitly a B2B fastener specialist/wholesaler serving construction. Solid regional distributor fit.,https://botniabolt.fi/en/fastening-en/fasteners/
2-importer,Finland,FI,Ruuvit-express (Ruuvi Express Oy),,"Online fastener store serving professionals and private customers; 45,000+ screw/fastening products; 16,000 m² warehouse; operating since 1975; no minimum order.",P1+P2,,3,confirmed,https://www.ruuvit-express.fi,,,,Site verified LIVE; explicitly for 'ammattilaisille ja yksityishenkilöille' (professionals and individuals). Genuine fastener specialist e-merchant; smaller/specialist tier.,https://www.ruuvit-express.fi/
2-importer,Finland,FI,Semtu Oy,Sipoo (Talma) / Kerava,"Construction-industry technical wholesaler/importer (rakennusalan tekninen tukkukauppa) of anchors, fasteners, reinforcement products, concrete accessories and waterproofing; founded 1942.",P1+P2,yes,5,confirmed,semtu.fi,"Sales +358 9 2747 9565; Martinkyläntie 586, 04240 Talma",,,Verified live: specialist B2B distributor/importer of construction fasteners and anchors with ETA/CE-certified range; strongly on-target.,https://www.semtu.fi
2-importer,Finland,FI,Tibnor Oy,Nationwide (Finland service centers),"Leading Nordic/Baltic steel and metals distributor/wholesaler; supplies construction steel, reinforcement and sheet piling plus preprocessing (cut/bend), delivered to sites.",P1+P2,yes,3,confirmed,tibnor.fi,,,,Verified live building-materials (structural steel/rebar) distributor to construction customers; adjacent building-materials fit rather than pure fasteners.,https://www.tibnor.fi
2-importer,Finland,FI,Eurofasteners Oy,Vantaa,Finnish B2B supplier of fasteners and fastening accessories.,P1+P2,yes,3,plausible,eurofasteners.fi,,,,Named Finnish fastener distributor (Vantaa) on-target for fixings; host unreachable at fetch time (connection refused). Kept as plausible pending re-check.,https://eurofasteners.fi
2-importer,Finland,FI,Pameto Ab,Finland,"Finnish company that imports (and part-produces) fasteners, supplying the fastening trade.",P1+P2,yes,3,plausible,pameto.fi,,,,"Named Finnish fastener importer/distributor, on-target; host unreachable at fetch time. Some own production noted, but imports qualify it as a distributor. Kept as plausible.",https://www.pameto.fi
2-importer,Finland,FI,H&H Tuonti Oy,Espoo,B2B importer/distributor,P1+P2,yes,4.7,confirmed,hhtuonti.fi,09 5259 030 / myynti@essve.fi,,,"Dedicated importer/distributor of professional fastening products (5,000+ SKUs incl. drywall screws, anchors, brackets); exactly on-target and volume-oriented.",https://www.hhtuonti.fi/
2-importer,Finland,FI,Vantaan Kiinnike ja Rak Oy,Vantaa,B2B wholesaler/distributor (Fasteo Group),P1+P2,yes,4.6,confirmed,vantaankiinnike.fi,09 823 3323 / myynti@vantaankiinnike.fi,,,"Nationwide technical trader of fastening + construction small-supplies, ~200 same-day deliveries/day; pure on-target fixings distributor.",https://www.vantaankiinnike.fi/
2-importer,Finland,FI,Mafisa Oy (Ruuvikeskus),Helsinki,B2B wholesaler/distributor,P1+P2,yes,4.2,confirmed,ruuvikeskus.fi,09 720 6280 / info@ruuvikeskus.fi,,,Explicit wholesale-to-business model (tukkukauppa yritysasiakkaille) with fastening supplies as lead category since 1991.,https://www.ruuvikeskus.fi/
2-importer,Finland,FI,Kiinnike-Kolmio Oy,,B2B fastening-supplies distributor,P1+P2,yes,4,plausible,kiinnikekolmio.fi,,,,Named fastening specialist operating since 1987 ('Pysyva Ote Kiinnityksiin'); site bot-walled (403) but clearly-real on-target distributor.,https://www.kiinnikekolmio.fi/
2-importer,Finland,FI,Kauppahuone Harju Oy,Tampere,B2B technical wholesaler/importer,P1+P2,yes,3.9,confirmed,harju.fi,,,,Login-gated B2B technical wholesaler carrying a building-materials (Rakentaminen) line; on-target though broader technical mix.,https://www.harju.fi/
2-importer,Finland,FI,E-J Mustajarvi Oy,Nakkila,B2B distributor (professional web-shop) with retail,P1+P2,yes,3.5,confirmed,mustajarvi.fi,02 538 2333,,,"Professional trade supplier (est. 1958) carrying fasteners/hardware and building materials; fasteners are a secondary line vs steel, hence tier 3.",https://mustajarvi.fi/
2-importer,Finland,FI,Fastener Finland (Fastener House Oy),Vaasa,B2B distributor,P1+P2,yes,3.4,confirmed,fastener.fi,+358 40 722 0070 / myynti@fastenerhouse.fi,,,"B2B distributor listing fasteners and tools, though core weight is lifting/lashing equipment; on-target but partial, hence tier 3.",https://fastener.fi/en/etusivu-english/
2-importer,Finland,FI,Rokomera Tukku Oy,Hyvinkää,Import wholesaler (est. 1998) owned by 15 retailers; supplies tools and hardware to 50+ Finnish shops via imports from 70+ suppliers across Europe/Asia,P1+P2,yes,4,confirmed,https://www.rokomeratukku.fi,,,,Genuine Finnish hardware importer/wholesale co-op feeding a retail network — relevant bulk buyer,https://www.rokomeratukku.fi/en/
2-importer,Finland,FI,Baltic Bolt Finland Oy,Nummela,"Retail and wholesale fastening-supplies distributor (bolts, screws, nuts, fixings incl. standard, non-standard and specialty items)",P1+P2,,3.5,confirmed,https://balticbolt.fi,info@balticbolt.fi,,,Real Finnish fastener distributor with a wholesale arm; smaller/regional so bulk potential is moderate,https://balticbolt.fi/
2-importer,Finland,FI,Specialty Bolt & Screw (Finland operation),Rovaniemi,"Fastener distributor with a real Finnish warehouse/branch (Ahjotie 13, Rovaniemi); VMI, kitting, quality inspection and sourcing of fasteners and C-commodities as a Northern European hub",P1+P2,yes,3.5,confirmed,https://www.specialtybolt.com,,,,Operating fastener-distribution/VMI branch physically in Finland serving Nordic manufacturers; US-parent but genuine local importer presence,https://www.specialtybolt.com/locations/finland
2-importer,Croatia,HR,Würth-Hrvatska d.o.o.,Veliko Trgovišće,"National distributor/wholesaler of fasteners, fixings, screws, anchors and tools (Würth Group)",P1+P2,yes,5,confirmed,wuerth.com.hr,eshop.wuerth.com.hr,,,Largest fasteners/fixings distributor in Croatia; already carries plastic/expansion anchors and drywall fixings — core buyer profile.,https://wuerth.com.hr/hr-HR/Page/veleprodajni-centri/
2-importer,Croatia,HR,Vijci Kranjec (VIJCI.COM),Sveta Nedelja / Split,National screw/fastener & dowel/anchor specialist center (wholesale + retail),P1+P2,yes,5,plausible,vijci.com,split@vijci.com,,,Dedicated fastener/anchor specialist with a full tipli/ankeri assortment — a natural importer of cavity fixings.,https://www.vijci.com/
2-importer,Croatia,HR,Maček — Tvornica vijaka Zagreb d.o.o.,Zagreb,"Screw maker + distributor of screws, fasteners, dowels and hand tools from intl brands",P1+P2,yes,4,confirmed,macek-vijci.hr,info@macek-vijci.hr,,,Distributes third-party fastening brands and lists a Dowels category — buys/imports fixings alongside its own production.,https://www.macek-vijci.hr/?lang=en
2-importer,Croatia,HR,Bit Promet d.o.o.,Novi Zagreb,"Distributor of drywall (suha gradnja) construction systems, materials & mounting accessories",P1+P2,yes,4,confirmed,bitpromet.hr,info@bitpromet.hr,,,Specialist drywall/dry-construction distributor — plasterboard installers are primary end-users of cavity anchors and toggle bolts.,https://www.bitpromet.hr/
2-importer,Croatia,HR,Elgrad d.o.o.,Zagreb,"Distributor/wholesaler of hardware & fittings (okov), screws, tools and building materials (webshop)",P1+P2,yes,4,confirmed,elgrad.hr,webshop@elgrad.hr,,,Hardware/okov distributor with fastening range and B2B webshop — plausible carrier/importer of cavity fixings.,https://webshop.elgrad.hr/ponuda/okovi
2-importer,Croatia,HR,Pevex d.d.,Sesvete (Zagreb),National building-materials & hardware retail + wholesale (veleprodaja) chain,P1+P2,yes,4,plausible,pevex.hr,,,,Large chain with a wholesale arm that sources hardware/fasteners for resale — a volume buyer of fixings.,https://pevex.hr/veleprodaja
2-importer,Croatia,HR,Metalproizvod d.o.o.,Slavonski Brod,Building-materials merchant + metal-hardware producer/distributor,P1+P2,yes,3,confirmed,metalproizvod.com,metalproizvod@metalproizvod.com,,,Regional building-materials + metal-hardware distributor carrying fixings/metal galantery — moderate fit (also manufactures structural anchors/nails).,https://www.metalproizvod.com/
2-importer,Croatia,HR,Stroping d.o.o.,Petrijevci,Building-materials wholesaler/retailer incl. Knauf drywall systems,P1+P2,yes,3,confirmed,stroping.hr,stroping@inet.hr,,,Drywall (gips) distributor carrying plasterboard systems and accessories — a fit channel for cavity anchors though fixings not the core line.,https://www.stroping.hr/
2-importer,Croatia,HR,Kalcer d.o.o.,Zagreb,Wholesaler/distributor of drywall partition & suspended-ceiling/acoustic systems,P1+P2,,3,confirmed,kalcer.hr,info@kalcer.hr,,,Distributor of partition-wall and suspended-ceiling systems whose installers use cavity/toggle fixings — moderate adjacency fit.,https://www.kalcer.hr/
2-importer,Croatia,HR,Strojopromet d.o.o.,Zagreb (5 branches),"Metals + fasteners & fastening-technique distributor/wholesaler since 1989; Zagreb HQ with Rijeka, Split, Pula, Osijek branches",P1+P2,yes,4.5,confirmed,https://strojopromet.com,info@strojopromet.hr / +385 1 3440 222,,,Established nationwide B2B metals & fasteners wholesaler — core on-target buyer,https://strojopromet-webshop.com/about
2-importer,Croatia,HR,Rotometal ING d.o.o.,Samobor,"B2B wholesaler of fastening technology (screws, nuts, washers, anchors, plugs, rivets) in stainless/iron/brass/nylon",P1+P2,yes,4.4,confirmed,https://www.rotometal-ing.hr,via site contact page,,,Self-described market leader in fastener-technique wholesale — dead-on target,https://www.rotometal-ing.hr/
2-importer,Croatia,HR,O.M.S. d.o.o.,Zaprešić,"Exclusive Croatian distributor of BeA (Germany) professional fastening systems — pneumatic staplers, nail guns, collated fasteners; 35+ yrs",P1+P2,yes,4.3,confirmed,https://www.oms-hr.com,+385 1 3310 475,,,B2B fastening-systems distributor serving construction/drywall trades,https://www.oms-hr.com/
2-importer,Croatia,HR,Samoborka d.d.,Samobor (+ Rijeka),"Building-materials wholesaler/distributor since 1906 — facade systems, plasters, adhesives, coatings; distributes across HR & SI",P1+P2,yes,4.2,confirmed,https://www.samoborka.hr,samoborka@samoborka.hr / +385 1 3322 888,,,"Long-established regional building-materials distributor (part manufacturer, primarily distribution)",https://www.samoborka.hr/
2-importer,Croatia,HR,IKOMA prodajni centar d.o.o.,Bjelovar,"Building-materials distributor (B2B + retail) — construction materials, drywall, roofing, insulation, tools; delivers HR & EU",P1+P2,yes,4.1,confirmed,https://www.ikoma.hr,prodaja@ikoma.hr / +385 43 675 700,,,On-target building-materials merchant with wholesale arm,https://www.ikoma.hr/
2-importer,Croatia,HR,GT Izolirka d.o.o.,Osijek (8 branches),"Building-materials distributor with 8 branches across eastern Croatia — insulation, drywall systems, facades, tools, plumbing",P1+P2,yes,4,confirmed,https://www.izolirka.hr,via site,,,Multi-branch building-materials & drywall distributor,https://www.izolirka.hr/
2-importer,Croatia,HR,MC Plus,Zagreb/Stupnik (6 sites),"Building-materials distributor (B2B + retail), 6 locations — drywall, facades, insulation, roofing, hardware; 5,000+ SKUs",P1+P2,yes,4,confirmed,https://mc-plus.hr,0800 506 505,,,Multi-site building-materials & drywall merchant carrying fixings,https://mc-plus.hr/
2-importer,Croatia,HR,Maksima Trgovina d.o.o.,Brdovec / Donja Bistra,"B2B building-materials distributor/wholesaler serving contractors — 5,000+ SKUs plus in-house rebar production",P1+P2,yes,3.9,confirmed,https://maksima-trgovina.hr,prodaja@maksima-trgovina.hr / +385 1 33 55 444,,,Contractor-focused B2B building-materials distributor,https://maksima-trgovina.hr/
2-importer,Croatia,HR,BizBAU,Croatia (regional),"B2B hardware/building-materials webshop (3,000+ SKUs incl. fasteners, tools, construction materials) serving HR + regional markets",P1+P2,yes,3.8,confirmed,https://bizbau.com,webshop@bizbau.com,,,Login-gated B2B distributor webshop with dedicated fasteners category (operator identity not fully disclosed),https://bizbau.com/hr/
2-importer,Croatia,HR,Venico d.o.o.,Kaštel Sućurac,"Distributor/wholesaler of sanitary ware & builder's hardware since 1993, 8,000+ SKUs, distributes European/Asian brands nationwide",P1+P2,yes,3.7,confirmed,https://venico.hr,info@venico.hr / +385 21 235 270,,,Established B2B hardware/sanitary distributor with field-sales network,https://venico.hr/
2-importer,Croatia,HR,Art-Visum d.o.o.,Jastrebarsko,"Distributor of professional construction tools, materials & fasteners with dedicated B2B/veleprodaja section",P1+P2,,3.6,confirmed,https://art-visum.hr,info@art-visum.hr / +385 95 3322 111,,,Pro-trade supplier with explicit wholesale channel carrying fasteners,https://art-visum.hr/
2-importer,Croatia,HR,Kornel d.o.o. (Šarafko),Zagreb,"Fastener merchant since 1996 (wholesale + retail) — screws, bolts, nuts, threaded goods, related tools",P1+P2,,3.5,confirmed,https://www.kornel.hr,via site,,,Dedicated fastener specialist with veleprodaja channel (smaller scale),https://www.kornel.hr/
2-importer,Croatia,HR,Pap-Promet,Croatia (multi-branch),"Multi-branch building-materials merchant — construction materials, drywall (Knauf/Rigips/Norgips), paints, tools",P1+P2,,3.4,confirmed,https://pap-promet.hr,webshop@pappromet.com,,,Building-materials/drywall merchant with multiple branches (more retail-leaning but real trade merchant),https://pap-promet.hr/
2-importer,Croatia,HR,Okovi d.o.o.,Croatia,"Supplier of construction hardware / fittings & building equipment (site bot-walled, HTTP 403 on fetch)",P1+P2,,3.3,plausible,https://www.okovi.hr,not visible (site blocked),,,Clearly-named real construction-hardware distributor; site is bot-walled so kept as plausible pending manual check,https://www.okovi.hr/index.php/hr/
2-importer,Hungary,HU,Csavarda Plusz Kft.,Budapest / Vecses,"B2B fastener & fixing-technology wholesaler/distributor, 10,000+ SKUs, sites in Budapest and Vecses; serves resellers and retailers",P1+P2,yes,4.8,confirmed,https://csavarda.hu,"info@csavarda.hu, +36 1 306 3641",,,Major 30-year fastener distributor; explicitly stocks tipli/dowels and insulation fixings — direct fit for cavity/drywall anchor range.,https://csavarda.hu/
2-importer,Hungary,HU,STAVMAT (Stavmat Epitoanyag Kft.),Budapest,"Building-materials trading network / tuzep chain with webshop; drywall, insulation, fastening technology",P1+P2,yes,4.6,confirmed,https://stavmat.hu,"webshop@stavmat.hu, +36 80 620-000",,,National building-materials chain carrying gypsum board plus a Rogzitestechnika/Dubel-tipli category — natural channel for drywall anchors at scale.,https://stshop.hu/
2-importer,Hungary,HU,Sebok Csavar Kft.,Szeged,Screw & fastening-technology wholesaler; direct importer from foreign makers since 1998; nationwide delivery,P1+P2,yes,4.5,confirmed,https://sebokcsavar.hu,"info@sebokcsavar.hu, +36 62 441-003",,,Direct-import fastener wholesaler with a fixing-anchor (Rogzitestechnika) line; classic importer of exactly this product family.,https://sebokcsavar.hu/
2-importer,Hungary,HU,Nagy es Nagy Kft.,Hungary,"Fastener/fixing-technology & hand-tool wholesaler; authorized Fischer distributor, also RAWLPLUG/BaerCoil",P1+P2,yes,4.5,confirmed,https://nagycsavar.hu,see nagycsavar.hu/Elerhetosegek,,,Carries Fischer and RAWLPLUG fixing ranges (which include cavity/hollow-wall anchors) — buys and resells this category.,https://www.nagycsavar.hu/
2-importer,Hungary,HU,Visimpex Hungary Kft.,Gyor,"Fastener & fixings importer/wholesaler (part of Visimpex group); screws, plastic/metal fixings, tools",P1+P2,yes,4.4,confirmed,https://visimpex.hu,"gyor@visimpex.hu, +36 96 511 770",,,Comprehensive fastener importer/wholesaler with plastic fixings and anchoring systems; on-target for wall-plug/anchor supply.,https://visimpex.hu/
2-importer,Hungary,HU,Trendix Kft.,Debrecen,"Fastener/fixing distributor, ~80,000 SKUs, 30+ years; B2B and retail with webshop",P1+P2,yes,4.4,confirmed,https://trendix.hu,"trendix@trendix.hu, +36 30 337-1792",,,Broad fastener catalog explicitly listing muanyag dubel (plastic dowels) — stocks hollow-wall anchoring solutions.,https://trendix.hu/
2-importer,Hungary,HU,Paj-Ker Kft.,Hungary,"Fastening-element wholesaler & webshop; screws, nuts, anchors, chemicals, tools; nationwide shipping",P1+P2,yes,4.3,confirmed,https://csavarnagykereskedes.hu,+36 70 850-7856,,,Wholesale fastener range includes 'Alapcsavarok es dubelek' (CE-rated dowels/anchors) — direct product fit.,https://csavarnagykereskedes.hu/
2-importer,Hungary,HU,Pro-Fitt Bt. (Fischer Rogzitestechnikai Centrum Debrecen),Debrecen,"Official Fischer fastening-technology sales partner for 35+ years; nylon/metal dowels, chemical & insulation anchors",P1+P2,,4,confirmed,https://fischerrogzitestechnikadebrecen.hu,+36 52 451 117,,,"Specialist fixing-technology dealer selling anchors for hollow building materials — precise category match, smaller/specialist scale.",https://fischerrogzitestechnikadebrecen.hu/
2-importer,Hungary,HU,Metaplatform Kft. (Meta Csavar),Szeged,"Fastener, fixing-technology and tool supplier (B2B/B2C); metric & sheet-metal screws, Fischer fixings",P1+P2,,3.8,confirmed,https://metacsavar.hu,see metacsavar.hu/Kapcsolat,,,Stocks Fischer universal plastic dowels and building-fixing lines; smaller mixed B2B/B2C fastener merchant.,https://metacsavar.hu/
2-importer,Hungary,HU,Srof Kft.,Budapest (Csepel),"Fastener & fixing-technology wholesale/retail; steel and stainless screws, marine/fitting hardware",P1+P2,,3.5,plausible,https://srof.hu,srof@srof.hu,,,"Genuine fastener/fixing wholesaler but leans stainless/marine; drywall-anchor fit is secondary — kept as plausible, weaker fit.",https://csavarnagyker.hu/
2-importer,Hungary,HU,RECA Kft.,Budapest,"National B2B distributor of fastening technology, fasteners, hand/cutting tools and chemical supplies; 120,000-product portfolio; part of international RECA Group (Kellner & Kunz AG, Austria), operating in Hungary since 1994.",P1+P2,yes,4.7,confirmed,https://www.reca.co.hu,"Contact form on site; HQ Hengermalom út 49-51, 1117 Budapest; CEO Bogár Ákos",,,"Verified live: large national B2B-only fastener/fixings distributor, exactly on-target for fasteners/fixings sourcing at scale.",https://www.reca.co.hu/
2-importer,Hungary,HU,Würth Szereléstechnika Kft.,Budapest,"Hungarian arm of the Würth Group, national B2B distributor of fasteners, fixings, fastening/assembly technology, chemicals and building-trade supplies to trade customers.",P1+P2,yes,4.6,plausible,https://www.wuerth.hu,,,,Clearly-real named national distributor; e-shop is bot-walled (HTTP 403) so kept as plausible rather than fully verified. Root fastener/fixings B2B fit is unambiguous.,https://www.wuerth.hu/
2-importer,Hungary,HU,Timár Vaskereskedelmi Kft.,Fót,"Hardware/steel merchant (vaskereskedelem) with 7 locations: structural/reinforcing steel plus fastener and fixing brands (Fischer, Koelner). Dedicated reseller ('Viszonteladóknak') section; separate tools division (timarszerszam.hu).",P1+P2,yes,4.2,confirmed,https://timarvasker.hu,fot@timarvasker.hu; +36 20 320 4063,,,Verified live multi-branch hardware merchant with explicit reseller/wholesale channel stocking Fischer/Koelner fixings — on-target.,https://timarvasker.hu/
2-importer,Hungary,HU,KOR3000 Kötőelem Kft.,Tatabánya,B2B fastener distributor/wholesaler sourcing standard and specialized/stainless screws and fasteners directly from manufacturers; also industrial piping systems. Transitioned to exclusive wholesale (business-only) operations in 2026.,P1+P2,yes,4.2,confirmed,https://kor3000.com,info@kor3000.com; +36 30 557-8838,,,Verified live B2B-only fastener distributor (not a manufacturer) — clean on-target wholesale buyer.,https://kor3000.com/en/
2-importer,Hungary,HU,Adrianus 2001 Kft.,Budapest,"Budapest fasteners and fastening-technology supplier (20+ years): screws, stainless screws, rivets, Fischer fixings, locks, abrasives, wires/chains, welding/lifting gear; runs a wholesale depot (adrianusdepo.hu).",P1+P2,yes,4,confirmed,https://adrianus.hu,+36 1 425 3336,,,Verified live; explicit wholesale ('nagykereskedés') plus a separate depot platform and Fischer fixings range — on-target distributor.,https://adrianus.hu/
2-importer,Hungary,HU,BF-Trade Kft.,Dombóvár,"Fastener wholesaler ('kötőelem nagykereskedelem') founded 1993 in Dombóvár; hardware, fasteners, machinery, tools and workwear. Online ordering restricted to businesses/organizations only.",P1+P2,yes,4,confirmed,https://balintcsavar.hu,iroda@balintcsavar.hu; +36 74 565 497,,,Verified live B2B-only fastener wholesaler with 30-year history — on-target buyer.,https://balintcsavar.hu/
2-importer,Hungary,HU,Gipszpartner Kft.,Székesfehérvár,"Distributor of drywall (szárazépítészet) and insulation materials, interior doors and facade insulation; suppliers include Knauf, Norgips, Novoferm. Quote prep, technical consulting and own delivery fleet. Tax ID 23476754-2-07.",P1+P2,yes,3.9,confirmed,https://gipszpartner.hu,gipszpartnerkft@gmail.com; +36 22 502-420,,,"Verified live regional drywall/insulation distributor — on-target for drywall accessories & fixings (adjacent, board-side).",https://gipszpartner.hu/
2-importer,Hungary,HU,Egma Trade Kft.,Budapest,"Fastener importer and wholesaler ('kötőelem importőr és nagykereskedés') established 1991 in Budapest: chipboard/wood screws, frame-fixing screws, self-drilling sheet-metal and drywall screws, nuts, washers, dowels, threaded rods; serves wholesalers, furniture and construction users.",P1+P2,yes,3.5,plausible,https://www.egma.hu,"egmacsavar@gmail.com; +36 1 476 0866; Gubacsi út 6/C, 1097 Budapest",,,"Real named fastener importer with verifiable directory listing and contact, but its own domain egma.hu now serves a PR/blog page rather than the fastener business — kept as plausible pending a live business-site or fresh contact confirmation.",https://wcs.oisz.hu/52245/
2-importer,Hungary,HU,NECRON Kötőelemgyártó és forgalmazó Kft.,Budapest,"Family firm est. 1995; wholesale distributor/importer of mechanical fasteners and fixings supplying ~70,000 products from stock across steel/stainless/brass/aluminium/plastic with multiple surface finishes. Trilingual (HU/DE/EN) serving regional markets.",P1+P2,yes,88,confirmed,https://necron.hu,info@necron.hu; +36 1 236 0568,,,Large-stock fastener wholesaler/importer with regional reach; high SKU overlap.,https://hu.necron.hu/csavar-nagykereskedes
2-importer,Hungary,HU,Sróf Kft.,Budapest (Csepel),"Fastener and fixing-technology wholesale + retail trade (nagy es kiskereskedes) distributing steel and stainless fasteners, fixing elements and fittings; ISO-certified, established operation.",P1,yes,78,confirmed,https://csavarnagyker.hu,srof@srof.hu,,,Dedicated fastener/fixing wholesaler-retailer — fits the fixings sell-in.,https://csavarnagyker.hu/
2-importer,Hungary,HU,Alu-Csat Építőanyag Kereskedés,Nagykanizsa,"Building-materials merchant/distributor stocking drywall (gipszkarton), metal profiles, edge protection, fasteners and anchors, joint compounds, adhesives and reinforcement; Rigips partner.",P2,yes,74,confirmed,https://www.alucsat.hu,info@alucsat.hu; +36 93 536 557,,,Drywall-focused building-materials merchant stocking anchors and fixings — direct fit for drywall accessories.,https://www.alucsat.hu/termekek/gipszkarton/
2-importer,Hungary,HU,Fadepo Fatelep,Budapest,"Timber yard and building-materials merchant; alongside lumber stocks a full drywall section incl. gipszkarton dübel (plastic & metal drywall/impact anchors), profiles, screws and adhesives.",P2,yes,70,confirmed,https://fadepofatelep.hu,info@fadepo.hu; +36 1 296 0018,,,Merchant with a dedicated drywall-accessory range including the anchor SKUs we sell.,https://fadepofatelep.hu/termek-kategoria/gipszkarton-es-kiegeszitok/gipszkarton-dubel/
2-importer,Hungary,HU,Antker-Bau Kft.,Székesfehérvár,"100% Hungarian-owned building-materials wholesaler (kis- és nagykereskedés) est. 1995; product range incl. dry-construction (gipszkarton/drywall and accessories), roofing, thermal/acoustic/water insulation, OSB, plasters and flooring.",P2,yes,73,confirmed,https://www.antker-bau.hu,+36 22 508601,,,Regional building-materials wholesaler with a dedicated dry-construction/drywall accessories line.,https://www.antker-bau.hu/
2-importer,Germany,DE,Adolf Würth GmbH & Co. KG,Künzelsau-Gaisbach,"B2B-only distributor of fasteners, fixings, assembly and fastening materials (Montage- und Befestigungsmaterial) and MRO supplies for trade and industry; sells only to commercial customers (Verkauf nur an Gewerbetreibende).",P1+P2,yes,84,confirmed,https://www.wuerth.de,info@wuerth.com; +49 7940 15-2400,,,"Major national/international B2B fixings distributor; core assortment includes dowels and anchors. Verified live, commercial-only. Site did not itemize cavity anchors on the fetched page but assortment clearly covers the category.",https://www.wuerth.de
2-importer,Germany,DE,F. REYHER Nchfg. GmbH & Co. KG,Hamburg,"One of Europe's leading wholesale companies for fasteners and fixing technology; 130,000+ articles serving industry, trade and hardware retail.",P1+P2,yes,90,confirmed,https://www.reyher.de,Contact form at reyher.de/en/contact (no email/phone on homepage),,,Verified live; top-tier German fastener wholesaler/stockholder — a realistic importer for anchoring/Dübel ranges. Homepage did not itemize cavity anchors but broad fixing-technology assortment covers it.,https://www.reyher.de/en/
2-importer,Germany,DE,Joseph Dresselhaus GmbH & Co. KG,Herford,B2B distributor of fasteners and fixing technology (Verbindungselemente und Befestigungstechnik) serving industry and trade; stocks Dübel/cavity fixings.,P1+P2,yes,88,confirmed,https://www.dresselhaus.de,herford@dresselhaus.de; +49 5221 932-0,,,Verified live national fixing-technology wholesaler; right buyer type for a supply/private-label deal. Note: Maisach location transferring to Keller & Kalmbach group (Aug 2026) but Herford HQ operating.,https://www.dresselhaus.de
2-importer,Germany,DE,Fabory (Fabory Germany),,"Pan-European B2B fastener/fixings distributor; 400,000+ articles, 150,000+ fasteners in stock, with a dedicated 'Anchoring products' category. Active German market operations.",P1+P2,yes,85,confirmed,https://www.fabory.com,+31 13 5941299 (NL HQ; serves Germany),,,Verified live; explicit 'Anchoring products' category confirmed on-site and active German operations. NL-headquartered but genuine DE presence.,https://www.fabory.com
2-importer,Germany,DE,ATH Barth GmbH,Dresden,"Wholesale distributor of standard parts, connecting elements and fastening technology (ISO 9001); partner for Verbindungselemente und Befestigungstechnik.",P1+P2,yes,87,confirmed,https://www.ath-barth.de,info@ath-barth.de; +49 351 88934 100,,,Verified live regional (Dresden) fastener/fixing-technology distributor; right buyer type. Fetched page did not itemize cavity dowels but assortment covers fastening technology.,https://www.ath-barth.de
2-importer,Germany,DE,Wegertseder GmbH,Ortenburg,"B2B fastener & fixings wholesaler with 178,000+ articles online, including a dedicated Dübel/anchor category (2,127 SKUs) covering wall anchors and cavity fixings.",P1+P2,yes,86,confirmed,https://www.wegertseder.com,info@wegertseder.com; +49 8542 417-400,,,"Verified live; explicit Dübel/anchor category (2,127 SKUs incl. cavity fixings) confirmed on-site — strong, direct fit.",https://www.wegertseder.com
2-importer,Germany,DE,BeBo Technik A. Ratajczak e.K.,Raesfeld (North Rhine-Westphalia),"Specialist B2B wholesaler of fastening technology serving trade contractors, electricians, installers, industrial firms and public authorities; operating since 2004, ships across Germany.",P1+P2,,9,confirmed,https://www.bebo-technik.de,info@bebo-technik.de / +49 2865 4399485,,,Best product match of the set: the site explicitly lists 'Kippdübel fuer Hohlraeume und Gipskarton'. Genuine specialist fastening wholesaler with confirmed cavity/drywall focus.,https://www.bebo-technik.de/befestigungstechnik/
2-importer,Germany,DE,Baumann Befestigungstechnik (Baumann Grosshandel),Herdwangen-Schoenach (Lake Constance region),"Regional B2B wholesaler for fastening technology, DIN/standard and special parts, screws and dowel technology; 25+ years serving industry, trade and commerce.",P1+P2,,7,confirmed,https://www.baumann-grosshandel.de,+49 7557 1494,,,Established regional fastening wholesaler with an active shop and a dedicated dowel-technology (Duebeltechnik) line. Clear B2B buyer.,https://www.baumann-grosshandel.de
2-importer,Germany,DE,Schaefer + Peters GmbH,Oehringen area (Baden-Wuerttemberg),"B2B distributor of corrosion/acid-resistant (stainless) fasteners and fixing elements: wood/metric/sheet-metal screws, washers, nuts, heavy-duty fastenings, security screws; trade and industry with B2B webshop.",P1+P2,,6,plausible,https://www.schaefer-peters.com,info@schaefer-peters.com / +49 7941 6094-0,,,"Real B2B fastener distributor. Cavity anchors not explicitly listed and focus is stainless DIN parts, so fit is adjacent rather than confirmed - marked plausible.",https://www.schaefer-peters.com
2-importer,Germany,DE,SCHRAUBEN-HAMMER (INTRA-TEC GmbH),Bergisch Gladbach,"Fastening-technology merchant with extensive inventory (drywall anchors, self-drilling gypsum-board dowels, metal expansion anchors, screws, tools); serves trade/large customers (Grosskundenbetreuung) alongside retail.",P1+P2,,7,confirmed,https://www.schrauben-hammer.de,service@schrauben-hammer.de / +49 2204 910980,,,Live merchant with a dedicated Trockenbau (drywall) dowel category and explicit large-customer/B2B support. Not retail-only.,https://www.schrauben-hammer.de/anwendungsgebiet/trockenbau/trockenbau-duebel
2-importer,Germany,DE,Schraubenhandel24 (Schraubenhandel Machholz),Wuerzburg,"Fastening-technology distributor with ~120,000 articles (screws, nuts, washers, dowels, rivets, tools); explicitly serves trade businesses and industrial/commercial customers as well as DIY, with B2B pricing.",P1+P2,,6,confirmed,https://www.schraubenhandel24.de,+49 931 47081930,,,Broad-range fastener distributor with a dedicated B2B pricing tier and stated trade/industrial customer base. Genuine merchant buyer.,https://www.schraubenhandel24.de
2-importer,Germany,DE,SchraubenGigant UG,Grebenstein,Online merchant of fastening technology and tools with a Duebeltechnik category that includes Hohlraumbefestigungen (cavity fasteners); offers business-customer accounts and pricing alongside private customers.,P1+P2,,6,confirmed,https://www.schraubengigant.de,mail@schraubengigant.de / +49 5674 7469471,,,Confirmed 'Hohlraumbefestigungen' category and a Geschaeftskunden (business customer) channel. Small but on-target buyer.,https://www.schraubengigant.de
2-importer,Germany,DE,Theo Schrauben,Bayreuth/Bamberg (Bavaria),"Online distributor of building materials and fastening technology (300,000+ articles: wood/construction screws, dowels, anchors, fixings, tools) serving both business (Geschaeftskunden) and private customers.",P1+P2,,5,plausible,https://www.theo-schrauben.de,kontakt@theo-schrauben.de / +49 921 16496290,,,Real building-materials + fastener distributor addressing business customers with a large professional range. Cavity anchors not explicitly listed - marked plausible.,https://www.theo-schrauben.de
2-importer,Germany,DE,Schraubenluchs,,"Online fastening-technology seller (screws, dowels, anchors) targeting trade, industry and DIY; catalog carries drywall anchors (e.g. Fischer Gipskartonduebel). Free DE shipping over 99 EUR.",P1+P2,,4,plausible,https://www.schraubenluchs.de,,,,"Live seller that already stocks drywall anchors and addresses Handwerk und Industrie, but leans consumer/DIY and no on-site contact was visible - marked plausible.",https://www.schraubenluchs.de/BEFESTIGUNGSTECHNIK
2-importer,Germany,DE,Keller & Kalmbach GmbH & Co. KG,Unterschleissheim (Munich),"B2B fastener & C-parts distributor/wholesaler, 150,000+ articles, EUR 420M revenue, ~1,000 staff",P1+P2,yes,9.4,confirmed,keller-kalmbach.de,,,,Major 145-year fastener distributor with global sourcing and C-parts management — strong bulk importer.,https://www.keller-kalmbach.de
2-importer,Germany,DE,Ferdinand Gross GmbH & Co. KG (Bossard Deutschland),Leinfelden-Echterdingen (Stuttgart),B2B fastener & C-parts distributor / industrial fastening supply chain (rebranding to Bossard Deutschland 2026),P1+P2,yes,9.2,confirmed,schrauben-gross.com,,,,Established fastener distributor with C-parts management; part of Bossard group — high-volume buyer.,https://schrauben-gross.com/
2-importer,Germany,DE,Fastbolt Schraubengrosshandels GmbH,Gronau,"Volume importer & wholesaler of fasteners, supplying European screw dealers since 1982; Asian sourcing offices",P1+P2,yes,9.3,confirmed,fastbolt.com,,,,Explicit volume importer selling to the trade — textbook bulk buyer/importer profile.,https://www.fastbolt.com
2-importer,Germany,DE,TOBSTEEL GmbH,Oehringen,"B2B distributor/wholesaler of stainless-steel & special-material fasteners, 25,000+ articles ex-stock, own logistics centre",P1+P2,yes,9,confirmed,tobsteel.com,,,,Specialist stainless-fastener distributor with worldwide distribution — reliable bulk buyer.,https://www.tobsteel.com
2-importer,Germany,DE,Raab Karcher (STARK Deutschland GmbH),Frankfurt am Main,"B2B building-materials merchant/wholesaler, 120+ branches, serving trade (Hochbau/Rohbau/Tiefbau, roofing, facades, tiles)",P1+P2,yes,9,confirmed,raabkarcher.de,,,,Leading nationwide builders' merchant chain — large-scale buyer of building materials and drywall accessories.,https://www.raabkarcher.de
2-importer,Germany,DE,Albert Berner Deutschland GmbH,Kuenzelsau,"B2B multi-brand distributor of fastening, assembly & consumable materials to the building/automotive trades",P1+P2,yes,7.5,plausible,berner.eu,,,,"Well-known named trade distributor; site is bot-walled (403) so verification is indirect, but the company is unambiguously a real on-target distributor.",https://www.berner.eu
2-importer,Germany,DE,hagebau Handelsgesellschaft fuer Baustoffe mbH & Co. KG,Soltau,Building-materials trade cooperative / buying group and wholesaler serving member merchants and trade (public .de is the DIY consumer shop front),P1+P2,yes,6.8,plausible,hagebau.de,,,,"One of Europe's largest building-materials buying cooperatives — a real bulk procurement group, though its public domain fronts a consumer DIY shop.",https://www.hagebau.de
2-importer,Germany,DE,Boellhoff Group (Wilhelm Boellhoff GmbH & Co. KG),Bielefeld,"Joining/fastening technology — manufacturer AND distributor/trader of fasteners, assembly technology & C-parts supply chain",P1+P2,yes,6.5,plausible,boellhoff.com,,,,Runs a substantial fastener trading/distribution business alongside manufacturing; kept as plausible since not manufacturer-only.,https://www.boellhoff.com
2-importer,Czechia,CZ,BMKco. s.r.o.,Ostrava,Direct importer + wholesale/retail distributor of fasteners and anchoring technology; runs the 'handy corp' network of 16+ specialized branches; distributes Fischer & Mungo. Site shows HMOZDINKY (anchors) and KOTVY (steel anchors) categories.,P1+P2,yes,4.7,confirmed,https://bmkco.cz,objednavky@bmkco.cz / +420 577 005 780,,,Explicit direct importer of fixings/anchoring tech into CZ with a national branch network and Fischer/Mungo lines - a natural buyer/reseller of drywall cavity anchors and toggle bolts.,https://bmkco.cz/
2-importer,Czechia,CZ,"Wurth, spol. s r.o.",Praha,"Czech subsidiary of the Wurth group - B2B wholesaler of fasteners, fixings, anchors (hmozdinky), tools and chemicals for trade/industry.",P1+P2,yes,4.2,plausible,https://www.wurth.cz,,,,"Global fastener/fixings wholesaler with a full anchor range incl. drywall/cavity and toggle types; strong CZ trade presence. Domain IP resolves but fetch was connection-refused (bot/fetch-walled), so kept as plausible.",https://www.wurth.cz/
2-importer,Czechia,CZ,"PRO-DOMA, SE (Stavebniny PRO-DOMA)",Praha,Major Czech building-materials distributor/chain (stavebniny) with a dry-construction (sucha vystavba) range and a dedicated drywall-anchors (hmozdinky do sadrokartonu) category.,P1+P2,yes,4,plausible,https://www.pro-doma.cz,,,,"Building-materials chain sourcing drywall systems plus the fixings that go with them - a volume buyer of drywall cavity anchors. Server live but returned HTTP 403 (bot-walled), so kept as plausible.",https://www.pro-doma.cz/hmozdinky-do-sadrokartonu
2-importer,Czechia,CZ,reca spol. s r.o.,Brno,"B2B wholesaler of fastening technology, screws, standardized parts and tools for industry/trade; 120,000+ continuously stocked products, large professional customer base.",P1+P2,yes,4.4,confirmed,https://www.reca.cz,,,,Professional-only fastening-tech distributor with a large trade customer base and deep fixings catalog - fits bulk sourcing of anchors/fixings.,https://www.reca.cz/
2-importer,Czechia,CZ,Killich s.r.o.,Liberec,"B2B wholesale distributor of fastening materials and anchoring technology (kotevni technika) since 1996; ISO 9001/14001; serves plants, tradespeople and resellers.",P1+P2,yes,4.6,confirmed,https://www.killich.cz,kancelar@killich.cz / +420 485 163 014,,,Dedicated fixings/anchoring distributor with a reseller channel - clear fit for sourcing drywall/cavity anchors and toggle bolts.,https://www.killich.cz/kotevni-technika
2-importer,Czechia,CZ,WT WINTECH s.r.o.,Prerov,"Fastener distributor/importer (25,000+ DIN/ISO items; exclusive importer of Schrauben Schmid). Carries plastic anchors, throughbolt/ground anchors, drywall screws and construction fasteners; serves the construction trade. ISO 9001.",P1+P2,yes,4.3,confirmed,https://www.wtwintech.eu,export@wintech.cz / +420 739 002 390,,,Broad-line fastener importer/distributor already carrying an anchoring range and drywall screws - a natural reseller of P1 winged + P2 spring-toggle cavity anchors.,https://www.wtwintech.eu/
2-importer,Czechia,CZ,VELA (Vela Praha),Praha 9 - Satalice,"Wholesale of ironmongery/hardware goods (velkoobchod zeleznym zbozim) since 1991, family-owned; supplies retailers, craftspeople and construction firms.",P1+P2,yes,4.1,confirmed,https://www.velapraha.cz,info@velapraha.cz / +420 286 853 052,,,Ironmongery wholesaler supplying trade/construction firms - fits cavity-anchor sourcing as a smaller regional stockist.,https://www.velapraha.cz/
2-importer,Czechia,CZ,Pematex s.r.o.,Blansko / Brno / Ostrava / Plzeň / Prague (multi-branch),National wholesale distributor of fasteners and anchoring/fixing technology (velkoobchod spojovacího materiálu a kotevní techniky) with ~15 branches across Czechia,P1+P2,yes,4.5,confirmed,https://www.pematex.cz,+420 602 601 913,,,Confirmed pure B2B fastener & anchor wholesaler with national branch/warehouse network — squarely on-target import buyer.,https://www.pematex.cz/
2-importer,Czechia,CZ,VRABEC a VRABEC s.r.o.,Loukov u Mnichova Hradiště / Praha (12 branches),"Fastening-material distributor since 1995 with 12 stores, consignment warehouses and Kanban; carries SPAX, Lindapter, UPAT, Norma Group",P1+P2,yes,4.4,confirmed,https://www.vrabecavrabec.cz,+420 326 789 301 / info@vrabecavrabec.cz,,,Multi-branch wholesale/consignment fastener distributor already importing major EU brands — a natural private-label/volume buyer.,https://www.vrabecavrabec.cz/
2-importer,Czechia,CZ,ŽVAK s.r.o.,Czechia,"Specialized ironmongery wholesaler (velkoobchod železářství): builder's hardware, door/window fittings, locks and fasteners",P1+P2,yes,3.9,confirmed,https://www.zvak.cz,web contact form (no direct line published),,,On-target ironmongery/builder's-hardware wholesaler carrying fasteners and fixings; wholesale + retail channels.,https://www.zvak.cz/spojovaci-material-prehled/
2-importer,Czechia,CZ,Barton (Barton Market Servis s.r.o.),Nymburk,Distributor and e-shop of fasteners and construction supplies (velkoobchod i maloobchod spojovací materiál),P1+P2,yes,3.6,confirmed,https://www.barton.cz,+420 317 071 995 / objednavky@barton.cz,,,Real fastener/construction-supply distributor with B2B registration and stock inventory; mixed B2B/B2C but on-target.,https://www.barton.cz/
2-importer,Czechia,CZ,Jasanský (sroubky.cz),Hvězdonice / Benešov / Říčany,Specialist fastener merchant since 1996 (spojovací a kotevní materiál) serving tradespeople; wholesale + two branches,P1+P2,yes,3.4,confirmed,https://www.sroubky.cz,+420 603 877 275 / info@sroubky.cz,,,Long-established specialist fastener merchant serving trade (net-of-VAT free-shipping tier) plus retail — smaller but genuine on-target buyer.,https://www.sroubky.cz/
2-importer,Czechia,CZ,ZACHA s.r.o.,Brno,"Wholesale distributor of steel/metal materials (velkoobchod s hutním materiálem), primarily piping, also carrying fastening materials",P1+P2,yes,3.1,confirmed,https://www.zacha.cz,+420 543 251 052 / zacha@zacha.cz,,,"Genuine metal-materials wholesaler that stocks a fasteners category, but core business is piping/steel — kept at low tier as a marginal secondary-line buyer.",https://www.zacha.cz/spojovaci-material
2-importer,Czechia,CZ,Würth spol. s r.o.,Praha,"Czech subsidiary of the Würth Group — B2B distributor of fasteners, fixings and assembly/fastening materials (Montage- und Befestigungsmaterial) plus MRO to trade and industry.",P1+P2,yes,86,plausible,https://www.wuerth.cz,,,,Clearly-real named national B2B fixings distributor (Würth Group); shop is bot-walled (403) so unverified on the fetch but the entity is unambiguously genuine and core assortment covers anchors/Dübel.,https://www.wuerth.cz
2-importer,Czechia,CZ,Stavebniny DEK a.s.,Praha,"Major Czech building-materials distributor / builder's-merchant chain with 100+ stores nationwide; distributes ~400 partner brands including RIGIPS drywall systems plus construction materials, tools, and fixings. Distributor, not a manufacturer.",P1+P2,yes,85,confirmed,https://www.dek.cz,stavebniny@dek.cz; +420 510 000 100,,,Verified live; largest CZ building-materials chain distributing plasterboard systems (Rigips) — a prime channel for drywall fixings/anchors at national scale.,https://www.dek.cz
2-importer,Czechia,CZ,Berner CZ (Albert Berner spol. s r.o.),Praha,"Czech arm of the Berner Group — B2B distributor of fasteners, fixings, tools and fastening/assembly consumables to construction, automotive and industry trades.",P1+P2,yes,76,plausible,https://www.berner.cz,,,,Clearly-real named trade B2B fixings distributor (Berner Group); storefront bot-walled (403) so unverified on fetch but the entity is genuine and assortment covers anchors.,https://www.berner.cz
2-importer,Czechia,CZ,ValentaZT s.r.o.,Všetaty,"Manufacturer of threaded rods AND wholesaler/distributor of fastening materials (screws, nuts, washers, bolts, anchor elements, carpentry hardware); 7,000+ tons stock, deliveries across Europe. Since 1995.",P1+P2,yes,74,confirmed,https://www.valentazt.cz,prodej@valentazt.cz; +420 315 698 020,,,"Verified live; genuine wholesale/distribution arm alongside manufacturing — bulk fastener stockist that also buys-in and distributes fixings (kept for its distributor role, not just as a maker).",https://www.valentazt.cz
2-importer,Czechia,CZ,Stavmat stavebniny a.s.,Rudná (Pod Můstkem 884/6),"Czech building-materials distributor / builder's-merchant chain (60+ CZ stores, also SK/HU) reselling a certified range of construction materials, adhesives, sealants and tools from major manufacturers plus its own 'ST line'. Distributor, not manufacturer.",P1+P2,yes,66,confirmed,https://www.stavmat.cz,Web quote form / store locator (no email/phone on homepage),,,Verified live; national building-materials chain — a realistic distribution channel for drywall fixings/anchors even though the homepage did not itemize them.,https://www.stavmat.cz
2-importer,Czechia,CZ,ObchodProDílnu.cz,Czech Republic,"Czech B2B+B2C hardware merchant ('Pro firmy, řemeslníky i kutily, B2B i B2C') with 100,000+ items — fasteners, anchors, tools, construction materials, fencing and roofing supplies.",P1+P2,,55,plausible,https://www.obchodprodilnu.cz,Contacts page (no email/phone surfaced on homepage),,,"Verified live; large fastener/hardware merchant with an explicit B2B channel — qualifies as an on-target merchant, though it is mixed B2B/B2C rather than a pure wholesaler.",https://www.obchodprodilnu.cz/produkty/spojovaci-material-sroubovina.html
2-importer,Norway,NO,Würth Norge AS,Hagan (Gjelleråsen),"National distributor/wholesaler of fasteners, fixings, tools and building materials to trade professionals (130,000+ products incl. festemateriell: screws, anchors, mounting solutions).",P1+P2,yes,4.8,confirmed,https://www.wuerth.no,,,,Norway's leading pro fastening/fixing distributor; carries a full anchor/plug range for the building trade — ideal bulk channel for winged drywall anchors and toggle bolts.,https://www.wuerth.no
2-importer,Norway,NO,Ahlsell Norge AS,Nationwide (Oslo HQ),"National B2B technical wholesaler/distributor (30+ branches) supplying fasteners (screws, nuts, anchors), building materials, electrical, plumbing and tools to construction and industry.",P1+P2,yes,4.6,confirmed,https://www.ahlsell.no,,,,Broad pro-fastener assortment across a nationwide branch network; natural volume importer/distributor for cavity anchors.,https://www.ahlsell.no
2-importer,Norway,NO,Optimera AS (Montér),Nationwide,"Norway's largest building-materials distributor/builders merchant (160+ outlets, Saint-Gobain group); explicit Festemidler category.",P1+P2,yes,4.7,confirmed,https://www.optimera.no,,,,Leading trade builders-merchant with a dedicated fasteners line and huge national footprint — top bulk buyer for wall fixings.,https://www.optimera.no
2-importer,Norway,NO,Byggmakker Handel AS,Nationwide,"National building-materials chain / builders merchant (trade Proff + retail); stocks a fasteners range including plugs, drywall anchors and expansion bolts.",P1+P2,yes,4.7,confirmed,https://www.byggmakker.no,,,,Confirmed on-site categories for plugger/innfesting and ekspansjonsbolter incl. drywall anchors — direct product match at national chain scale.,https://www.byggmakker.no/kategori/festemidler/plugger-og-innfesting
2-importer,Norway,NO,Bygger'n (E.A. Smith),Trondheim / Heimdal,"National building-materials chain / builders merchant (Proff + private) under E.A. Smith group; fastener & anchor product tree (skruer, plugger, ekspanderende festemidler).",P1+P2,yes,4.4,confirmed,https://www.byggern.no,,,,"On-site 'Ekspanderende Festem., Plugger Anker' and 'Plugg Gips/Lettbetong' categories — exact drywall-anchor fit at chain scale.",https://www.byggern.no/produkter/festemidler-og-jernvare/skruer/ekspanderende-festem-plugger-anker
2-importer,Norway,NO,Neumann Bygg AS,Trollåsen (Oslo area),One of Norway's leading distributors of heavy building materials (~20 warehouses) serving pro contractors; catalog includes Festemidler > Plugger/Hylser/Ankere.,P1+P2,yes,4.3,confirmed,https://www.neumann.no,,,,Dedicated plugs/sleeves/anchors category and a wide nationwide warehouse network — solid regional/national bulk distributor.,https://www.neumann.no/no-no/catalogue/festemidler/plugger-hylser-ankere/plugger
2-importer,Norway,NO,Motek AS,Norway (23 05 25 00),"Distributor/wholesaler of tools and fasteners for construction (Hilti, Festool), 33 locations; Festemidler is a core category.",P1+P2,yes,4.2,confirmed,https://www.motek.no,kundeservice@motek.no,,,Specialist fastening/fixing distributor to the building trade — anchors and installation fixings are central to its range.,https://www.motek.no
2-importer,Norway,NO,Maxbo,Nationwide,National building-materials / home-improvement chain with a trade arm (Maxbo Proff) serving professionals alongside retail.,P1+P2,yes,4,confirmed,https://www.maxbo.no,,,,Established builders-merchant chain with a professional (Proff) channel that stocks fixings/fasteners — viable bulk buyer.,https://www.maxbo.no
2-importer,Norway,NO,Kyvik,,"B2B distributor/wholesaler of fixings, tools and construction supplies (login-gated pricing); category 'Innfesting, Spiker, Skruer, Nagler, Plugger'.",P1+P2,yes,3.9,confirmed,https://webshop.kyvik.no,,,,Trade-only fastener/fixings wholesaler with an innfesting/plugger catalog — good specialist channel for cavity anchors.,https://webshop.kyvik.no/katalog/innfesting-spiker-skruer-nagler-plugger
2-importer,Norway,NO,Monter (Mestergruppen),national chain,"National Norwegian builders' merchant chain, 140 byggevarehus across Norway, with a dedicated business arm (Monter Bedrift) for professional contractors",P1+P2,yes,4.4,confirmed,https://www.monter.no,,,,Full-range builders' merchant chain (140 stores) with central buying and a Proff/Bedrift trade arm - stocks plugger/festemidler at scale; strong bulk lane,https://www.monter.no
2-importer,Norway,NO,Otto Olsen AS,"Skedsmokorset (Trondheimsveien 183, 2020)","Market-leading Norwegian technical trading/production company (est. 1866, ~400m NOK, 130+ employees); TR Fastenings Master Distributor; supplies fasteners, tools and technical products to industry and commerce",P1+P2,yes,3.9,plausible,https://oo.no,,,,"Broad festemidler distributor and TR Master Distributor with import capability; catalogue is industrial screws/bolts/nuts (no explicit wall anchors shown) - real importer, plausible but unconfirmed drywall-anchor line. Correct domain is oo.no (not ottoolsen.no)",https://oo.no/produkter/festemidler/
2-importer,Norway,NO,Skruehuset AS,Kristiansand,"B2B fastener wholesaler (screws, bolts, fixings) to professionals",P1+P2,yes,4.8,confirmed,https://skruehuset.no,post@skruehuset.no / +47 381 08 000,,,"Pure-play fastener total supplier ('totalleverandor av skruer, bolter'), ~100,000 SKUs, Southern Norway's largest bolt warehouse, explicitly serves proffkunder nationwide. Ideal fasteners buyer.",https://skruehuset.no
2-importer,Norway,NO,Industrisalg AS,Sandnes,"B2B fastener distributor/wholesaler, ISO 9001",P1+P2,yes,4.7,confirmed,https://industrisalg.no,post@industrisalg.no / 51 63 78 00,,,"Dedicated fastener stockist holding ~15,000 fastener articles for industrial/construction trade; standard and special fixings. Direct on-target importer/distributor.",https://industrisalg.no
2-importer,Norway,NO,XL-BYGG Norge,Oslo,Building-materials chain (90+ Norwegian stores) to trade and consumers,P1+P2,yes,3.8,plausible,https://www.xl-bygg.no,not visible (site bot-walled),,,"Clearly-real major Scandinavian building-materials chain with 90+ stores in Norway carrying fasteners/building materials; site returned HTTP 429 (bot-walled), so retained as plausible per rules.",https://www.xl-bygg.no
2-importer,Norway,NO,Arvid Nilsson Norge AS,,distributor/wholesaler (to resellers),P1+P2,yes,4.6,confirmed,https://www.arvidnilsson.no,customerservice@arvidnilsson.com / +47 61 11 89 00,,,"Century-old Scandinavian fastener distributor (since 1918) that supplies retailers and industrial/construction firms, not end consumers; daily logistics up to 50 tons. Textbook wholesale importer/distributor.",https://www.arvidnilsson.no/
2-importer,Norway,NO,Mestergruppen AS,Oslo,building-materials merchant group,P1+P2,yes,4.4,confirmed,https://mestergruppen.no,sentralbord@mestergruppen.no / +47 23 37 75 00,,,"Building-supplies merchant group owning XL-BYGG and Byggtorget chains plus central logistics; buys building materials, fixings and drywall accessories at group scale for its merchants. On-target aggregator/distributor.",https://mestergruppen.no/
2-importer,Norway,NO,Kruge AS,Spikkestad,distributor/wholesaler,P1+P2,yes,4.1,confirmed,https://www.kruge.no,post@kruge.no / +47 32 24 29 00,,,Full-range fastening-materials distributor emphasising documented/certified fixings with an online trade catalogue and account-based ordering. On-target fastener wholesaler.,https://www.kruge.no/festemateriell
2-importer,Norway,NO,TESS AS,Drammen,technical wholesaler/distributor,P1+P2,yes,3.6,confirmed,https://www.tess.no,+47 32 84 40 00,,,"Large Norwegian technical distributor (145+ service centres) that carries fastening materials/festemateriell among MRO lines. On-target as a B2B distributor, though its core focus is hoses/hydraulics rather than pure fasteners.",https://www.tess.no/
2-importer,Norway,NO,Onninen AS,,technical wholesaler/distributor,P1+P2,yes,3.8,plausible,https://www.onninen.no,,,,"Well-known Kesko-owned Norwegian technical wholesaler of installation/building materials incl. festemateriell; site is bot-walled (HTTP 403) so kept as plausible rather than fully verified. Real, named distributor on-target for fixings/building materials.",https://www.onninen.no/
2-importer,Romania,RO,EUROMETRIC SRL,Alba Iulia,"Direct importer and distributor of fastening and assembly elements (organe de asamblare), sourcing from EU suppliers",P1+P2,yes,5,confirmed,https://www.eurometric.ro,office@eurometric.ro,,,"Site live and confirmed: self-described direct EU importer that stocks exactly the category — drywall screws, cavity-wall dowels and butterfly/toggle nuts — sold B2B at importer prices to construction firms and resellers.",https://www.eurometric.ro
2-importer,Romania,RO,Sagitta International SRL,Bucharest,"Importer and distributor of assembly parts and fixings, mechanical & chemical anchors (30+ years)",P1+P2,yes,5,confirmed,https://www.sagitta.ro,office@sagitta.ro,,,Site live and confirmed: established Bucharest importer/distributor of a broad fasteners and anchor range with nationwide delivery — a natural reseller-buyer of drywall cavity anchors / toggle bolts.,https://www.sagitta.ro
2-importer,Romania,RO,Brico Promo,Bucharest,"B2B wholesaler/distributor of fixings with a Necesar->Oferta (parts-list -> quote) request workflow, 50,000+ item catalog",P1+P2,yes,4.5,confirmed,https://bricopromo.ro,contact@bricopromo.ro,,,Site live and confirmed: runs an explicit B2B wholesale quote pipeline (submit list/PDF -> bulk price within 2h) and stocks drywall fixings and anchors — a ready channel to place cavity-anchor / toggle-bolt volume.,https://bricopromo.ro
2-importer,Romania,RO,SEA Romania SRL,Bucharest,National distributor of fixing technology and fasteners (part of the SEA fastening group),P1+P2,yes,4.5,plausible,https://www.sea.ro,,,,Root site TLS/bot-walled but confirmed real via catalog: a large national distributor with a dedicated 'Dibluri GipsCarton / Fixari pentru GipsCarton' category listing self-drilling and toggle-type drywall anchors — a direct product-line match.,https://www.sea.ro/sea/ro/RON/Categorii/Produse/Elemente-de-Asamblare-si-Fixare/Ancore---Dibluri---Conexpanduri/Fixari-pentru-GipsCarton/Dibluri-GipsCarton/c/A1.7.2.3
2-importer,Romania,RO,Pentagon Romania (PTG),Galati,"B2B importer and distributor of fasteners, assembly components and industrial supplies, multi-branch national network",P1+P2,yes,4,confirmed,https://pentagonromania.ro,galati@pentagonromania.ro,,,"Site live and confirmed: multi-location B2B distributor (Galati, Otopeni, Constanta, Timisoara, Tulcea, Braila) importing and distributing dibluri and assembly parts — a plausible reseller-buyer to round out the range with drywall/cavity fixings.",https://pentagonromania.ro/organe-asamblare.html
2-importer,Romania,RO,Alsafix,Romania,"Importer and distributor of fixing systems and metal anchors (French group, in Romania since 2006)",P1,yes,3.5,plausible,https://www.alsafix.ro,,,,"Root site 403/bot-walled but confirmed real via catalog and 'Despre' page: named importer/distributor of fixing systems since 1994 (Romania 2006); range emphasizes concrete/heavy-load and thermal-insulation anchors with some drywall metal anchors — solid distributor, moderate cavity-anchor fit.",https://www.alsafix.ro/sisteme-de-fixare.html
2-importer,Romania,RO,Rawlplug Romania,Bucuresti,"Romanian arm of the global Rawlplug fixings brand; B2B distributor of chemical anchors, expansion anchors, screw anchors, drywall/plasterboard fixings and metal fasteners with a full technical/EasyFix design support layer.",P1+P2,yes,90,confirmed,https://www.rawlplug.ro,,,,Exactly on-target: drywall fixings + anchors are a core catalog line; established global fixings brand selling B2B in Romania.,https://www.rawlplug.ro
2-importer,Romania,RO,Wurth Romania S.R.L.,Bucuresti,"Romanian subsidiary of Adolf Wurth (since 1994); leading B2B distributor of assembly elements (elemente de asamblare), anchoring/fixing systems, adhesives and sealants; 30,000+ products, nationwide distribution.",P1+P2,yes,85,plausible,https://www.wuerth.ro,,,,"Clearly-real major B2B fastener/fixings distributor; site returned a 'Revenim imediat' maintenance page at fetch time so kept as plausible rather than confirmed. Identity/HQ (Sos. Bucuresti-Ploiesti 73-81, Bucuresti) verified via search.",https://www.wuerth.ro/articole/compania.html
2-importer,Romania,RO,Bendkopp SRL,Cluj-Napoca,"Romanian family-owned B2B distributor of fasteners and fixing systems (since 1994); 35,000+ products, screws, nuts, washers and assembly consumables supplied to manufacturers and maintenance firms; also runs shop.bendkopp.ro.",P1+P2,yes,78,confirmed,https://www.bendkopp.ro,office@bendkopp.ro; +40 264 436 106,,,Long-established fastener distributor with large catalog and stated B2B/wholesale model; strong bulk tonnage history.,https://www.bendkopp.ro/
2-importer,Romania,RO,Inedit Grup,Bucuresti,"B2B distributor of assembly components (organe de asamblare - screws, nuts, washers, rivets), tools, chemical/technical consumables and equipment; serves business customers with consultation and delivery. Now hosts the former berner.ro domain (301 redirect).",P1+P2,,68,confirmed,https://ineditgrup.ro,+40 21 467 02 92,,,"Genuine B2B supplier carrying a fasteners/assembly-components line, though broader MRO focus; secondary-tier fit for a dedicated fixings seller.",https://ineditgrup.ro/
2-importer,Romania,RO,Arabesque SRL,Bucharest (HQ); nationwide,"Founded 1994; one of Romania's largest national distributors of construction materials and finishes, 25+ commercial centres in Romania (regional presence in Moldova, Ukraine, Bulgaria); B2B wholesale supply plus MatHaus retail arm.",P1+P2,yes,5,plausible,https://arabesque.ro,,,,Nationwide building-materials wholesaler that stocks fixings/drywall accessories at scale. Site returned HTTP 403 (bot-walled) so held at plausible.,https://arabesque.ro/
2-importer,Romania,RO,Mastercasa,Bucharest / Ilfov,"Romanian distributor of drywall/rigips systems (boards, profiles and gypsum-board accessories) explicitly 'at distributor prices' (B2B/wholesale), 30+ years in construction materials, technical consultation and delivery.",P1+P2,yes,4,confirmed,https://mastercasa.ro,vanzari@mastercasa.ro; +40 726 385 158,,,Wholesale-priced drywall systems distributor stocking gypsum-board accessories/fixings; on-target for drywall accessory sourcing.,https://mastercasa.ro/
2-importer,Romania,RO,Exing Construct SRL,Cluj-Napoca,"Cluj-Napoca distributor of drywall profiles and gypsum-board accessories (screws, anchors, adhesive bands) plus related construction materials; operates both a B2B channel and retail e-commerce.",P1+P2,yes,4,confirmed,https://www.exingonline.ro,via contact page,,,"Registered distributor (SC Exing Construct SRL, CUI RO14512744) of drywall profiles/accessories and fasteners with a B2B channel.",https://www.exingonline.ro/produse/Profile%20si%20accesorii%20gipscarton
2-importer,Romania,RO,DecCons,"Bucharest (Sector 2), warehouse Afumati","Bucharest distributor of drywall (gips-carton) and glass-fibre-reinforced gypsum systems with all accessories (profiles, boards, fixings) from multiple manufacturers incl. Rigips; own warehouse in Afumati, retail + wholesale delivery nationwide.",P1+P2,yes,4,confirmed,https://www.deccons.ro,office@deccons.ro; 0745 263 861,,,Real drywall-systems distributor with warehouse and wholesale/bulk options; on-target for drywall accessory sourcing.,https://www.deccons.ro/Rigips
2-importer,Romania,RO,SC FAD 22 SRL,Satu Mare (Racsa-Vii),"Satu Mare fastener seller (est. 2000) with an extensive range of screws, nails, anchors, dowels and construction hardware; primarily e-commerce but offers bulk quantities and a request-quote feature for B2B.",P1+P2,yes,3.5,confirmed,https://www.fad22.ro,online@fad22.ro; 0757 111 206,,,Established fastener specialist with own fleet and bulk/quote capability; retail-leaning but genuine fastener stockist so kept at lower tier.,https://www.fad22.ro/suruburi-cuie-dibluri-si-alte-elemente-de-fixare
2-importer,Romania,RO,Vertical Wood SRL,Romania,"B2B distributor (8+ years) of furniture hardware and industrial fastening elements (screws, professional fastening systems, drawer guides, hinges, handles) supplying furniture factories, carpentry workshops and integrators; sources direct from European suppliers.",P1+P2,yes,3,confirmed,https://verticalwood.ro,office@verticalwood.ro; 0744 170 170,,,"Genuine B2B hardware/fastening distributor to production facilities; furniture-hardware slant makes it adjacent rather than core, so kept at tier 3.",https://verticalwood.ro/despre-noi/
2-importer,France,FR,Viswood (RAM Chevilles & Fixations),Sury-le-Comtal,"French specialist distributor of visserie / boulonnerie / fixation, 40,000+ references, 12,000 m2 logistics",P1+P2,yes,5,confirmed,viswood.com,,,,"Homepage/catalogue explicitly lists 'Ancrage placo, Plafond et suspente' under 'FIXATION MATERIAUX CREUX' — a direct match to drywall cavity anchors; a pure distributor/logistics partner, not a manufacturer.",https://www.viswood.com/
2-importer,France,FR,Emile Maurin (Maurin Fixation),Lyon,"B2B industrial fastener/fixings group, 4 specialized entities; Maurin Fixation division = screws, metal & stainless fasteners, bolts (40,000+ stock refs)",P1+P2,yes,4,confirmed,emile-maurin.fr,,,,"Established industrial fixings distributor; product catalogue includes chevilles PLAC metal cavity anchors for hollow partitions and toggle-type hollow-wall fixings. Deduplicated from two source entries on the same domain. Part maker of own brand, so not pure trader.",https://fixation.emile-maurin.fr/
2-importer,France,FR,Foussier Quincaillerie,Angers,"National building-hardware & fixings distributor, 60,000 references, 80+ branches, 1,700 employees",P1+P2,yes,4,plausible,foussier.fr,,,,Professional 'quincaillerie du batiment' distributor supplying trades nationwide; carries fixings/consumables at bulk volumes — strong wholesale buyer profile. Cavity-anchor SKU plausible but not shown on the page fetched.,https://www.foussier.fr/
2-importer,France,FR,Trenois Decamps,Lille,"Hardware & industrial-supplies distributor, 70+ agencies, 50,000+ references, works with Fischer/Bosch/Hettich",P1+P2,yes,4,plausible,trenois.com,,,,Broad quincaillerie/fixings wholesaler for professionals stocking anchor brands (Fischer); plausible drywall-anchor line at bulk volumes. Specific cavity-anchor SKU not confirmed on homepage.,https://www.trenois.com/
2-importer,France,FR,ACTON SAS,Sorbiers,"B2B fastener distributor (visserie/boulonnerie inox et nylon), ISO 9001, reseller-only portal, J+1 delivery",P1+P2,yes,3,plausible,acton.fr,,,,"Distributor of screws, nylon fixings and 'industrial fixings and building attachments' serving resellers/distributors exclusively; plausible drywall-anchor sourcing though no cavity-anchor SKU shown on homepage.",https://www.acton.fr/
2-importer,France,FR,Profix France,Geispolsheim,Fixings maker/trader since 1989: plumbing collars + drywall anchors (achat et vente),P1+P2,yes,4,plausible,profix-france.fr,contact@profix-france.fr,,,"Explicitly sells 'chevilles corps creux pour plaque de platre' (hollow-body drywall cavity anchors) — the exact product. Self-describes as 'fabricant depuis 1989' but also trades (achat et vente), so partly manufacturer — smaller specialist rather than a pure importer.",https://www.profix-france.fr/
2-importer,France,FR,Wurth France,Erstein,"B2B-only distributor of fasteners, fixings, chevilles and fastening/assembly materials to building, industry and automotive professionals; sells only to commercial customers.",P1+P2,yes,88,plausible,https://www.wurth.fr,,,,"Clearly-real French subsidiary of the Wurth fixings group; www.wurth.fr redirects to eshop.wurth.fr (timed out on fetch, bot/eshop-walled). Category leader for professional fixings; strong private-label/OEM fastener buyer.",https://www.wurth.fr
2-importer,France,FR,Setin,Rouen,"B2B distributor of industrial supplies and building hardware to construction/industry professionals since 1920; 65 branches across western France; fasteners, fixings, general building hardware, door/window/gate fittings.",P1+P2,yes,82,confirmed,https://www.setin.fr,02 32 96 97 60,,,Professionals-only builder's-hardware and fastener distributor with a 65-agency network; strong regional bulk buyer. Verified live with 2026-dated content.,https://www.setin.fr
2-importer,France,FR,Prolians (Descours & Cabaud),Lyon,"B2B distributor of building supplies and professional equipment (Descours & Cabaud group); 260 stores, 60,000 products, explicit 'Hardware & Fixings' and 'Fasteners & Fixings' categories; partner to construction trades.",P1+P2,yes,84,confirmed,https://www.prolians.fr,,,,Large national construction-supply distributor with dedicated fasteners & fixings lines; high-volume buyer/importer. Verified live.,https://www.prolians.fr
2-importer,France,FR,Legallais,Caen,"Major French B2B distributor of quincaillerie (builder's hardware), fixings and fasteners to building and industry professionals; large catalogue/online trade distributor based in Caen.",P1+P2,yes,84,plausible,https://www.legallais.com,,,,"Clearly-real, well-known national builder's-hardware/fixings distributor; site returned HTTP 403 (bot-walled) so kept as plausible per instruction. Core assortment covers fasteners and fixings.",https://www.legallais.com
2-importer,France,FR,Newleau,Vendee,"French distributor/wholesaler of visserie (screws), boulonnerie (bolts) and fixation (fixings) with a Vendee depot; DIN/ISO standard fasteners, wood/construction/terrace screws, washers; pro accounts and 24/48h delivery.",P1+P2,yes,74,confirmed,https://www.newleau.com,02 51 05 71 36,,,Genuine standard-fastener distributor with catalogued DIN/ISO ranges and a pro space; credible mid-size importer. Verified live (also serves some retail).,https://www.newleau.com
2-importer,France,FR,Point.P (Saint-Gobain Distribution Batiment France),Paris,"France's largest building-materials builders' merchant; 1,000 branches, 100,000 articles including plaques de platre (drywall) and extensive fixings/hardware; serves construction professionals and individuals.",P2,yes,78,confirmed,https://www.pointp.fr,,,,Dominant French builders' merchant stocking drywall and its fixings at national scale; a plasterboard-accessory / fastener supply lane. Verified live. Tier 2 as it is a mixed trade/retail merchant sourcing largely via central purchasing.,https://www.pointp.fr
2-importer,France,FR,Gedimat,,French builders' merchant cooperative distributing construction materials including plaques de platre (drywall) and fixings/hardware to building professionals and individuals.,P2,yes,72,confirmed,https://www.gedimat.fr,,,,National builders'-merchant network carrying drywall and fixings; potential bulk buyer of drywall accessories/fasteners via its buying group. Verified live e-commerce.,https://www.gedimat.fr
2-importer,France,FR,BigMat France,,"Builders'-merchant network distributing building materials and quincaillerie/fixings (visserie, chevilles, boulonnerie) to professionals and individuals; 30,000+ references in stock.",P2,yes,70,confirmed,https://www.bigmat.fr,,,,Builders'-merchant group with explicit drywall-screw and fixings categories; credible fixings buyer through its central purchasing. Verified live.,https://www.bigmat.fr
2-importer,France,FR,Achatmat,,French online B2B distributor of building materials and construction supplies (incl. drywall and fixings) to professionals.,P2,,66,plausible,https://www.achatmat.com,,,,"Real French professional building-materials e-distributor; site returned HTTP 403 (bot-walled) so kept as plausible. Smaller online reseller, hence tier 2 and non-bulk.",https://www.achatmat.com
2-importer,Austria,AT,Baustoff + Metall GmbH,Vienna,"Austrian drywall-systems specialist distributor/wholesaler (Trockenbau) with 125+ branches across 14+ countries; supplies drywall systems, metal profiles, insulation and fixings to the trade.",P1+P2,yes,90,confirmed,https://www.baustoff-metall.com,zentrale@baustoff-metall.com / +43 1 6163631,,,Core business is drywall systems sold B2B to installers - a natural stocking channel for cavity anchors / toggle bolts.,https://www.baustoff-metall.com
2-importer,Austria,AT,Kellner & Kunz AG (RECA Austria),Wels,"One of Austria's leading B2B wholesalers of fastening technology, screws, dowels/anchors (RECA Duebeltechnik), tools, chemical-technical products and C-parts management. Founded 1922, HQ Wels.",P1+P2,yes,92,confirmed,https://www.reca.co.at,"Boschstrasse 37, 4600 Wels (contact form + online shop; branches Wien/Graz/Klagenfurt/Innsbruck/Salzburg)",,,Explicit RECA Duebeltechnik (anchor/dowel) line and B2B fastener focus - direct fit for drywall cavity anchors / toggle bolts.,https://www.reca.co.at/de/startseite/
2-importer,Austria,AT,Wuerth Handelsges.m.b.H. (Wuerth Oesterreich),Boeheimkirchen,"Trade-only (Nur fuer Gewerbetreibende) Austrian B2B distributor of fasteners, fixings, anchors/dowels and workshop supplies; 60,000+ SKUs, HQ Boeheimkirchen with multiple branches.",P1+P2,yes,90,confirmed,https://www.wuerth.at,info@wuerth.at / +43 50 8242 0,,,Trade-only fastener/fixings distributor already selling anchor products (e.g. SHARK TWIST allzweck dowel) - strong channel fit.,https://www.wuerth.at
2-importer,Austria,AT,Haberkorn GmbH,Wolfurt,"Austrian technical B2B wholesaler (Wolfurt HQ); Verbindungselemente/Schrauben and Baubeschlaege divisions among 285,000+ articles across 19 categories; B2B-only shop (UID required). Branches in Wolfurt, Wien, Innsbruck, Villach, Leonding, Graz.",P1+P2,yes,82,confirmed,https://www.haberkorn.com,info.wolfurt@haberkorn.com / +43 5574 695-0,,,Fasteners (Verbindungselemente/Schrauben) and building hardware divisions make cavity anchors a natural catalogue addition.,https://www.haberkorn.com/at/de
2-importer,Austria,AT,Quester Baustoffhandel GmbH (BauProfi Quester),Vienna,"Austrian building-materials trade chain (~24 branches) with explicit drywall (Trockenbau), tools and hardware ranges (20,000+ articles) to trade and professional customers. Vienna HQ.",P1+P2,yes,80,plausible,https://www.quester.at,,,,"Established building-materials chain with a Trockenbau range - a fitting retailer/distributor for drywall anchors. Webserver unreachable from here but domain is live (valid Outlook MX) and the company is a well-known real chain, so kept as plausible.",https://firmen.wko.at/quester-baustoffhandel-gmbh-baustoff-und-fliesenhandel/wien/
2-importer,Austria,AT,Bauwolf (bauwolf Baushop e.U.),Vienna,"Austrian online building-materials supplier (Vienna, 1200 Wien) serving trade and consumers; ranges include drywall (Gipskartonplatten), profiles and a Duebel/Schrauben (dowels/screws) hardware category, with quote requests and showroom for contractors.",P1+P2,,74,confirmed,https://www.bauwolf.at,kundenservice@bauwolf.at / +43 664 14 90 964,,,"Genuine building-materials shop already carrying drywall and a dowels/screws category, with contractor-oriented quoting - fits as a smaller specialist stockist, though partly consumer-facing.",https://www.bauwolf.at
2-importer,Austria,AT,Berner Österreich GmbH,,"Austrian arm of the Berner Group — multi-brand B2B distributor of fixings, fasteners, dowels/anchors, chemicals and consumables to construction and automotive trades.",P1+P2,yes,4,plausible,https://www.berner.at,,,,Real B2B fixings/fasteners distributor: root domain berner.at resolves and returns 200; the shop (shop.berner.eu) bot-walls (403) so not rendered — held at plausible. Anchors/dowels sit squarely in its fixings range.,https://www.berner.at
2-importer,Austria,AT,Wuerth Hochenburger GmbH,Innsbruck,"B2B building-materials merchant chain (25 building-materials sites + 8 building markets), incl. drywall",P1+P2,yes,4.6,confirmed,https://www.wuerth-hochenburger.at,,,,Large western-Austria builders-merchant chain with a dedicated Trockenbau/drywall assortment. Verified live.,https://www.wuerth-hochenburger.at/
2-importer,Austria,AT,Haefele Austria GmbH,Hof bei Salzburg,"B2B distributor/wholesaler of furniture fittings, architectural/builder's hardware and locking systems (150,000+ items)",P1+P2,yes,4.3,plausible,https://www.haefele.at,info@haefele.at / +43 6229 390390,,,"Austrian arm of the Haefele Group, a well-known real hardware/fittings distributor; homepage returns 403 bot-wall so kept as plausible, identity and domain confirmed via directory/company records. Corrected from mis-hit hafele.at (a beverage firm).",https://www.haefele.at/de/produkte/produkte/global_one_pim_catalog/
2-importer,Austria,AT,Dihag GmbH,Neumarkt am Wallersee,B2B wholesaler of insulation and specialty building materials serving drywall/construction trades,P1+P2,yes,4,confirmed,https://www.dihag.at,,,,"Family building-materials wholesaler (33,000 m2, 3 sites) explicitly serving drywall contractors and the building-materials trade. Verified live.",https://www.dihag.at/
2-importer,Austria,AT,Voglmayr Baustoffe GmbH,Raab (Upper Austria),Regional B2B building-materials merchant (Baustoffhandel),P1+P2,yes,3.6,confirmed,https://www.voglmayr-baustoffe.at,,,,Regional Upper-Austria builders merchant carrying drywall systems and interior-fit-out materials with delivery/trade service. Verified live.,https://www.voglmayr-baustoffe.at/
2-importer,Austria,AT,HW Technik GmbH,Naarn im Machlande,"Distributor/wholesaler of connection and fastening elements (rivets, inserts, weld studs)",P1+P2,yes,3.5,confirmed,https://www.hwtechnik.at,,,,20+ year Austrian distributor of fastening/connection elements; on-target for fasteners though weighted toward industrial rather than construction fixings. Verified live.,https://www.hwtechnik.at/
2-importer,Greece,GR,FIXMAT (Fix Mat Accessories & Building Material),Athens,"Wholesale distributor of certified drywall products and systems - screws, plugs, anchors, suspension and connection components - selling in Greece and abroad through a dealer network",P1+P2,yes,5,confirmed,https://www.fixmat.gr,+30 211 218 0383,,,Pure-play wholesale drywall systems distributor whose catalogue explicitly includes plugs and anchors; sells via a dealer network - a natural bulk importer of cavity anchors/toggles,https://www.fixmat.gr/en/about-fixmat
2-importer,Greece,GR,J. Corassides S.A. (Gypsoplak Group),"Tavros, Athens","Major trader/distributor of plasterboard and all drywall components (incl. steel profiles and accessories via group companies Diamorfotiki/Viotia and wholesaler Blue Line Materials), trading in Greece and abroad",P1+P2,yes,5,confirmed,https://gypsoplak.gr,+30 210 3466362; +30 210 3462087,,,National-scale drywall components trader with an accessories arm; cavity anchors/toggle bolts are a core fixing category for a plasterboard house,https://gypsoplak.gr/index.php/en/blog/item/139-company
2-importer,Greece,GR,Zafirakis Fasteners,"Thessaloniki (also Kalochori, Piraeus)","Fastener importer and wholesaler-retailer since 1970; 3 branches, 50,000+ SKUs of bolts, nuts, screws, threaded rods, anchors and washers; serves Greece, Cyprus and the Balkans",P1+P2,yes,5,confirmed,https://zaf.gr,info@zaf.gr; +30 2310 519117,,,Established national fastener importer/wholesaler that already stocks anchors; strong channel fit for adding drywall cavity anchors/toggles in bulk,https://zaf.gr/en/
2-importer,Greece,GR,Tsamouris - Douzoglou S.A.,Athens,"Wholesale distributor of fasteners and fixing materials and professional tools since 1959; 25,000+ products (screws, stainless fasteners, rivets, bolts, fixings) serving industry, construction and retailers across Greece and the Balkans",P1+P2,yes,4.5,confirmed,https://tsamouris.gr,see tsamouris.gr contact page,,,Long-established wholesale fasteners/fixing-materials distributor stating wholesale is the foundation of its business; drywall anchors fit its fixings range,https://tsamouris.gr/en/
2-importer,Greece,GR,M.K.M. DOMISI A.E.,Greece,"Wholesale-and-retail building materials distributor; extensive anchors/plugs range incl. drywall fixings, concrete anchors, distributing brands such as Fischer and SPIT",P1+P2,yes,4,confirmed,https://www.mkmdomisi.gr,see mkmdomisi.gr/epikoinwnia,,,Building-materials distributor with a dedicated anchors/plugs (ούπα/βύσματα) category including drywall fixings; authorised distributor of anchor brands,https://www.mkmdomisi.gr/c/sterewsh/oupa-vysmata/
2-importer,Greece,GR,PoliSafety (Afoi Leptokaridi O.E.),Thessaloniki,"Retail-and-wholesale merchant of construction/safety and fixing products; stocks metal expanding drywall anchors (Index brand) with a dedicated wholesale-quote form for resellers, contractors and technicians",P1+P2,yes,3.5,confirmed,https://www.polisafety.gr,info@polisafety.gr; +30 2310 525234,,,Already sells metal drywall anchors and openly solicits wholesale/bulk orders from trade buyers - a smaller but directly on-product reseller,https://www.polisafety.gr/product/vysmata-metallika-ektonoumena-gypsos/
2-importer,Greece,GR,Metalindustrial (Metals Industrial Materials),"Heraklion, Crete","Industrial fasteners & fixings supplier - screws, nuts, threaded rods, washers, anchors, rivets and related materials",P1+P2,,3,plausible,https://www.metalindustrial.gr,on-site (not retrieved),,,Real named Crete fasteners & fixings supplier with an anchors line; site is server/bot-walled (connection refused) so kept as plausible rather than fully verified,https://www.metalindustrial.gr/en/fasteners-fixings/
2-importer,Greece,GR,Kyriakos Theodosiadis S.A.,Piraeus,B2B distributor/wholesaler of stainless fasteners & marine/industrial hardware,P1+P2,yes,4.4,confirmed,https://www.theodosiadis.gr,info@theodosiadis.gr / +30 210 4205890,,,"50+ years, 20,000+ items in stock, supplies construction/marine/industry and DIY shops as wholesale distributor — solidly on-target stainless fastener buyer/importer.",https://www.theodosiadis.gr/
2-importer,Greece,GR,Antonios Varvoutis & Co. E.E.,Thessaloniki,B2B importer & wholesaler of fastening and welding items,P1+P2,yes,4.4,confirmed,https://www.varvoutis.gr,info@varvoutis.gr / +30 2310 522761,,,"Established 1966, third-generation firm that explicitly imports and wholesales fastening items with permanent consignment stock — core on-target fasteners/fixings importer.",https://www.varvoutis.gr/
2-importer,Greece,GR,VIDA (ΒΙΔΑ),Thessaloniki,"Wholesale & retail distributor of bolts, fasteners and tools",P1+P2,yes,3.9,confirmed,https://vida.gr,info@vida.gr / +30 2310 763500,,,"22,000+ SKU fastener/tool distributor selling wholesale and retail across Greece — on-target but mixed retail channel, hence tier 2.",https://vida.gr/
2-importer,Greece,GR,Inox Store,Thessaloniki,Wholesale & retail supplier of stainless fasteners & industrial items,P1+P2,yes,3.8,confirmed,https://www.inoxstore.gr,info@inoxstore.gr / +30 2310 759800,,,"Stainless-fastener supplier with bulk (100-pc) packaging and B2B supply alongside an online retail store — on-target but partly retail, tier 2.",https://www.inoxstore.gr/
2-importer,South Africa,ZA,Bolt & Engineering Distributors (B.E.D.),"Wadeville (Germiston), Gauteng","National industrial fastener distributor (est. 1983) with a dedicated Fasteners Division plus tools, bearings, welding, PPE and lifting; 9 branches nationwide (Wadeville, Klerksdorp, Welkom, Rustenburg, Lephalale, Tshwane, Middelburg, Burgersfort, Cape Town); supplies industry across southern & central Africa on trade/credit accounts.",P1+P2,yes,5,confirmed,bolteng.co.za,sales@bolteng.co.za,,,Major national B2B fastener distributor with a Fasteners Division and credit-account trade model across Southern/Central Africa — a natural bulk stocking buyer of cavity anchors and toggle bolts. Site opened live.,https://bolteng.co.za
2-importer,South Africa,ZA,Vermont Sales (Pty) Ltd,Johannesburg,"National trade-only importer/distributor of power tools, accessories and fastening & fixing products (~19,000 SKUs across 40+ brands). Explicitly sells to resellers only (dealer accounts required), not to the public.",P1+P2,yes,4,confirmed,vermontsales.co.za,+27 11 314 7711,,,Trade-only national importer/distributor with a Fastening & Fixing category supplying hardware resellers — fits an imported cavity-anchor/toggle line. Site opened live; B2B/reseller-only confirmed. No email shown on site.,https://vermontsales.co.za
2-importer,South Africa,ZA,FTS Boltworld,Johannesburg,"Johannesburg fastener distributor stocking a wide anchor range — expansion bolts, nailin anchors, wall plugs, spring toggles, hook/eye anchors and chemical capsules — serving OEM manufacturing, construction, mining and retail markets.",P1+P2,yes,4,confirmed,ftsboltworld.co.za,bwsales@boltworld.co.za,,,Distributor already stocking spring toggles and a broad anchor line to construction and retail — direct product overlap. Site opened live; sales email visible.,https://ftsboltworld.co.za/ftsboltworld/
2-importer,South Africa,ZA,Trufix Fasteners,"Sandton (Linbro Business Park), Gauteng","Accredited distributor of fastening systems for masonry, concrete and drywall — spring toggles, wall plugs, speed plugs, shield and sleeve anchors — supplying wholesalers, retailers, builders and contractors.",P1+P2,yes,5,confirmed,trufix.co.za,+27 11 608 0471,,,"Distributor of exactly this category (spring toggles, wall/cavity plugs and anchors) to the building trade — very high fit. Site opened live. No email shown; contact via phone/form.",https://www.trufix.co.za/
2-importer,South Africa,ZA,IKA Anchors and Fixings,Johannesburg (branches nationwide),"Anchors & fixings distributor/supplier with branches nationwide (Johannesburg HQ, Pretoria, Cape Town, Durban, Bloemfontein, East London, Gqeberha, Windhoek). Catalogue includes nylon toggle cavity fixings, spring toggle cavity fixings and all-metal cavity fixings for plasterboard.",P1+P2,yes,5,confirmed,ikafixings.co.za,086 100 7295,,,"Near-exact match: distributes metal cavity fixings and spring toggle cavity fixings specifically for drywall/plasterboard, nationwide. Site opened live.",https://ikafixings.co.za/light-duty-cavity-fixings/
2-importer,South Africa,ZA,SA Fasteners,South Africa,"Industrial fastener, fixings, tools and abrasives supplier/distributor selling from single screws up to bulk, to trade counter customers, engineering firms and government/departments across South Africa and into Africa.",P1+P2,yes,4,confirmed,safasteners.co.za,,,,Broad industrial fasteners & fixings distributor selling bulk to trade — a credible stocking buyer for imported cavity anchors/toggle bolts. Site opened live; contact via on-site Contact page.,https://www.safasteners.co.za/
2-importer,South Africa,ZA,Wurth South Africa,Johannesburg,"South African arm of the global Wurth Group; trade/industrial distributor of assembly and fastening materials — 125,000+ products including screws, anchors, fixings, chemicals and PPE — to craft and industrial customers.",P1+P2,yes,5,plausible,wuerth.co.za,,,,"Global-scale fastening/anchor distributor with a large SA trade operation — a major potential channel. Held at plausible: eshop returned HTTP 403 and root refused connection (bot-walled), not personally rendered.",https://www.wuerth.co.za
2-importer,South Africa,ZA,Agrinet (Pty) Ltd,"Samrand/Centurion, Gauteng","National wholesale distributor supplying hardware retail, specialist industrial and irrigation markets across Africa, with a dedicated Fasteners & Fixing / Anchors & Plugs category.",P1+P2,yes,5,plausible,agrinet.co.za,,,,"Large national wholesaler that stocks and distributes anchors/plugs to hardware retailers — a natural bulk importer/stocking buyer. Held at plausible: site returned HTTP 403 (bot-walled), not personally rendered.",https://www.agrinet.co.za
2-importer,South Africa,ZA,Chamberlains,"Pinetown, KwaZulu-Natal","KwaZulu-Natal building materials and hardware merchant supplying builders and trade as well as retail; fasteners range includes screws, bolts, nuts, wall anchors and drywall screws.",P1+P2,yes,3,plausible,chamberlains.co.za,,,,"Regional builders' hardware/building-materials merchant carrying wall anchors and drywall fixings — a plausible trade stocking buyer. Held at plausible: site returned HTTP 403 (bot-walled), not personally rendered.",https://www.chamberlains.co.za
2-importer,South Africa,ZA,CAPCO (Partition Components),Durban (KZN head office),"Stockist and distributor of drywall, ceiling and partition systems and their fixings; est. 1989, branches in KZN, Ballito, Gauteng, Western Cape",P1+P2,yes,4.5,confirmed,https://capco.co.za,,,,Dedicated drywall/partition supplier that explicitly stocks 'drywall fixing' and ceiling fixings — end-use match for cavity anchors/toggle bolts in plasterboard,https://capco.co.za/fixings/
2-importer,South Africa,ZA,OLCO,Cape Town (Paarden Eiland),"One of the oldest SA hardware wholesale distributors (trading since 1826); 13 hardware categories incl. fasteners, anchors and wall plugs; serves retailers and corporates",P1+P2,yes,4.3,confirmed,https://olco.co.za,+27 21 510 0330 / sales1@olco.co.za,,,Established national hardware wholesale distributor carrying fasteners/anchors/wall plugs — buys ranges in bulk to supply independent retailers,https://www.olco.co.za/
2-importer,South Africa,ZA,All Plug Sales,,"SA business specialising in sourcing, development, marketing and distribution of nail-in anchors, fasteners, screws, nuts/bolts and related hardware",P1+P2,yes,4.2,plausible,https://allplugsales.co.za,,,,Named specialist distributor of anchors/plugs and fasteners — squarely on-target for cavity anchor supply; site returned 403 (bot-walled) but firm is genuine,https://www.allplugsales.co.za/
2-importer,South Africa,ZA,Fastener Agencies,Germiston (Raceway Industrial Park),33-year fastener supplier/distributor with access to 5000+ fasteners and fixings incl. an 'Anchors & Nails' category; offers pre-packing and distribution,P1+P2,yes,4.1,confirmed,https://fa.co.za,+27 11 907 2876 / info@fa.co.za,,,Broad-line fastener distributor with dedicated anchors category and pre-packing capability — buys anchor ranges for resale/pre-pack,https://fa.co.za/
2-importer,South Africa,ZA,EST Building & Hardware,Germiston (Klippoortjie),B2B trade buying group (est. 2012) for independent hardware retailers; negotiates group supply incl. fasteners across 30+ hardware categories,P1+P2,yes,4,confirmed,https://estafrica.co.za,+27 11 383 1900 / info@estafrica.co.za,,,Buying group aggregating demand for many independent hardware stores — a high-volume channel for fasteners/fixings incl. cavity anchors,https://estafrica.co.za/building-hardware/
2-importer,South Africa,ZA,Precision Tools and Innoventions,,"Tool and distribution centre selling hardware, building materials and a 'Fastening and Fixing' range incl. nylon cavity fixings and drywall fixing kits; trade and retail",P1+P2,,3.4,confirmed,https://precisiontoolsandinnoventions.co.za,073 499 6353,,,Distribution centre listing nylon cavity fixings and drywall fixing kits directly; smaller/mixed trade-retail so tier 3,https://precisiontoolsandinnoventions.co.za/index.php?path=66&route=product/category
2-importer,South Africa,ZA,NSS Fasteners,Johannesburg,"B2B fastener distributor/wholesaler; claims 40+ years and 'largest stock holding in Africa'. Stocks drywall screws, self-drilling/self-tapping screws, wall & mechanical anchors (shield/sleeve/wedge/nail-in), chemical anchors, bolts, nuts, threaded rod.",P1+P2,yes,5,confirmed,https://nssfasteners.co.za,+27 11 594 6100,,,Large B2B distributor already carrying both drywall screws and a full wall/cavity anchor range - a direct stockist channel for a Turkish self-drilling drywall anchor and toggle bolt.,https://nssfasteners.co.za/
2-importer,South Africa,ZA,Wurth Industry South Africa (formerly Action Bolt),Durban,"B2B-only industrial distributor of fasteners, screws, nuts, washers and C-parts with 3M+ SKUs and C-parts/logistics management; national footprint (Durban HQ + Johannesburg, East London, Gqeberha, Richards Bay). Part of the Wurth Group; rebranded from Action Bolt in 2025.",P1+P2,yes,5,confirmed,https://www.wurthindustry.co.za,info@wurthindustry.co.za,,,National B2B fastener/C-parts distributor with huge SKU breadth and industrial buying power - a natural bulk stockist for cavity/drywall anchor lines.,https://www.wurthindustry.co.za/
2-importer,South Africa,ZA,The Building Company (BUCO / Timbercity / Brands4Africa / Citiwood),Cape Town,"30+ year building-materials group that sources, imports, wholesales AND retails general & specialised building materials and hardware; retail brands BUCO and Timbercity plus wholesale divisions Brands4Africa and Citiwood, serving contractors, builders, plumbers and electricians.",P1+P2,yes,5,confirmed,https://thebuildingco.com,+27 21 065 4100,,,Chain + wholesale operator that centrally sources hardware and fasteners for BUCO/Timbercity stores and its Brands4Africa wholesale arm - a high-volume private-label/import buyer for both anchor SKUs.,https://thebuildingco.com/group-profile/
2-importer,South Africa,ZA,Cashbuild,Johannesburg,"Southern Africa's largest retailer of building materials and related products; centrally procures tools and hardware (incl. fasteners and fixings) and runs private-label lines across Cashbuild, Cashbuild Xtra and P&L Hardware divisions.",P1+P2,yes,5,confirmed,https://www.cashbuild.co.za,,,,Largest building-materials chain in the region with central bulk procurement and private-label sourcing - a dominant own-brand/volume channel for a drywall anchor and toggle bolt.,https://www.cashbuild.co.za/
2-importer,South Africa,ZA,Power Build (Hardware Buying Group),Durban,"National hardware/building-materials/paint buying group aggregating bulk procurement for 600+ member retail stores (Power Build / Mega Paints) across all nine SA provinces plus Mozambique, Botswana and Namibia; 400+ listed suppliers.",P1+P2,yes,5,confirmed,https://powerbuild.africa,,,,Buying group that negotiates supplier listings on behalf of 600+ hardware stores - a single point to place a Turkish anchor range into a large independent-retail network.,https://powerbuild.africa/
2-importer,South Africa,ZA,CDS (Ceiling & Drywall Supplies),Centurion,"Privately owned SA distributor (est. 2004) of lightweight ceiling & partitioning components and a complete drywall range - gypsum boards, galvanised studs/tracks, aluminium components and accessories; 10 branches nationwide. Sole African distributor of the Chicago Metallic grid system.",P1+P2,yes,5,confirmed,https://www.cdsupplies.co.za,072 725 7537,,,Pure drywall/ceiling accessory distributor with 10 branches - the exact end-use channel for a self-drilling drywall anchor and ceiling toggle fixing.,https://www.cdsupplies.co.za/
2-importer,South Africa,ZA,Mr Bolt and Nut,Cape Town,"Family-owned importer and distributor of bolts, nuts, screws and washers; range includes anchors, rawlbolts, sleeve/wedge anchors, studs, threaded rod, woodscrews and self-tapping screws to DIN/ISO/BS/ASTM standards.",P1+P2,yes,4,confirmed,https://www.mrboltandnut.co.za,sales@mrboltandnut.co.za,,,Importer/distributor already listing wall anchors and rawlbolts - a direct-fit stockist to add a Turkish metal cavity anchor and toggle bolt.,https://www.mrboltandnut.co.za/
2-importer,South Africa,ZA,The Screwman,Pretoria,"B2B fastener & tool distributor (est. 1974) built for trades, workshops, factories and account customers; stocks anchors, drywall/self-tapping screws, bolts, nuts, washers, machine screws and roofing products. Trade & bulk-order friendly.",P1+P2,yes,4,confirmed,https://screwman.co.za,sales@screwman.co.za,,,Trade/account-focused distributor already carrying anchors and drywall screws with quote/bulk support - a natural stockist for both SKUs.,https://screwman.co.za/
2-importer,South Africa,ZA,Tradebuild Africa (Buildmor),Durban,"National buying group for hardware, building supplies, paint and allied sectors serving independent merchants; aggregates procurement and negotiates supplier trading terms under the Buildmor brand (partnered with Power Build).",P1+P2,yes,4,confirmed,https://tradebuildafrica.co.za,admin@tradebuildafrica.co.za,,,Buying group that lists suppliers for a network of independent hardware/building merchants - a single entry point to place an anchor range with many stores.,https://tradebuildafrica.co.za/
2-importer,South Africa,ZA,Build it (SPAR Group),Pinetown,"Building-materials retail/franchise group and voluntary buying division of the SPAR Group; 400+ stores across South Africa, Namibia, Lesotho, Eswatini and Mozambique supplying building materials and hardware, procured via SPAR central distribution.",P1+P2,yes,4,plausible,https://www.spar.co.za,,,,400+ store building-materials group under SPAR's central procurement - a large bulk/private-label channel (listed under parent spar.co.za; dedicated Build it domain not confirmed live in-tool).,https://thespargroup.com/pdf/CMD/CMD_2025_Build_it_Overview.pdf
2-importer,South Africa,ZA,UPAT (Fasten-It / fischer SA agent),Johannesburg,"Exclusive South African agent/importer for fischer fixing systems; distributes nylon plugs, steel & chemical anchors, wall plugs, cavity fixings, screws and pipe clamps to construction and trade nationwide.",P1+P2,yes,4,plausible,https://upat.co.za,,,,"Dedicated fixings importer/distributor whose core range is wall plugs and cavity fixings - directly adjacent product line (site repeatedly reset connection in-tool, so plausible).",https://upat.co.za/product-category/brands/fischer/
2-importer,South Africa,ZA,PMB Hardware Group,Pietermaritzburg,Long-established building-materials wholesale distribution company supplying and delivering to hardware stores throughout South Africa and other African nations.,P1+P2,yes,3,plausible,https://pmbhardware.com,,,,"Wholesale distributor into hardware stores across SA/Africa - a downstream re-distribution channel for imported anchors (site returned a 500 error in-tool, so plausible).",https://pmbhardware.com/
2-importer,South Africa,ZA,Fundi Interior Systems,Edenvale,"Family-owned (since 2015) drywall & ceiling stockist/distributor in Edenvale; fully stocked warehouse of boards plus screws, corner beads, mesh tape, hanger wire, wall angles, clips, plaster trim and all fixing accessories, serving builders and contractors.",P1+P2,,3,confirmed,https://thefundis.co.za,sales@thefundis.co.za,,,"Drywall stockist already selling screws and fixing accessories to trade - a fit for a self-drilling drywall anchor, though smaller single-branch scale (tier 3).",https://thefundis.co.za/
2-importer,South Africa,ZA,Brights Hardware,Cape Town,"Long-standing Western Cape building & hardware chain (multiple branches) serving builders, contractors and trade with building materials, tools, fasteners and fixings.",P1+P2,yes,3,plausible,https://www.brights.co.za,,,,"Multi-branch trade-focused hardware chain in the Western Cape that stocks fasteners and fixings - a regional retail/procurement channel (site is bot-walled/403 in-tool, so plausible).",https://www.brights.co.za/
2-importer,South Africa,ZA,M&A Distributors,Johannesburg,"Wholesale distributor and direct importer of fasteners since 1979; 25,000+ product lines including hex bolts, nuts, screws, set screws, anchors, chemical anchors, rivets and washers. Supplies Johannesburg/greater Gauteng trade.",P1+P2,yes,4,confirmed,https://madistributors.co.za,moaaz@madistributors.co.za,,,Established fastener wholesaler/importer already listing anchors and chemical anchors to trade customers — a stocking importer for a cavity/drywall anchor line.,https://madistributors.co.za/
2-importer,South Africa,ZA,Multifix,Cape Town,"B2B distributor/supplier of screws, fasteners, chemical fixings and the Thunderbolt anchor range for construction professionals; branches in Cape Town (Milnerton, Goodwood) and Roodepoort (Gauteng).",P1+P2,yes,4,confirmed,https://multifix.co.za,,,,Construction-focused fixings distributor already selling an anchor range — a direct-adjacent channel for a metal cavity anchor and toggle.,https://multifix.co.za/
2-importer,South Africa,ZA,Supertec Ceilings & Drywall,"Alberton, Gauteng","Ceiling & partitioning manufacturer and distributor with 12 branches across Southern Africa; stocks drywall screws, tek screws, nail-in anchors, concrete nails and jointing/skimming plaster alongside boards, studs and tracks.",P1+P2,yes,4,confirmed,https://www.supertecceilings.co.za,info@supertecceilings.co.za,,,"12-branch drywall accessory distributor already selling nail-in anchors and drywall screws — a natural multi-branch stockist for both anchor SKUs (distributes, not manufacturer-only).",https://www.supertecceilings.co.za/
2-importer,South Africa,ZA,Topfast,Cape Town,"Cape Town-based B2B fastener distributor/wholesaler (online + branch, Paarden Eiland); fasteners, bolts, nails, drill bits and tools, 'fasteners the heart of what we do'.",P1+P2,yes,3,confirmed,https://topfast.co.za,websales@topfast.co.za,,,Fastener-focused Western Cape distributor — a plausible regional stockist to add a cavity/drywall anchor line.,https://topfast.co.za/
2-importer,South Africa,ZA,Turbo Fasteners,"Boksburg, Gauteng","Fastener distributor/wholesaler (est. 1999) supplying industrial customers from Jet Park, Boksburg with own delivery fleet; range includes anchors, anchor bolts and rawlbolts alongside general fasteners.",P1+P2,yes,3,confirmed,https://turbofasteners.co.za,turbo@turbofast.co.za,,,East-Rand fastener wholesaler already carrying anchors/rawlbolts — a regional channel for imported cavity anchors.,https://turbofasteners.co.za/
2-importer,South Africa,ZA,Shenka Industries,Johannesburg,"Fastener wholesaler/distributor (also manufacturer & exporter) moving ~6,000 tons/yr since 1987; supplies bolt wholesalers, fastener merchants and hardware stores; carries an 'Anchor King' pre-pack wall-anchor line. Exports across Africa.",P1+P2,yes,3,confirmed,https://shenkaindustries.co.za,info@shenkaindustries.co.za,,,"High-volume fastener wholesaler already selling a pre-pack wall-anchor line to merchants/hardware stores — a distribution channel (leans automotive, hence mid rating).",https://shenkaindustries.co.za/
2-importer,South Africa,ZA,Pelican Systems,South Africa,Supplier of a comprehensive range of ceiling and partition (drywall) systems and products for ceiling & partitioning specialist contractors.,P1+P2,yes,3,plausible,https://www.pelican.co.za,,,,Ceiling/partition systems distributor to drywall specialist contractors — a fit for cavity/ceiling anchors; site had a TLS certificate error in-tool so kept as plausible.,https://www.pelican.co.za/
2-importer,South Africa,ZA,Nutec Suppliers & Hardware,Cape Town,"B2B building-materials and hardware supplier to builders, contractors, resellers and project buyers; stocks fibre-cement boards, plywood/shutterply, roofing, timber, fasteners and building accessories. Branches in Cape Town/Parow, Randburg and Fordsburg (Gauteng).",P1+P2,yes,4,confirmed,https://www.nutechardware.co.za,,,,Trade-focused building-materials merchant already listing fasteners and building accessories - a plausible stockist of drywall anchors and toggles for its contractor base.,https://www.nutechardware.co.za/
2-importer,South Africa,ZA,BMG (Bearing Man Group),Johannesburg,"National industrial and technical products distributor (Invicta group) with a fasteners division; supplies drywall screws, roofing/self-drilling screws, anchors and general fasteners plus MRO hardware through nationwide branches.",P1+P2,yes,4,plausible,https://bmgworld.net,,,,"National distributor already stocking drywall screws and anchors through many branches - a broad-reach stockist for a drywall anchor range (site bot-walled 403 in-tool, so plausible).",https://bmgworld.net/fasteners/drywall-screws
2-importer,South Africa,ZA,Natal Builders Supplies,Durban,"Building-materials merchant since the 1940s supplying the public and wholesalers; stocks plumbing, electrical, paint, roofing, timber, cement, bricks/blocks and hardware. Durban (Rossburgh).",P1+P2,yes,3,confirmed,https://www.natalbuilders.co.za,support@natalbuilders.co.za,,,"Long-established general building-materials merchant serving wholesalers - a plausible hardware channel, though fasteners/drywall not the core range (mid rating).",https://www.natalbuilders.co.za/
2-importer,South Africa,ZA,Buildmate,,South African building-material supplier/merchant serving trade and builders with hardware and construction materials.,P1+P2,yes,3,plausible,https://buildmate.co.za,,,,"Building-materials merchant serving the trade - a plausible general-hardware stockist for anchors/toggles (site bot-walled 403 in-tool, so plausible).",https://buildmate.co.za/
2-importer,South Africa,ZA,BOLT IT,Cape Town,"Cape Town (Ottery) distributor of bolts, nuts, washers, screws, rivets, anchors, clips, inserts and drill bits in galvanised, stainless, brass and high-tensile grades for construction, engineering and mining.",P1+P2,yes,3,confirmed,https://boltit.co.za,boltit@mweb.co.za,,,Fastener distributor already stocking anchors for construction and trade - a plausible regional stockist for both SKUs.,https://www.boltit.co.za/
2-importer,South Africa,ZA,Anchor Fasteners,Johannesburg,"Johannesburg distributor/supplier of fasteners including bolts, nuts, screws, washers, rivets and anchors, with an e-commerce trade platform.",P1+P2,yes,3,confirmed,https://anchorfasteners.co.za,info@anchorfast.co.za,,,Fastener distributor already carrying an anchors line - a plausible stockist to add a cavity/drywall anchor and toggle.,http://anchorfasteners.co.za/
2-importer,South Africa,ZA,Vaal Fasteners,Vereeniging,"South African distributor/wholesaler of bolts, nuts, screws and fasteners serving the Vaal Triangle and greater Gauteng industrial and construction trade.",P1+P2,yes,3,plausible,https://vaalfasteners.co.za,,,,Regional fastener distributor - a plausible stockist for a cavity/drywall anchor range. (Site returned 401/bot-wall in-tool; real named SA fastener distributor.),https://vaalfasteners.co.za/
2-importer,United Arab Emirates,AE,Bulls Hardware LLC,Dubai,"UAE-based B2B building-hardware distributor with a dedicated cavity-fixing range: metal cavity anchors (HM-S/HM-H/HM-SS), nylon plasterboard plugs (GK/GKS), GKM plasterboard fixings, plus setting tools/pliers. Also drywall/gypsum, fasteners, construction chemicals, power tools.",P1+P2,yes,5,confirmed,https://www.bullshardware.com,Bulk enquiry form on site (bullshardware.com/pages/bulk-enquiries),,,Strongest direct match found - explicitly stocks and merchandises cavity/plasterboard anchors as a named category with SKU-level product lines and setting tools.,https://www.bullshardware.com/collections/cavity-fixing
2-importer,United Arab Emirates,AE,Hamza Fasteners Building Materials Trading LLC,Dubai (Deira),"Major fastener importer/stockist, 25,000+ SKUs ex-stock across 120,000 sq ft; warehouses in Deira Dubai, Sharjah, Umm Al Quwain and Oman. Distributes TUF-FIX and fischer fixing systems; anchors, screws (incl. drywall), bolts, threaded rod. ISO 9001:2015, container/bulk export.",P1+P2,yes,5,confirmed,https://www.hamzafasteners.com,sales@hamzafasteners.com; +971 50 517 8672 / +971 50 624 0048,,,"National-scale importer that already distributes branded fixing systems (fischer, TUF-FIX) and drywall fasteners; clear bulk/wholesale channel.",https://www.hamzafasteners.com/
2-importer,United Arab Emirates,AE,Husaini & Brothers Industries LLC,Dubai / Abu Dhabi / Umm Al Quwain,"Family-owned fastener distributor since 1968; 10k+ SKUs sourced from USA, Europe and Far East. Branches in Dubai (Al Quoz, Al Jaddaf), Abu Dhabi and head office Umm Al Quwain. Carries anchor bolts, expansion anchors, chemical anchors and construction fasteners; also markets MEP/cavity fixings for hollow walls.",P1+P2,yes,4,confirmed,https://www.husainibrothers.com,sales1@husainibrothers.com; +971 4 222 3024,,,Long-established multi-branch national distributor carrying anchors and cavity fixings; strong trade credibility since 1968.,https://www.husainibrothers.com/
2-importer,United Arab Emirates,AE,Maritime City Technical Trading LLC (MCTT),Dubai (Deira),"Deira-based fastener supplier and distributor (also some in-house manufacturing), 15+ years. Distributes Koelner-Rawlplug, FISCHER, WASI, INOXMARE, S+P - i.e. the leading wall-plug/cavity-anchor brands - alongside anchor bolts, studs, threaded rod, stainless fasteners.",P1+P2,yes,4,confirmed,https://mctt.ae,info@mctt.ae; +971 4 250 3571,,,Authorized distributor of Rawlplug and fischer - the core cavity-anchor/wall-plug brands - so a natural channel for drywall fixings despite an industrial-fastener core.,https://mctt.ae/
2-importer,United Arab Emirates,AE,Mufaddal Shabbir Building Materials Trading LLC (MSBM Gulf),Dubai (Al Nakhal St),"Active B2B building-hardware distributor in Deira, 15+ years, thousands of fastener SKUs for bulk/wholesale supply. Screws (drywall/self-tapping/chipboard), bolts, nuts, rivets, fix bolts, anchoring solutions for concrete/masonry.",P1+P2,yes,4,confirmed,https://msbmgulf.com,info@msbmgulf.com; +971 4 224 8198,,,Established wholesale fastener distributor already selling drywall screws and anchoring solutions; explicit bulk/wholesale positioning.,https://msbmgulf.com/product-category/screws-and-fasteners-dubai/
2-importer,United Arab Emirates,AE,Dani Trading LLC,Dubai,"Leading Dubai building-materials supplier since 2008; hardware and hand tools with a dedicated fischer distribution line (anchors, fixings, chemical anchors). Next-day delivery, free delivery over AED 1,999 - active trade operation.",P1+P2,yes,4,confirmed,https://www.danitrading.ae,sales@danitrading.ae; +971 4 283 7373,,,Named fischer products distributor with a real building-materials trade operation; fischer range includes cavity/plasterboard fixings.,https://www.danitrading.ae/fischer-products-supplier-dubai
2-importer,United Arab Emirates,AE,QCON International (QCON General Trading LLC),Dubai,"Building-materials and hardware distributor positioning as a leading fasteners & fixings / nylon-fixing supplier in Dubai; certified fischer supplier. Product tree explicitly lists nylon fixings, wall anchors, cavity fixing and drywall screws.",P1+P2,yes,4,plausible,https://qconinternational.com,Not verified on-site (bot-walled),,,Real named fischer distributor whose catalogue explicitly includes cavity fixing and nylon wall anchors; site returned HTTP 403 (bot-walled) so verified via search + brand-directory evidence.,https://qconinternational.com/building-materials-241/fixings/screws-and-anchors.html
2-importer,United Arab Emirates,AE,Al Rahat Trading Co. LLC,Dubai,"Authorized fischer anchor-bolt and fixings supplier in Dubai, serving since 2004. Fischer anchors, fixings and construction chemicals.",P1+P2,yes,3,plausible,https://alrahat.com,Not verified on-site (bot-walled),,,Named authorized fischer dealer since 2004; fischer range covers cavity/plasterboard fixings. Site returned HTTP 403 (bot-walled) so kept as plausible on search + brand-directory evidence.,https://alrahat.com/fischer-fixing-product-dealer-uae/
2-importer,United Arab Emirates,AE,ACE (Al-Futtaim ACE UAE),Dubai (national chain),"Major UAE hardware/home-improvement chain (Al-Futtaim Group). Stocks wall plugs, self-drilling cavity plugs, drywall anchors/hangers, toggle bolts and expansion plugs. Retail-led but runs a Bulk Inquiries / contractor channel for commercial projects.",P1+P2,yes,3,confirmed,https://www.aceuae.com,customerservice@aceuae.com; 800 275 223; bulk-inquiry form on site,,,"National chain merchant that actually merchandises the exact SKU set (cavity plugs, drywall anchors, toggle bolts) and operates a bulk/trade inquiry channel, so not retail-consumer-only.",https://www.aceuae.com/en/category/diy-tools/hardware/fixings-plugs
2-importer,United Arab Emirates,AE,Mohd Ashoor Building Materials LLC,Dubai (Deira),"Deira (Baniyas Square) fasteners, tools and building-materials supplier for construction/fit-out trade; stocks anchors, wall plugs (incl. butterfly wall plugs HZZ), bolts, nuts, screws, threaded rod.",P1+P2,yes,3,confirmed,https://mohdashoor.com,sales.ashoor@gmail.com; +971 4 227 0077,,,Trade supplier already listing wall plugs incl. butterfly cavity plugs; smaller than the national players but a genuine on-target merchant.,https://mohdashoor.com/product/butterfly-wall-plug-hzz/
2-importer,United Arab Emirates,AE,Al Faiz Electric & Hardware,Dubai / Sharjah / Abu Dhabi / Ajman,"Wholesale & retail hardware supplier serving construction firms, workshops and contractors across the Emirates. Bolts, nuts, screws, washers, anchors, threaded rod and industrial fasteners in SS/GI/MS.",P1+P2,yes,3,confirmed,https://www.alfaizhardware.com,alfaizinfo@gmail.com; WhatsApp +971 55 858 4900,,,Explicit wholesale + trade supplier to contractors carrying an anchors/fasteners range; smaller/specialist but on-target and not consumer-only.,https://www.alfaizhardware.com/collections/fastners
2-importer,United Arab Emirates,AE,Shabbari Trading LLC,Sharjah,"ISO-certified Sharjah fastener distributor, 25,000+ SKUs across DIN/ISO/ASTM. Bolts, nuts, washers, allen bolts, anchors, screws, threaded bars, shear studs, rivets. Industrial-fastener core with an anchors category.",P1+P2,yes,2,plausible,https://shabbari.com,info@shabbari.com; +971 6 543 2128,,,"Genuine large-SKU fastener/anchor distributor, but emphasis is heavy-duty industrial fasteners rather than plasterboard/cavity fixings - weaker drywall fit, kept at tier 3 pending confirmation they range light cavity anchors.",https://shabbari.com/
2-importer,United Arab Emirates,AE,Rajab Trading Company LLC,Abu Dhabi (Musaffah),"Middle East trading house / building-materials distributor (est. 1994), 5 UAE branches, 34,000 sq ft warehouse, gov & private sector",P2,yes,4,plausible,https://rajabonline.ae/,ecommerce@rajabtradinguae.com,,,"Dedicated 'Gypsum Board, Accessories & Fixings' division for drywall projects; cavity anchors/toggles fit the fixings range though not itemized on the opened page. Confirmed live.",https://rajabonline.ae/
2-importer,United Arab Emirates,AE,Laspinas Building Materials Trading LLC,Dubai,"Building-materials importer/distributor since 1992, 10 UAE branches, serves contractors/developers/wholesalers",P2,yes,4,plausible,https://laspinasgroup.com/,info@laspinasgroup.com,,,"Distributes gypsum boards & accessories (Gyproc, Knauf, USG Boral) plus fasteners/fixings; drywall cavity anchors are an adjacent fixings line, not itemized on homepage. Confirmed live, multi-branch.",https://laspinasgroup.com/
2-importer,United Arab Emirates,AE,Malik Building Materials Trading LLC,Dubai,"Building-materials importer/exporter & wholesaler — general hardware, tools, safety, fasteners & fixing, nails",P2,yes,3,plausible,https://malikbmt.com/,,,,"Self-describes as importer & wholesaler carrying 'Fasteners & Fixing' and all types of nails; plausible drywall-anchor buyer, but no anchor SKU and no email visible on the page. Confirmed live; contact left blank (phone/WhatsApp only).",https://malikbmt.com/
2-importer,United Arab Emirates,AE,Impex Global Building Materials Trading LLC,Dubai,"B2B distributor of gypsum/drywall partition accessories - gypsum screws, fiberglass joint tape, joint compound, trims/profiles - plus power tools, adhesives, hardware and electricals. Warehouse in Al Quoz Industrial 2, Dubai; same-day Dubai / 3-day UAE delivery.",P1,yes,5,confirmed,https://impexglobalboards.com,sales@impexglobalboards.com; +971 50 273 8273,,,Pure drywall-partition accessory distributor already selling gypsum screws and fixings - the precise end-use for a self-drilling drywall anchor and a ceiling toggle bolt.,https://impexglobalboards.com/product-category/building-materials/gypsum-partition-accessories/
2-importer,United Arab Emirates,AE,Roxon Fasteners (Roxon General Trading LLC),Abu Dhabi,"Wholesale/B2B fastener distributor in Musaffah Industrial Area, Abu Dhabi. Range: hex/flange/eye/carriage bolts, nuts, self-drilling/self-tapping/machine/drywall/concrete/roofing screws, expansion anchors, washers, threaded rods, rigging hardware. Certifies ISO/ASTM/DIN/ASME/SAE with MTCs; stocks CS/alloy/SS 304/316.",P1+P2,yes,4,confirmed,https://www.roxon.ae,sales@roxon.ae; +971 56 960 3670,,,Already lists drywall screws AND expansion anchors as stock lines - a direct-fit Abu Dhabi wholesale channel for both a cavity anchor and a toggle bolt.,https://www.roxon.ae/
2-importer,United Arab Emirates,AE,Fastener World International LLC,Dubai,"B2B stockist/distributor of stud bolts (ASTM A193 grades), anchor bolts (L/J-bolts), structural bolts, nuts, washers, threaded rods and specialty fasteners; based in DIP-2, Dubai. Serves oil & gas, petrochemical and construction with ready inventory.",P2,yes,4,confirmed,https://fastenerworlddubai.com,info@fastenerworlddubai.com; +971 4 8855861,,,Established Dubai fastener/anchor-bolt stockist; skews structural/oil-and-gas so best-fit for the metal toggle/anchor-bolt line rather than light drywall SKUs.,https://fastenerworlddubai.com/
2-importer,United Arab Emirates,AE,Safatco Trading LLC,Dubai,"Wholesale distributor/supplier (est. 1992) in Deira and Al Quoz Industrial 3, Dubai. Stocks fasteners/fixings - SS/GI/MS U-bolts, eye bolts, self-drilling screws, carriage bolts, chemical bolts, thread bar, bolts & nuts - plus industrial/power/hand tools, building materials, electrical, welding and safety.",P1+P2,yes,4,confirmed,https://safatcotrading.com,sales@safatcotrading.com; +971 50 925 1786,,,Wholesale hardware distributor already listing self-drilling screws and chemical bolts - a fit for adding cavity/drywall anchors with bulk-quote capability.,https://safatcotrading.com/building-material-supplier-dubai/
2-importer,United Arab Emirates,AE,Arab Suppliers Co. (GN Group),Dubai,"Construction-materials distributor (est. 1982, member of GN Group) in Al Quoz, Dubai, with a Qatar branch. Supplies drywall partition systems (galvanized studs/tracks, mineral wool), reinforcement, plaster beads, expansion joints, corner guards, scaffolding, tapes, adhesives/sealants and insulation.",P1,yes,4,confirmed,https://www.arabsupplier.com,sales.alqouz@arabsupplier.com; +971 4 3472505,,,"Established drywall-partition systems distributor - the drywall self-drilling anchor is a direct complement to the studs, tracks and beads it already sells.",https://www.arabsupplier.com/products/drywall-partition
2-importer,United Arab Emirates,AE,Yasu Trading Co. LLC,Dubai,"B2B wholesale distributor (since 2002) of power/hand tools, plumbing, electrical, safety gear, fire protection and building materials for UAE contractors; site-direct delivery Dubai/Abu Dhabi/Northern Emirates. Deira, Dubai. Authorized dealer for Makita, Bosch, Grohe, National Paints.",P1+P2,yes,3,confirmed,https://yasutrading.com,mail@yasutrading.com; +971 4 2327655,,,"Established MEP/hardware wholesaler to contractors and lists fasteners among categories, but the homepage does not itemize fasteners as a core line - mid rating.",https://yasutrading.com/
2-importer,United Arab Emirates,AE,Damam Hardware,Ajman,"Hardware, tools and building-materials supplier (est. 1993) in New Industrial Area 2, Ajman, supplying construction/MEP contractors, prefab manufacturers and hospitality across the UAE. Distributes Harden, Tomax, EMC, Uweld etc. incl. Tomax/Fischer wall plugs and fastening tools; hybrid distributor with some marketplace retail.",P1+P2,,3,confirmed,https://www.damamhardware.com,sales@damamhardware.com; +971 6 5332122,,,"Contractor-facing tools/hardware distributor already carrying Fischer-type wall plugs; useful channel but fastening is a minor line and it also sells retail on Noon/Amazon - bulk=false, mid rating.",https://www.damamhardware.com/
2-importer,United Arab Emirates,AE,Mahraj General Trading LLC,Dubai,"Building-materials supplier delivering construction materials, fasteners, structural steel, wire products and site hardware to contractors, developers, fabricators and traders across all seven emirates (per company listing).",P1+P2,yes,3,plausible,https://mahrajgeneraltrading.com,,,,"Real, named UAE building-materials distributor that explicitly lists fasteners for contractors/fabricators across all emirates; site is bot-walled (403 in-tool) so verified via listing = plausible.",https://mahrajgeneraltrading.com/building-materials/
2-importer,United Arab Emirates,AE,Fastener World FZCO,"Dubai (JAFZA, Jebel Ali)",Fastener import/distribution (project stockist),P1+P2,yes,4.7,confirmed,https://fastenerworld.ae,info@fastenerworld.ae / +971 4 8808676,,,"Sources from global manufacturers, 'millions in stock', 21,870 sqm JAFZA facility serving construction/oil&gas — classic importer-distributor.",https://fastenerworld.ae/
2-importer,United Arab Emirates,AE,Torque Bolts LLC,Sharjah,Wholesale fastener distributor / stockist,P1+P2,yes,4.6,confirmed,https://torquebolts.com,info@torquebolts.com / +971 6 5253373,,,"Self-described one of the largest wholesale fastener stockholders in UAE/ME, ISO 9001, 15+ yrs — core target.",https://torquebolts.com/
2-importer,United Arab Emirates,AE,Daddy Fastener Building Materials Trading LLC,"Dubai (Deira; factory Sajja, Sharjah)",Fastener distributor/wholesaler (some custom mfg),P1+P2,yes,4.2,confirmed,https://daddyfastener.com,sales@daddyfastener.com / +971 4 388 2753,,,Stocks and distributes full fastener range (hybrid with some make-to-drawing); primarily a Deira-market distributor.,https://daddyfastener.com/
2-importer,United Arab Emirates,AE,Oman Ocean Trading L.L.C.,Dubai (Baniyas Square),Fastener distributor/wholesaler,P1+P2,yes,4.1,confirmed,https://omanocean.com,sales@omanocean.com / +971 4 229 8311,,,"Dubai-based supplier specialising in drywall/gypsum screws and fasteners, multiple ISO certs — squarely on-target despite the 'Oman' name.",https://omanocean.com/drywall-gypsum-screws/
2-importer,United Arab Emirates,AE,Fine Bolt Trading Co.,Abu Dhabi (Musaffah M38),Fastener distributor/wholesaler,P1+P2,yes,4,confirmed,https://www.fineboltuae.com,info@fineboltuae.com / +971 2 582 8724,,,"Since 2008, claims largest Abu Dhabi fastener supplier of allied products — real B2B distributor (minor broken link only).",https://www.fineboltuae.com/
2-importer,United Arab Emirates,AE,Golden Metal Trading LLC,UAE,Fastener importer/distributor,P1+P2,yes,4,confirmed,https://goldenmetal.org,,,,Self-described 'leading importers' / industrial fastener suppliers since 1991 with ISO 9001/14001/45001 — on-target distributor (contact on interior page).,https://goldenmetal.org/
2-importer,United Arab Emirates,AE,Al Naesar Trading Co. LLC,Dubai,Fixings/tools distributor,P1+P2,yes,3.9,confirmed,https://www.alnaesar.ae,,,,"Since 1991, stocks Fischer anchors/frame/chemical fixings and building hardware — on-target fixings distributor (contact via social/store only).",https://www.alnaesar.ae/
2-importer,United Arab Emirates,AE,Cretepro Building Material Trading LLC,Dubai (Al Quoz),Fixings/anchors distributor (authorized Fischer),P1+P2,yes,3.9,confirmed,https://creteprotrading.com,info@creteprotrading.com / +971 4 577 1995,,,Authorized Fischer anchors distributor with ready inventory and fast UAE delivery — directly on fixings target.,https://creteprotrading.com/fischer-anchors-distributor-dubai/
2-importer,United Arab Emirates,AE,AL Khaleel Bldg Mat Tr L.L.C,Sharjah (Industrial Area 7),"Stockist/importer (pipes, fittings, fasteners)",P1+P2,yes,3.6,confirmed,https://alkhaleelbmt.com,ameer@alkhaleelbmt.com / +971 6 5523150,,,"Specialised stockist/importer/exporter carrying fasteners alongside piping — real B2B trader, fasteners a secondary line.",https://alkhaleelbmt.com/
2-importer,United Arab Emirates,AE,Safinat Alsalam Building Materials Trading LLC,Sharjah (Al Nahda),Building-materials & hardware distributor/wholesaler,P1+P2,yes,3.4,confirmed,https://safinathtrading.com,sales@safinathtrading.com / +971 50 650 8079,,,Est. 2010 wholesaler of hardware/building materials across UAE; adjacent-on-target buyer (fasteners part of hardware range).,https://safinathtrading.com/
2-importer,United Arab Emirates,AE,Bait Alnuhas,UAE,Fastener supplier/distributor,P1+P2,yes,3.4,plausible,https://baitalnuhas.com,,,,"Named UAE fasteners supplier on-target, but homepage returned HTTP 403 (bot-walled) so could not fully verify.",https://baitalnuhas.com/
2-importer,United Arab Emirates,AE,Dufast International Trading LLC,Dubai,Fastener importer / distributor / stockist (supply-program trader),P1+P2,yes,4.5,confirmed,https://www.dufast-international.com,+971 4 8838025 | info@dufastinternational.com,,,Explicitly a trader working with manufacturing/wholesale partners (not a maker); dedicated drywall/plasterboard/acoustic/metal-ceiling fastening program. Direct fit for Turkish drywall-fixing supply.,https://www.dufast-international.com/products.html
2-importer,United Arab Emirates,AE,Madar (Al Fozan Group),Dubai (+ 6 emirate branches),Building-materials trader / distributor,P1+P2,yes,4.4,confirmed,https://madar-uae.com,+971 4 812 5300 | info@madar.com,,,"One of the Gulf's largest building-materials distributors (Al Fozan), ISO-certified, 45,000+ sqm storage, 7 UAE branches with a hardware/fasteners line; scaled importer.",https://madar-uae.com/
2-importer,United Arab Emirates,AE,Sama Al Merikh Building Material Trading LLC,Sharjah / Dubai / Ajman,Building-materials / fastener distributor,P1+P2,yes,4.2,confirmed,https://samaalmerikhbmt.com,+971 6 5468766 | samaalmerikhbmt@gmail.com,,,Multi-emirate wholesale distributor serving contractors/hardware suppliers with a specialized screw/fastener inventory.,https://samaalmerikhbmt.com/hardware-tools-uae/screws-uae/
2-importer,United Arab Emirates,AE,Planet Eco Building Materials,Dubai (Deira) / Sharjah,Gypsum / drywall building-materials supplier / distributor,P1+P2,yes,4.1,confirmed,https://planeteco.com,+971 4 5464564 | enquiry@planeteco.com,,,"Wholesale gypsum/drywall supplier stocking GI track, channels, brackets and clips - adjacent drywall-fixing buyer across Dubai/Sharjah/AbuDhabi/Ajman.",https://planeteco.com/product-category/building-materials/gypsum-cement-board/
2-importer,United Arab Emirates,AE,Hassan Al Saffar Building Materials Trading LLC (HAS),Dubai (Bur Dubai),Building-materials / hardware trader,P1+P2,yes,3.8,confirmed,https://www.hasbmt.com,+971 56 948 4089 | info@hasbmt.com,,,Building-materials trader serving contractors with bulk ordering and a real screws/anchors/bolts range; smaller souk-based operation.,https://www.hasbmt.com/
2-importer,United Arab Emirates,AE,Wood Mark Building Materials Trading LLC,Dubai,"B2B building-materials distributor: gypsum/drywall (Knauf, USG Boral, Gyproc) plus hardware and tools",P1+P2,yes,5,confirmed,https://woodmark.ae,sales@woodmark.ae,,,Drywall/gypsum + hardware distributor covering interior-finishing trade that installs cavity anchors,https://woodmark.ae/
2-importer,United Arab Emirates,AE,IKNAS Trading LLC,Dubai,"Bulk & retail distributor of fasteners, hand/power tools and building materials",P1+P2,yes,4,confirmed,https://iknas.ae,sales@iknas.ae,,,"Carries fasteners, wall plugs and anchors as a stocking building-hardware distributor",https://iknas.ae/our-products/hardware-material/
2-importer,United Arab Emirates,AE,Saeed Al Zaabi General Trading (Al Zaabi Trading),Abu Dhabi,One of Abu Dhabi's larger construction/building-materials wholesalers & distributors,P1+P2,yes,3,confirmed,https://www.alzaabigroup.com,,,,Broad building-materials wholesaler stocking tools and hardware; heavy-materials weighted so fit is partial,https://www.alzaabigroup.com/divisions/al-zaabi-trading/
2-importer,United Arab Emirates,AE,Al Noor Trading LLC (Al Noor Middle East),Dubai,Distributor/wholesaler of construction products (fibreglass focus) listing fasteners,P1+P2,yes,3,confirmed,https://alnoormiddleeast.com,sales@alnoorfibreglass.com,,,Construction-products distributor that lists fasteners/anchors; core is fibreglass so fit is weaker,https://alnoormiddleeast.com/fasteners/
2-importer,New Zealand,NZ,Blacks Fasteners Ltd,Christchurch,"South Island fastener & construction-supplies distributor (est. 1989), 9 stores + national trade e-commerce; dedicated plasterboard-fixings range.",P1+P2,yes,5,confirmed,https://www.blacksfasteners.co.nz,03 547 5102 (Nelson store),,,Site has an explicit 'Plasterboard Fixings' category listing toggle bolts and hollow-wall anchors; direct product overlap.,
2-importer,New Zealand,NZ,Allfast Solutions NZ,Auckland,"National online fastener distributor with 27,000+ SKUs and trade accounts; carries cavity wall anchors and toggle bolts.",P1+P2,yes,5,confirmed,https://www.allfast.co.nz,0800 4255 3278 / sales@allfast.co.nz,,,Self-described #1 NZ fastener supplier that specifically carries cavity wall anchors and toggles; trade/wholesale model.,
2-importer,New Zealand,NZ,Steel & Tube (Fortress Fasteners),Auckland,"Major national steel & fastener distributor; Fortress Fasteners brand supplies bolts, screws, rivets and anchors via trade counters nationwide.",P1+P2,yes,4,confirmed,https://steelandtube.co.nz,0800 425 262,,,Leading national fastener distributor with anchor range and trade-counter network; credible volume buyer.,
2-importer,New Zealand,NZ,Wurth New Zealand,Auckland,"Subsidiary of global Wurth Group; 30+ years in NZ supplying trade/construction with 125,000+ assembly & fastening products incl. anchors and fixings.",P1+P2,yes,4,plausible,https://www.wurth.co.nz,,,,Established national fixings/anchors supplier to trade; site bot-walled (403) so kept as plausible.,
2-importer,New Zealand,NZ,Stronghold Fasteners,Auckland,"Importer/distributor of fasteners & hardware to NZ construction/manufacturing; Auckland branch, free nationwide freight; carries wall plugs & masonry screws.",P1+P2,yes,4,confirmed,https://www.strongholdfasteners.co.nz,0800 474 636 / sales@strongholdfasteners.co.nz,,,Self-described importer/distributor of fasteners carrying wall plugs and anchors; direct sourcing fit.,
2-importer,New Zealand,NZ,NZ Ceiling & Drywall Supplies (Drywall Warehouse),,"Largest NZ specialist supplier of plasters, compounds, screws, tools and drywall accessories; 30+ years, nationwide stores. Now trading as Drywall Warehouse.",P1+P2,yes,4,confirmed,https://nzcds.co.nz,,,,National drywall specialist selling fixings/screws to plasterers and drywall trades; strong channel fit for cavity anchors.,
2-importer,New Zealand,NZ,NZ Fasteners Ltd,Auckland,NZ-owned fastener & tool distributor (est. 2017) with nationwide express delivery; carries toggles and wall plugs alongside screws/bolts and power tools.,P1+P2,,3,confirmed,https://nzfasteners.co.nz,09 421 0321 / sales@nzfasteners.co.nz,,,"Stocks toggles and plugs and serves trade nationally, though a smaller retail/trade hybrid.",
2-importer,New Zealand,NZ,Fastening Solutions Ltd,Auckland,"Distributor (and light manufacturer) of fasteners, hardware and machined components; Auckland HQ + Christchurch branch; sourcing partner carrying toggles/hardware.",P1+P2,,3,confirmed,https://www.fasteningsolutions.co.nz,09 262 2243,,,Fastener/hardware distributor and sourcing partner carrying toggles; will import specialist fixings for customers.,
2-importer,New Zealand,NZ,ITM (Independent Timber Merchants),Auckland,"National locally-owned building-supplies/trade merchant co-op, 90+ locations; Fixings & Fasteners category incl. Bremick fasteners.",P1+P2,yes,4,confirmed,https://www.itm.co.nz,0800 480 114,,,National building merchant chain buying fixings/fasteners at wholesale to resell to builders; strong volume buyer.,
2-importer,New Zealand,NZ,PlaceMakers,Auckland,Fletcher Building's national trade building-supplies merchant chain (~60 stores) serving builders; full fixings/fasteners range.,P1+P2,yes,4,plausible,https://www.placemakers.co.nz,,,,Major national trade merchant and volume buyer of building hardware; homepage JS/bot-walled so kept as plausible.,
2-importer,New Zealand,NZ,Mitre 10 New Zealand,Auckland,National hardware & building co-op with Mitre 10 Trade; sells drywall toggle anchors and cavity fixings across ~80 stores.,P1+P2,yes,4,plausible,https://www.mitre10.co.nz,,,,National chain with a dedicated 'drywall toggle anchors' category and a trade arm; category-page confirmed but site 403 bot-walled.,
2-importer,New Zealand,NZ,Steelmasters NZ,"Auckland (Penrose HQ) + Whangarei, Napier, Palmerston North","Manufacturer AND distributor of NZ's largest range of metal fasteners (only commercial bolt/nut maker in NZ); supplies major manufacturers, construction and retail/DIY.",P1+P2,yes,4.5,confirmed,https://www.steelmasters.co.nz,0800 265 8748 / auckland@steelmasters.co.nz,,,"Distributes largest NZ fastener range to trade; also imports/distributes beyond own manufacture, so on-target as a distributor.",https://www.steelmasters.co.nz/
2-importer,New Zealand,NZ,New Zealand Ceiling & Drywall Supplies (Drywall Warehouse),New Zealand (nationwide branches),"NZ's largest specialist supplier/distributor of plasters, compounds, drywall screws, tools and ceiling/drywall accessories; nationwide branches; stocks GIB, CSR, Festool, Marshalltown etc.",P1+P2,yes,4.4,confirmed,https://drywallwarehouse.co.nz,,,,Dedicated drywall-accessories & fixings distributor — directly on-target for drywall/fastener supply.,https://nzcds.co.nz/pages/about-us
2-importer,New Zealand,NZ,Milsons,New Zealand,"Distributor/supplier of fasteners and builder's hardware since 1977; NZ's exclusive distributor of Blind Bolts; stocks anchors, bolts, screws, builder's hardware, tools.",P1+P2,yes,4.2,confirmed,https://milsons.co.nz,0800 507 444,,,Long-established fastener/builders-hardware distributor; core target.,https://milsons.co.nz/
2-importer,New Zealand,NZ,Boltlink NZ,"East Tamaki, Auckland","Supplier & distributor of industrial fasteners (17 yrs); nuts, bolts, nails, roofing screws, grating & handrails; nationwide with same-day delivery.",P1+P2,yes,4,confirmed,https://boltlink.co.nz,09 272 2203 / sales@boltlink.co.nz,,,Genuine B2B fastener distributor; on-target.,https://boltlink.co.nz/
2-importer,New Zealand,NZ,Allied Fastenings,"Wairau Valley, Auckland","Trade-only specialist distributor of premium industrial fastenings (bolts, nuts, washers, threaded rod) for roading, power utilities and pipeline sectors; nationwide delivery.",P1+P2,yes,4.1,confirmed,https://www.alliedfastenings.co.nz,09 444 0909 / sales@alliedfastenings.co.nz,,,Trade-only fastener distributor; on-target B2B buyer.,http://www.alliedfastenings.co.nz/
2-importer,New Zealand,NZ,Coastal Fasteners Ltd,Wellington & Porirua,"Specialist fastener wholesaler/distributor (Wellington region, 2 stores) supplying construction & manufacturing; bolts, nuts, rivets, threaded rod; ships nationwide.",P1+P2,yes,4,confirmed,https://www.coastalfasteners.co.nz,04 801 9226 / wellington@coastalfasteners.co.nz,,,Self-described specialist wholesaler of fasteners; on-target.,https://www.coastalfasteners.co.nz/
2-importer,New Zealand,NZ,Bringans Fasteners,Auckland,"Wholesale screw & fastener distributor (est. 1996) with local/international sourcing network; supplies DIY retailers, construction, manufacturers and builders via a distributor network.",P1+P2,yes,4,confirmed,https://bringans.net.nz,+64 9 636 6185,,,B2B wholesale screw distributor supplying resellers and trade; on-target.,https://bringans.net.nz/
2-importer,New Zealand,NZ,Manners Building Products,New Zealand,"NZ-owned distributor/wholesaler of drywall, plastering, concreting and tiling building products (40+ yrs); supplies hardware & trade merchants and e-commerce.",P1+P2,yes,4,confirmed,https://manners.co.nz,,,,Distributor of drywall/building-material accessories to trade merchants; on-target.,https://manners.co.nz/
2-importer,New Zealand,NZ,Trade Direct Wholesale,"Auckland (Mt Roskill/Wiri), Hamilton, Wellington, Christchurch","Specialist trade wholesaler/distributor (since 2005) of drywall tools & accessories, hand/power tools; 5 NZ branches; affiliated with Inter Build Products (est. 1991).",P1+P2,yes,4.1,confirmed,https://tradedirect.nz,0508 839 839 / info@drywalltools.co.nz,,,Multi-branch wholesaler of drywall accessories & tools; on-target.,https://tradedirect.nz/pages/about-us
2-importer,New Zealand,NZ,Bolt Products,"Paraparaumu, Kapiti Coast","Distributor/reseller of one of NZ's most extensive ranges of nuts, bolts and building fasteners plus rigging, welding gear and tools; single Kapiti store, ships nationwide.",P1+P2,,3.3,confirmed,https://www.boltproducts.nz,027 827 5893,,,Real fastener distributor but small/single-site with partial retail counter; lower-tier but on-target.,https://www.boltproducts.nz/
2-importer,New Zealand,NZ,Anzor Fasteners,Multiple (12 branches nationwide),"100% NZ-owned importer/distributor of stainless steel fasteners, fixings and building connectors; 12 branches nationwide, same-day dispatch, trade accounts, Kanban inventory.",P1+P2,yes,5,confirmed,https://www.anzor.co.nz,Via branches page (per-branch phone/hours),,,Large national stainless importer with 12 branches and open-account trade model — a core bulk import buyer.,https://www.anzor.co.nz/
2-importer,New Zealand,NZ,Forge Fasteners,"Mt Wellington, Auckland","Auckland wholesaler of industrial fastenings (nyloc nuts, threaded rod, high-tensile bolts, petrochemical studs); datasheets, bulk catalogs, trade accounts.",P1+P2,yes,4,confirmed,https://www.forgefasteners.co.nz,+64 9 972 9722; sales@forgefasteners.co.nz,,,Self-described NZ wholesaler of industrial fastenings serving trade/engineering.,https://www.forgefasteners.co.nz/
2-importer,New Zealand,NZ,Sesto Fasteners,New Zealand,"NZ distributor of concrete fasteners/anchors supplying resellers and stockists; wholesale trade portal, 'Become a Stockist' program, NZ warehouse dispatch (retail arm = FIXINZ).",P1+P2,yes,3.9,confirmed,https://sestofasteners.co.nz,09 415 8564; orders@sestofasteners.co.nz,,,Wholesale anchor distributor with explicit reseller/stockist program.,https://sestofasteners.co.nz/
2-importer,New Zealand,NZ,MacClure's ITM (Mactim),"Henderson, West Auckland","West Auckland building hardware and materials merchant since 1989 (ITM member); trade accounts, job-site delivery; stocks fasteners, tools, sealants, safety gear.",P1+P2,yes,3.7,confirmed,https://www.mactim.co.nz,+64 9 836 0088; sales@mactim.co.nz,,,Independent builders' merchant (ITM co-op) serving trade — buyer of hardware/building materials.,https://www.mactim.co.nz/products-services/building-hardware-supplies-west-auckland
2-importer,New Zealand,NZ,GFC Fasteners & Construction Products,New Zealand,NZ distributor of fasteners and construction products (per search listing); website is bot-walled (HTTP 403) so full detail could not be confirmed.,P1+P2,yes,3.5,plausible,https://www.gfcfasteners.co.nz,,,,Clearly-real named fastener/construction-products distributor but site is bot-walled — verify manually.,https://www.gfcfasteners.co.nz/
2-importer,New Zealand,NZ,The Plaster Centre,"Frankton, Hamilton","Hamilton trade/DIY supplier (30+ years) of plastering tools and drywall accessories; carries Intex, Can-Am, TapeTech, TapePro, Marshalltown, Hyde, Manners; taping tools, sanders, stilts.",P1+P2,,3.3,confirmed,https://plastercentre.co.nz,07 847 9667; plastercentreham@gmail.com,,,Hybrid trade/DIY drywall-tools stockist; on-target but retail-leaning (lower tier).,https://plastercentre.co.nz/
2-importer,New Zealand,NZ,Toolware Sales,"East Tamaki, Auckland",Wholesale distributor,P1+P2,yes,4.3,confirmed,https://www.toolware.co.nz/,info@toolware.co.nz,,,NZ wholesale distributor since 1970 supplying resellers/trade; carries a fasteners category plus builders hardware.,https://www.toolware.co.nz/
2-importer,New Zealand,NZ,Inter Build Products,"Hornby, Christchurch",Wholesaler / distributor,P1+P2,yes,4.5,confirmed,https://interbuild.co.nz/,info@interbuild.co.nz,,,"NZ-owned building-supplies distributor since 1991, 110,000+ products to drywall/construction trade; distributes GIB, Knauf, Sheetrock.",https://interbuild.co.nz/
2-importer,New Zealand,NZ,The Bolt Shop,Auckland (Glenfield & Wiri),Supplier / distributor,P1+P2,,4.1,confirmed,https://boltshop.co.nz/,09 441 9425,,,Fastener specialist distributor (trade + retail) with 2.7M items across two Auckland branches; nationwide sourcing.,https://boltshop.co.nz/
2-importer,New Zealand,NZ,Drywall Direct Wholesale,"Middleton, Christchurch",Specialist wholesaler / distributor,P1+P2,yes,4,plausible,https://www.drywalldirect.co.nz/,,,,"Real named specialist interior-plastering/drywall wholesaler shipping compounds & accessories to trade; site refused connection (ECONNREFUSED x2) so verified via search, not live fetch.",https://www.drywalldirect.co.nz/
2-importer,New Zealand,NZ,BuildLink Group,Auckland (Westgate HQ),"NZ network/buying group of independent building & construction merchants stocking fixings, fasteners & hardware",P1+P2,yes,4,confirmed,buildlink.co.nz,,,,"Verified live; merchant/buying-group network with members portal, explicit fixings/fasteners/anchors/timber-connectors range across member stores",https://buildlink.co.nz/building-and-construction/
2-importer,New Zealand,NZ,FastTrade NZ,Hastings,"NZ distributor of fasteners, tools & consumables with online wholesale pricing (Hawke's Bay)",P1+P2,yes,4,confirmed,fasttrade.co.nz,06 872 6777,,,"Verified live; explicit concrete-anchor and wall-plug ranges, 'unlock wholesale prices' trade accounts, distributor (not manufacturer)",https://www.fasttrade.co.nz/
2-importer,New Zealand,NZ,Elephant Plasterboard NZ,"Glendene, Auckland","Importer and distributor/marketer of Elephant-brand plasterboard and drywall system solutions, supplied through building-supply outlets nationwide (est. 1988)",P1+P2,yes,4,plausible,elephantplasterboard.co.nz,"Auckland (14 Bancroft Cres, Glendene)",,,Site is bot-walled (HTTP 403) but clearly-real named importer/distributor confirmed via EBOSS/ArchiPro/Kompass; distributes plasterboard through building-supply outlets. Marked plausible per bot-wall rule.,https://elephantplasterboard.co.nz/about-us/
2-importer,New Zealand,NZ,Best Trade Tools,New Zealand (online only),"NZ online distributor/reseller of professional drywall and interior-plastering tools and supplies (Can-Am, Intex, CQ)",P1+P2,,3,confirmed,besttradetools.co.nz,info@besttradetools.co.nz,,,"Verified live; trade-oriented reseller of drywall/interior-plastering tools & consumables. On-target for drywall accessories, though tools-focused and online-only (lower tier).",https://besttradetools.co.nz/collections/drywall-interior-plastering
2-importer,New Zealand,NZ,OEM Supply (NZ) Ltd,Auckland,High-tensile bolt/fastener supplier to merchants,P1+P2,yes,4.2,confirmed,https://www.oemsupply.co.nz/,via contact page,,,NZ-owned supplier of high-tensile bolts/nuts/washers to merchant distributors and the fastening industry; wholesale B2B.,https://www.oemsupply.co.nz/
2-importer,New Zealand,NZ,Potter Interior Systems,Auckland,Commercial interior building-systems distributor,P1+P2,yes,4.3,confirmed,https://potters.co.nz/,0800 POTTERS,,,Distributor of commercial interior/drywall-adjacent building systems to the construction trade with branches in Auckland/Hamilton/Wellington/Christchurch (CSR/Saint-Gobain group).,https://potters.co.nz/about-us/
2-importer,New Zealand,NZ,FDG NZ,"Warkworth, Auckland",B2B fastener supplier/distributor with tradestore and inventory-management service; Warkworth,P1+P2,yes,4,confirmed,fdgnz.com,0800 555 464,,,Verified live; B2B tradestore + managed-inventory supply of fasteners incl. anchors,https://www.fdgnz.com/general-fasteners/
2-importer,New Zealand,NZ,Woodmart,"Penrose, Auckland",Building hardware & fastener supplier (hybrid trade/retail) welcoming trade/bulk orders; Penrose Auckland,P1+P2,yes,3,confirmed,woodmart.co.nz,09 525 6293,,,Verified live; explicitly welcomes trade/bulk orders with special pricing (not retail-only); on-target fasteners/hardware,https://www.woodmart.co.nz/product-category/hardware/
2-importer,New Zealand,NZ,WBS Henderson,"Henderson, Auckland","Building supplies merchant (trade & public) stocking fasteners, fixings and specialised building hardware; Henderson Auckland",P1+P2,yes,3,plausible,wbshenderson.co.nz,,,,Clearly-real named building-supplies merchant (trade & public) selling fasteners/fixings; site currently bot-walled (HTTP 503) so unverified but not deleted,https://wbshenderson.co.nz/
2-importer,Australia,AU,Allfasteners Australia,"Keilor Park (Melbourne), VIC","National B2B construction-fastener distributor/wholesaler with branches in VIC, NSW, SA, QLD",P1+P2,yes,5,confirmed,allfasteners.com.au,1800 255 349,,,"Verified live; stocks hollow wall anchors, nylon anchors and full light/medium/heavy anchor range — direct fit; multi-state trade distributor",https://www.allfasteners.com.au/
2-importer,Australia,AU,Konnect Fastening Systems (Coventry Group),"Nationwide (Coventry Group, WA origins)","National fastener/hardware distributor, 43+ branches AU/NZ, part of Coventry Group Ltd",P1+P2,yes,5,confirmed,konnectfasteningsystems.com.au,1300 566 632,,,Verified live; explicit 'Plasterboard' anchor subcategory within a full anchors range — strong fit; national branch network,https://www.konnectfasteningsystems.com.au/
2-importer,Australia,AU,United Fasteners,,One of Australia's largest independent distributors of fasteners and industrial supplies,P1+P2,,4,plausible,unitedfasteners.com.au,,,,"Clearly-real major national independent fastener distributor; site is bot-walled (HTTP 403) so product page not directly confirmable, kept as plausible",https://www.unitedfasteners.com.au
2-importer,Australia,AU,Blackwoods (Wesfarmers),,Australia's largest industrial and safety B2B distributor (Wesfarmers),P1+P2,yes,4,plausible,blackwoods.com.au,,,,Unambiguously real national industrial distributor carrying fasteners/anchors/fixings; site bot-walled (repeated timeout) so kept as plausible,https://www.blackwoods.com.au
2-importer,Australia,AU,Wurth Australia,,"National distributor of fasteners, fixings and trade consumables (Wurth Group AU arm)",P1+P2,,4,plausible,wurth.com.au,,,,Real global fixings distributor with AU eshop; storefront bot-walled (HTTP 403) so kept as plausible,https://eshop.wurth.com.au/en/GB/AUD
2-importer,Australia,AU,Bremick,NSW,Large supplier of fasteners and hardware to the Australian/NZ building & construction industry (manufacturer + distributor),P1+P2,yes,4,confirmed,bremick.com.au,02 8332 1500,,,Verified live; self-described largest supplier of fasteners/hardware to AU/NZ construction industry with an Anchors category — strong distribution fit,https://www.bremick.com.au
2-importer,Australia,AU,Zenith Fasteners (ITW Construction Products),"Dandenong South, VIC","Long-standing AU/NZ fastener brand and distributor (ITW), sold through trade and retail channels",P1+P2,,3,confirmed,zenithfasteners.com.au,1300 721 738,,,Verified live established fastener distributor/brand; anchor-specific SKUs not itemised on homepage so moderate (not certain) fit — kept,https://www.zenithfasteners.com.au
2-importer,Australia,AU,Hobson Engineering,,Major Australian fastener importer/wholesale distributor (legacy national brand),P1+P2,,4,plausible,hobson.com.au,,,,Well-known real nationwide fastener importer/distributor; homepage rendered minimal (JS/bot-walled) so product fit not directly confirmable — kept as plausible,https://www.hobson.com.au
2-importer,Australia,AU,Intex International,"Epping, VIC","Supplier of walls-and-ceilings (plasterboard/drywall) building products, framing and accessories since 1989",P1+P2,,4,confirmed,intex.com.au,1300 107 108,,,"Verified live drywall/plasterboard trade supplier with a dedicated Fasteners category — direct drywall channel, natural buyer of cavity fixings",https://www.intex.com.au
2-importer,Australia,AU,Bricon Industries,"Slacks Creek, QLD",Queensland-based B2B fastener and anchor wholesale distributor,P1+P2,yes,3,confirmed,briconindustries.com.au,"07 3208 3386, sales@briconindustries.com.au",,,Verified live; explicitly stocks Hollow Wall Anchors and nylon/cavity fixings — direct fit; regional QLD distributor,https://www.briconindustries.com.au/anchor-bolt-supplier
2-importer,Australia,AU,NGW Fasteners (Nail Gun Works),"Edgeworth, NSW (Newcastle)","Australian B2B fastener distributor/wholesaler (Newcastle) stocking cavity toggles, strap/snap/spring toggles, self-drilling anchors and drywall plugs; 36+ hollow-wall lines",P1+P2,yes,92,confirmed,ngwfasteners.com.au,sales@ngwfasteners.com.au / 02 4908 1471,,,"Dedicated hollow-wall category: metal cavity anchors, cavity/strap/snap toggles, setting tools for plasterboard/drywall",https://www.ngwfasteners.com.au/hollow-wall-anchors/
2-importer,Australia,AU,Bolt & Nut Australia Pty Ltd,"Murarrie, Brisbane QLD","Australian online fastener stockist/distributor (25,000+ stock lines, 200M+ pieces) selling hollow wall/cavity anchors, toggle anchors and masonry fixings for resale",P1+P2,yes,90,confirmed,boltandnut.com.au,,,,16 hollow-wall anchor SKUs (M4-M6) plus toggle/wedge/sleeve anchors; bulk price-break tiers indicate wholesale volume,https://www.boltandnut.com.au/masonry-fixings/hollow-wall-anchors
2-importer,Australia,AU,Macsim Fastening Systems,"Sydney, NSW","Australian fastener importer/wholesaler/distributor with trade-application accounts, bulk/express ordering and a sales hub",P1+P2,yes,88,confirmed,macsim.com.au,info@macsim.com.au / 1800 022 019,,,"Explicit Hollow Wall Fixings section (toggles, hollow-wall plugs, hollow-wall anchors) plus plasterboard fixings; importer with trade accounts",https://www.macsim.com.au/
2-importer,Australia,AU,Scrooz Fasteners,,Australian-owned fastener distributor ($15M+ stock); spring-toggle / plasterboard-anchor specialist,P1+P2,yes,85,plausible,scrooz.com.au,,,,Named AU distributor specialising in spring toggles/plasterboard anchors; site bot-walled (HTTP 403) but genuine,https://www.scrooz.com.au/
2-importer,Australia,AU,Romak Hardware Distributors,,"B2B hardware distributor/wholesaler selling exclusively to building & manufacturing businesses, wholesalers and home-improvement retailers (supplies Mitre10, HBT)",P1,yes,82,confirmed,romak.com.au,,,,"Explicitly wholesale-only ('hardware distributors only'), carries a Fasteners & Fixings category; distributes to major AU retail chains",https://www.romak.com.au/
2-importer,Australia,AU,The Fastener Factory,,"One of Australia's larger trade/industrial hardware & fastener suppliers (nuts, bolts, fixings) selling Australia-wide",P1+P2,yes,80,plausible,thefastenerfactory.com.au,,,,Established AU trade/industrial fastener supplier; site bot-walled (HTTP 403) but a real distributor,https://www.thefastenerfactory.com.au/
2-importer,Australia,AU,Timberfix (TFX),,"Australian construction & building fastener/hardware supplier (nuts, bolts, nails, masonry anchors)",P1,yes,76,plausible,timberfix.com.au,,,,Real AU building-fastener supplier carrying masonry anchors; site bot-walled (HTTP 403),https://www.timberfix.com.au/
2-importer,Australia,AU,Plaster Wholesalers,"Hoppers Crossing & Somerton, VIC","Melbourne plasterboard/drywall trade wholesaler (~35 yrs) — plasterboard, stud & track, cladding, tools & accessories, with interstate delivery",P1,yes,72,confirmed,plasterwholesalers.com.au,sales@plasterwholesalers.com.au / 03 9748 5111,,,Drywall trade wholesaler that resells fixings/accessories to plasterers (natural channel for cavity anchors); fit is via accessory range so lower confidence but genuine drywall-trade buyer,https://www.plasterwholesalers.com.au/
2-importer,Australia,AU,Dahlsens,VIC / national (70+ sites),Building materials merchant (70+ locations),P1+P2,yes,8.7,confirmed,https://www.dahlsens.com.au,1300 324 573,,,"Australia's largest independent building-material supplier to builders, 70+ locations. Merchant chain that buys hardware/fixings at scale.",https://www.dahlsens.com.au
2-importer,Australia,AU,Big River Group,NSW / national (25 sites AU+NZ),"Building products distributor & merchant (25 locations, ASX)",P1+P2,yes,8.6,confirmed,https://www.bigrivergroup.com.au,1300 881 958,,,ASX-listed building-products distributor/merchant with 25 trade branches; distributes own + partner brands. On-target building-materials buyer.,https://www.bigrivergroup.com.au
2-importer,Australia,AU,Bowens,Victoria (20 stores),Building materials & timber merchant (20 stores),P1+P2,yes,8.2,confirmed,https://www.bowens.com.au,,,,"Victoria's large independent building-materials/timber merchant serving trade, 20 stores, 50,000+ products with trade accounts. On-target merchant buyer.",https://www.bowens.com.au
2-importer,Australia,AU,Nover,National (VIC head office),"Building products, panels & hardware distributor (chain)",P1+P2,yes,8,plausible,https://www.nover.com.au,,,,"Genuine national distributor of panels, hardware and fixings to trade. Server refused automated connections on repeated fetches (bot-walled) — kept as plausible.",https://www.nover.com.au
2-importer,Australia,AU,Gunnersen,VIC (national branches),Long-established national distributor/wholesaler of building panels & timber products to trade,P1+P2,yes,4.3,plausible,https://www.gunnersen.com.au,,,,Real national building-materials distributor; site had TLS cert misconfig but company is well-known & on-target,https://www.gunnersen.com.au
2-importer,Australia,AU,Nubco,TAS (multi-store incl. Devonport),"Trade & industrial supplies merchant/wholesaler with multiple stores; steel, tools, fasteners, hardware",P1+P2,yes,4.2,confirmed,https://www.nubco.com.au,,,,Established regional trade merchant carrying fasteners/hardware/building lines in volume,https://www.nubco.com.au
2-importer,Australia,AU,Hitech Fasteners,VIC,Wholesale fastener supplier/distributor (est. 1996); network of distributors across Australia,P1+P2,yes,4.1,confirmed,https://www.hitechfasteners.com.au,,,,Dedicated fastener wholesaler supplying the distributor network; on-target bulk buyer,https://www.hitechfasteners.com.au
2-importer,Australia,AU,Superior Fasteners & Industrial Supplies,AU,"Distributor of stainless steel & industrial fasteners (nuts, bolts, screws)",P1+P2,yes,4,plausible,https://www.superiorfasteners.com.au,,,,Real named fastener distributor; site bot-walled (HTTP 403) but on-target per external references,https://www.superiorfasteners.com.au
2-importer,Australia,AU,DPO - Direct Plasterboard Outlet,"Multi-branch eastern Australia (Brisbane QLD hub; Wetherill Park, Newcastle, Darwin, Fyshwick etc.)","Independent multi-branch (10 stores across ACT/NSW/NT/QLD) trade distributor of plasterboard, metal studs & tracks, insulation, jointing compounds, fibre cement, tools and drywall accessories. 30+ years supplying plasterers, contractors and builders.",P1+P2,yes,4.3,confirmed,https://dpo.com.au,,,,"Established 10-branch independent drywall trade distributor - direct buyer of plasterboard accessories, metal framing and drywall screws at volume.",https://dpo.com.au
2-importer,Australia,AU,Pro Plaster Wholesale,Queensland HQ - warehouses Brisbane/Sydney/Melbourne/Perth,"Australian-owned B2B wholesale distributor of plastering products supplying plastering stores nationwide from warehouses in Brisbane, Sydney, Melbourne and Perth. Wholesale/trade only (not retail); supplies compounds, tools, abrasives, adhesives, fasteners, trims and tape.",P1+P2,yes,4.1,confirmed,https://www.proplaster.com.au,,,,"Dedicated B2B wholesaler (3PL, nationwide top-ups to plastering stores) - a wholesale-tier buyer of drywall accessories and fixings.",https://wholesale.proplaster.com.au
2-importer,Australia,AU,BetaBoard,Brisbane (QLD) - 5 SE-QLD branches,"Queensland plasterboard/drywall distributor (32 years) with the largest distribution network in QLD - 5 branches (Rocklea, Brendale, Loganholme, North Lakes, Ormeau). Stocks plasterboard (Knauf), steel framing & ceiling systems, plastering accessories, compounds and tools for builders and plasterers.",P1+P2,yes,4,confirmed,https://www.betaboard.com.au,,,,Leading QLD plasterboard distributor carrying steel framing and drywall accessories - regional bulk buyer for the SE-QLD trade.,https://www.betaboard.com.au
2-importer,Australia,AU,Nashco,Queanbeyan (NSW),"Australian trade distributor of lightweight steel framing / drywall systems - concealed ceiling systems, internal wall partitions, external wall & cladding framing, access panels and finishing sections (plastering beads). Sells B2B to subbies, builders, architects and contractors.",P1+P2,yes,3.9,confirmed,https://www.nashco.com.au,,,,Trade-only steel-framing and drywall-systems distributor - buyer of framing sections and finishing beads/trims.,https://www.nashco.com.au
2-importer,Australia,AU,ADX Depot,"Edwardstown (SA) - plus Gepps Cross, West Terrace, Wacol QLD","Trade supplier of ceiling, wall and partition fit-out systems - plasterboard, ceiling grids/tiles, aluminium partitioning, cavity systems, fibre cement, door hardware. Trade-focused with branches in SA (Edwardstown HO, Gepps Cross, West Terrace) and QLD (Wacol).",P1+P2,yes,3.8,confirmed,https://www.adxdepot.com.au,,,,Multi-branch trade fit-out distributor for ceilings/walls/partitions - buyer of drywall accessories and associated hardware.,https://www.adxdepot.com.au
2-importer,Australia,AU,Australian Fasteners,Carrum Downs (VIC),"Australian-owned distributor/wholesaler of industrial fasteners (bolts, screws, nuts, rivets, anchors), plus drill/driver bits, abrasives and hardware. Serves tradespeople and industry Australia-wide (online marketplace model that also sells to the public).",P1+P2,,3.7,confirmed,https://www.australianfasteners.com,,,,Distributor of the exact fastener range Turkey exports; trade-oriented buyer though also sells to public online.,https://www.australianfasteners.com
2-importer,Australia,AU,AIMS Industrial Supplies,Milperra (NSW),"Australian B2B industrial distributor (since 1988, 130,000+ product lines) carrying fasteners and construction hardware alongside abrasives, adhesives, bearings, tools and safety. Offers business accounts / volume pricing; ships nationwide from Milperra, Sydney.",P1+P2,,3.6,confirmed,https://aimsindustrial.com.au,,,,"Broad-line industrial distributor with a dedicated fasteners/construction-hardware category and B2B accounts - a credible fastener buyer, though MRO-broad rather than a fastener specialist.",https://aimsindustrial.com.au
2-importer,Australia,AU,Blacktown Building Supplies,Arndell Park (NSW),"Family-owned Sydney building-supplies merchant/distributor stocking timber, sheet products (plywood, plasterboard), fibre cement cladding, fasteners & hardware, doors and cement. Trade accounts plus retail 'tradie prices'; delivers across Sydney, Blue Mountains, Wollongong and Central Coast.",P1+P2,,3.4,confirmed,https://blacktownbuildingsupplies.com.au,,,,"General building merchant carrying fasteners and plasterboard for the Sydney trade - smaller, mixed trade/retail buyer.",https://blacktownbuildingsupplies.com.au/shop/hardware/fasteners/
2-importer,Mexico,MX,Fastenal Mexico,Multiple Mexico branches,National/global B2B industrial fastener & MRO distributor operating in Mexico,P1+P2,yes,4.5,confirmed,https://www.fastenal.mx,,,,Global industrial fastener/anchor distributor with Mexico branch network and managed-inventory (FASTVend/FASTStock/FASTBin); stocks toggle bolts and hollow-wall/drywall anchors. Verified live at fastenal.mx.,https://www.fastenal.mx/
2-importer,Mexico,MX,Grupo Tornimaster Titan,"Leon, Guadalajara, Monterrey, Villahermosa, Cancun, CDMX",National wholesale (mayoreo) tornilleria & fastener distributor,P1+P2,yes,4.8,confirmed,https://grupotornimastertitan.com,(477) 774 1952,,,Multi-city wholesale fastener distributor that explicitly lists metallic (zamak) drywall/panel-yeso anchors plus nylon/plastic anchors under its Taquetes category. Direct product-fit. tornimaster.com is the same firm (dropped as duplicate).,https://grupotornimastertitan.com/
2-importer,Mexico,MX,SOGAR Anclajes - Sistemas de Fijacion,"Toluca, Estado de Mexico",Regional anchors & fixing-systems specialist distributor (mayoreo y menudeo),P1+P2,yes,4.7,confirmed,https://www.sogaranclajestoluca.com.mx,722-273-42-31; ventas@sogartoluca.com.mx,,,Fixings/anchor specialist that directly sells butterfly (mariposa) toggle anchors and nylon anchors for tablaroca (drywall). Exact product category match; wholesale.,https://www.sogaranclajestoluca.com.mx/
2-importer,Mexico,MX,CODEMEX,"CDMX & Naucalpan, Estado de Mexico",Drywall / light-construction systems distributor (B2B wholesale + retail),P1+P2,yes,4.5,confirmed,https://codemex.mx,+52 55 7742 7668; contacto@codemex.mx,,,"Distributor of USG/Panel Rey/Durock drywall systems that also carries anchors & fasteners (Fischer, Gram Bel) for those panels; a natural buyer/reseller of drywall cavity anchors and toggle bolts.",https://codemex.mx/
2-importer,Mexico,MX,El Tornillo S.A. de C.V.,"Leon, Guanajuato",Importer / distributor / manufacturer of industrial fasteners (since 1962),P1+P2,yes,4.3,confirmed,https://eltornillo.com.mx,(477) 788-85-00,,,"60+ year importer and distributor of screws, nuts and anchors (taquetes) with ANSI/ASTM/DIN/SAE certifications; established importer channel for cavity/hollow-wall anchors.",https://eltornillo.com.mx/
2-importer,Mexico,MX,MONJAC (Distribuidora de Birlos y Tornillos),"Buenavista, Estado de Mexico",Wholesale & retail fastener/hardware distributor,P1+P2,yes,4,confirmed,https://monjac.com.mx,(+52) 5558842915,,,"Wholesale (mayoreo) fastener distributor serving constructoras, ferreterias and contractors; stocks taquetes (anchors). Genuine B2B channel, smaller/regional scale.",https://monjac.com.mx/
2-importer,Mexico,MX,Distribuidor Panel Rey (Mexico),CDMX (Cuajimalpa & Granjas Navidad),Drywall / panel-yeso systems distributor (B2B wholesale),P1+P2,yes,3.8,confirmed,https://distribuidorpanelrey.com.mx,55-9267-2240; ventas@distribuidorpanelrey.com.mx,,,"Drywall systems distributor with a dedicated Fijacion (fixings/anchors) category; sells the panels these cavity anchors are used in, so a plausible reseller. Regional.",https://distribuidorpanelrey.com.mx/
2-importer,Mexico,MX,Fijatec S.A. de C.V.,Ciudad de Mexico,Fasteners & fixings (tornilleria/fijaciones) distributor,P1+P2,yes,3.5,confirmed,https://www.fijatec.com,55 5367 4832; fijatec@fijatec.com,,,"Genuine B2B fasteners/fijaciones distributor serving industrial, commercial and domestic segments; on-category for fixings though the specific drywall-anchor SKU was not visible on the fetched page, hence tier 3.",https://www.fijatec.com/
2-importer,Mexico,MX,Tornillos Vertiz,Ciudad de Mexico (Doctores),"100% Mexican firm since 1968 that manufactures, imports and distributes soporteria and fijacion; nationwide shipping from CDMX.",P1+P2,yes,4.4,confirmed,https://tornillosvertiz.com,tornillosvertiz@hotmail.com / (+52) 55 5578 6529,,,Importer-distributor of fixings with taquetes line and national shipping — fits sourcing of cavity anchors.,https://tornillosvertiz.com/
2-importer,Mexico,MX,Karrasa (Mayorista de Ferreteria),Ciudad de Mexico (metro area),Wholesale hardware/construction-supplies distributor serving contractors and retailers in large volumes; carries 'Materiales de fijacion y anclaje' including drywall fastening systems.,P1+P2,yes,4.3,confirmed,https://karrasa.mx,cotizaciones@karrasa.mx / (+52) 55 6383 0703,,,Bulk-volume construction wholesaler explicitly listing fijacion y anclaje incl. drywall fastening — buys anchors to supply obras.,https://karrasa.mx/mayorista-ferreteria-para-construccion-tu-socio-integral-en-suministros-para-obras/
2-importer,Mexico,MX,Panamericana Monterrey,"Monterrey, Nuevo Leon","Regional distributor of fijacion y soporteria (taquetes, abrazaderas, anclajes quimicos, tornilleria); carries Fischer, Index and Hilti; sells taquete mariposa.",P1+P2,yes,4.5,confirmed,https://panamericanamty.com,ventas1@panamericanamty.com / 81 8348 0640,,,Established fastening/fixings distributor already selling toggle/mariposa anchors — direct-fit reseller in the northeast.,https://panamericanamty.com/shop-2/expansores-taquetes/taquete-mariposa/
2-importer,Mexico,MX,Kafelli,Ciudad de Mexico (stock TIJ/CDMX/MTY),"Specialist distributor/importer of Fischer fastening products in Mexico (chemical, mechanical, plastic anchors); stock in Tijuana, CDMX and Monterrey.",P1+P2,yes,4.3,confirmed,https://kafelli.com.mx,contacto@kafelli.com.mx / 800 467 0357,,,Dedicated anchor/fixings importer with hollow-wall products and multi-city stock — natural buyer of cavity anchors.,https://www.kafelli.com.mx/productos-fischer/
2-importer,Mexico,MX,Tornillos TOREC,Guadalajara area (33),Fastener distributor with dedicated B2B (torec.odoo.com/b2b) and Mayoreo registration; sells taquete tipo mariposa / taquete para tablaroca in multiple sizes.,P1+P2,yes,4.2,confirmed,https://www.torec.mx,33 1454 0283,,,Has a real wholesale/B2B channel and already merchandises drywall mariposa anchors across sizes.,https://www.torec.mx/collections/tqmr
2-importer,Mexico,MX,Tecnofijaciones,"Guadalajara, Jalisco",Specialist distributor of fastening systems (Fischer line) including butterfly/toggle anchors for drywall and hollow walls.,P1+P2,yes,4,confirmed,https://tecnofijaciones.com,marketing@tecnofijaciones.com / 33 3812 4770,,,Fastening specialist with a dedicated 'taquetes para tablaroca' catalog page — tightly on-target for cavity anchors.,https://tecnofijaciones.com/taquetes/taquetes-para-tablaroca/taquete-mariposa/
2-importer,Mexico,MX,Tornifija,"Guadalajara, Jalisco","Manufacturer and distributor of tornilleria and fijacion for 30+ years; distributes leading brands (Apisa, Basor, Tecnotools) to electrical/HVAC/fire installers; carries drywall anchors and nylon plugs.",P1+P2,yes,3.9,confirmed,https://www.tornifija.com.mx,ventas@tornifija.com.mx / 331 893 2960,,,Beyond own manufacture it commercializes third-party brands wholesale to installers and stocks drywall anchors — a genuine buyer channel.,https://www.tornifija.com.mx/
2-importer,Mexico,MX,Macrin Ferreterias,"Apodaca, Nuevo Leon","Hardware distributor (since 1992) operating B2B bulk-quote plus e-commerce; sells taquete tablaroca mariposa among 18+ construction categories, nationwide shipping.",P1+P2,yes,3.9,confirmed,https://macrin.com.mx,ventas@macrin.com.mx / 81 2644 1677,,,Offers bulk 'Solicitar Cotizacion' for contractors and already lists drywall mariposa anchors — hybrid but genuine B2B fit.,https://macrin.com.mx/products/taquete-tablaroca-mariposa-1-8x3
2-importer,Mexico,MX,Fijaciones Industriales,"Monterrey, Nuevo Leon","Industrial fastener/anchor distributor in Monterrey specializing in expansion anchors, nylon anchors and 'Taquetes Mariposa (HWA) para pared hueca'.",P1+P2,yes,3.9,confirmed,https://fijacionesindustriales.com.mx,(81) 8123 4447,,,Anchor-focused distributor with an explicit hollow-wall butterfly (HWA) category — precise fit for cavity toggle anchors.,https://fijacionesindustriales.com.mx/categoria-producto/fijacion-y-sujecion-mecanica/anclas-taquetes/
2-importer,Mexico,MX,Relematic,Mexico,"Electrical-materials and hardware distributor carrying ANCLO taquete de mariposa 1/8""x2"" for drywall; storefront currently bot-walled (HTTP 403).",P1+P2,yes,3.7,plausible,https://relematic.mx,,,,Real named distributor listing ANCLO toggle anchors; site blocks automated fetch (403) so verified via product listing rather than live crawl.,https://relematic.mx/producto/anc-sm18t/
2-importer,Mexico,MX,DMT - Distribuidora Mayorista de Tornillos,"Merida, Yucatan (HQ) + 12 branches","Pure fastener/fixings wholesaler-distributor ('Lideres en soporte y fijacion'), NOT a manufacturer; 13 branches nationwide (HQ Merida). Stocks screws, nuts, rivets, washers, dowels, brackets, bolts, anchors, clamps and direct-fastening systems.",P2,yes,5,confirmed,https://dmt.com.mx,Tel 999-946-0464,,,"Textbook reseller buyer: 'Mayorista' distributor of fasteners/anchors with 13 branches, no manufacturing. Site live; mayorista model and nationwide branch network confirmed.",https://dmt.com.mx/
2-importer,Mexico,MX,PIMSA Ferreteros,"Monterrey, Nuevo Leon (HQ) + Tampico, San Luis Potosi, Pachuca","'El Mayorista de las Ferreterias de Mexico' (since 1978) - B2B wholesale distributor supplying hardware stores with tools, construction materials, fasteners, adhesives, electrical and safety across 500+ brands; 4 distribution centers.",P2,yes,5,confirmed,https://pimsaferreteros.com.mx,mencinia@pimsaferreteros.com.mx / +52 81 8125 1800,,,Dedicated wholesale distributor whose customers ARE hardware stores - a pure reseller/importer-style buyer of builder's hardware and fasteners at volume. Site live; mayorista-to-ferreterias model and 4 CEDIS confirmed.,https://pimsaferreteros.com.mx/
2-importer,Mexico,MX,Tornillos AM (Distribuidora AM),"Monterrey, Nuevo Leon","Monterrey fastener house (since 2008) that imports and distributes tornilleria industrial - screws, flange nuts, birlos, threaded rod, washers, taquetes/anchors, pijas - wholesale + retail with nationwide delivery. Also runs in-house coating/CNC.",P2,yes,4,confirmed,https://tornillosam.com,ventas@tornillosam.com / (81) 2900-0580,,,Importer + distributor of fasteners/anchors selling mayoreo to construction/industry - a real sourcing buyer. Site live; import + distribution model and publishable ventas@ email confirmed.,https://tornillosam.com/
2-importer,Mexico,MX,Distorbirlos de Veracruz,"Lerdo de Tejada, Veracruz","Fastener distributor + importer (17 yrs) stocking 15,000+ items - screws, bolts, washers, nuts, drills, taps, clips, anchors - wholesale + retail; distributes across Veracruz, Tabasco, Oaxaca, Puebla, Chihuahua, Guadalajara and more.",P2,yes,4,confirmed,https://distorbirlos.com.mx,distorbirlos@hotmail.com / (284) 944-4235,,,"Regional fastener/anchor distributor and importer selling mayoreo - a clear reseller buyer. Site live; distribution/import model, 15k SKUs and contact email confirmed.",https://distorbirlos.com.mx/
2-importer,Mexico,MX,El Rey del Tornillo,"Guadalajara, Jalisco","100% Mexican fastener & fixing-tools distributor (since 1997, Guadalajara roots) - screws, nuts, bolts, washers, rivets, anchors, studs, rods, inserts - B2B/mayoreo with nationwide shipping.",P2,yes,4,confirmed,https://elreydeltornillo.com,Tel 332-101-2161 / WhatsApp 333-837-6887,,,Established fastener/fixing-hardware distributor (not a manufacturer) selling mayoreo nationwide - a resale buyer. Site live; distributor status and bulk/national coverage confirmed.,https://elreydeltornillo.com/
2-importer,Mexico,MX,Paneles de Yeso MX (Comercializadora de Paneles CDMX),Mexico City (CDMX),"Distributor (not manufacturer) of drywall/panel de yeso and accessories (15+ yrs): Panel Rey Glass/Light/PermaBase, cement boards, acoustic panels, ceiling tiles, metal profiles, compounds and tools; explicit volume/contractor pricing in CDMX.",P2,yes,4,confirmed,https://panelesdeyesomx.com,info@panelesdeyesomx.com / (55) 4008-8026,,,"Drywall-materials distributor offering explicit volume/contractor pricing on panels, profiles and accessories - a resale buyer for drywall accessories. Site live; distributor status, volume pricing and contact email confirmed.",https://panelesdeyesomx.com/
2-importer,Mexico,MX,La Casa de los Tornillos de Guadalajara S.A. de C.V. (Casatornillos),"Guadalajara, Jalisco",Structural & industrial fastener distributor,P1+P2,yes,4.5,confirmed,https://casatornillos.com,contacto@casatornillos.com,,,"50+ year national distributor of structural/industrial fasteners with 20,000+ m2 inventory and ASTM/DIN/SAE lines; anchors and fixings fit the range. Live on-target site.",https://casatornillos.com/empresa/
2-importer,Mexico,MX,Tornillos y Mas,"Guadalupe, Nuevo Leon",Wholesale fastener distributor,P1+P2,yes,4,confirmed,https://tornillosymas.com,hlozano@tornillosymas.com,,,"Commercializes/distributes all types of screws, nuts, washers, nails, rivets and anchors at wholesale, national coverage, sourcing from Asia/US. Live on-target site with contact email.",https://tornillosymas.com
2-importer,Mexico,MX,Torsa - La Casa del Tornillo,Mexico City (Alvaro Obregon),"Fastening-materials, supports & drywall-anchor distributor",P1+P2,yes,4,confirmed,https://lacasadeltornillo.com.mx,ventas2@lacasadeltornillo.email,,,"Supplies fastening materials, supports and tools including screws and drywall anchors (anclas para tablaroca) - on-target for cavity/hollow-wall fixings. Live on-target site with sales email.",https://lacasadeltornillo.com.mx/quienes-somos/
2-importer,Mexico,MX,Distribuidora Mayorista de Tornillos de Yucatan S.A. de C.V. (DMT),"Cuautitlan Izcalli, Estado de Mexico",Wholesale screw & fastener distributor,P1+P2,yes,4,confirmed,https://www.dmttornillos.com.mx,dmtmexico@dmt.com.mx,,,"30-year mayorista of screws, nuts and fastening items supplying hardware stores and industrial clients; also operates DMT Merida in the southeast. Live on-target site with email.",https://www.dmttornillos.com.mx/index.html
2-importer,Mexico,MX,Ferretera Central del Golfo (FEEGO),"San Rafael, Veracruz",Regional hardware wholesaler/distributor,P1+P2,yes,4,confirmed,https://www.ferreteracentraldelgolfo.com.mx,contacto@fecego.com,,,"Wholesale/retail hardware distributor across 14 states (Veracruz HQ + Merida DC) carrying fasteners, fixings and builder's hardware plus own import brands. Live on-target site with email.",https://www.ferreteracentraldelgolfo.com.mx/ferreteria
2-importer,Mexico,MX,FerreKasa Mexico,Estado de Mexico (metro CDMX),Hardware & construction-materials distributor,P1+P2,yes,3.5,confirmed,https://www.ferrekasamexico.com,,,,"Distributor of ferreteria, plomeria and electrical goods plus Panel Rey drywall and fixings across 16+ branches in Edo Mex/metro CDMX. Live on-target site; phone-only contact.",https://www.ferrekasamexico.com
2-importer,Mexico,MX,Tornimaster (Grupo Tornimaster Titan),"Leon, Guanajuato","Wholesale distributor of tornilleria (screws, nuts, washers, pijas, taquetes/wall anchors, threaded rod); branches in Leon, Guadalajara, Monterrey, Villahermosa, Cancun, CDMX.",P1+P2,yes,5,confirmed,https://tornimaster.com,,,,Multi-city fastener wholesaler already selling taquetes/anchors; on-target for cavity-anchor range.,https://tornimaster.com/
2-importer,Mexico,MX,Hazlo KonTabla,"Guadalajara, Jalisco","Specialist drywall/light-construction materials merchant: tablaroca, anchors, fixings, metal profiles, adhesives, install tools; branches in Guadalajara, Leon, Colima, Tepatitlan, Manzanillo.",P1+P2,yes,4,confirmed,https://hazlokontabla.com.mx,contacto@hazlokontabla.com.mx,,,Drywall-systems merchant selling anchors and fixings for tablaroca to installers/contractors - on-target for the drywall cavity anchor (P1).,https://hazlokontabla.com.mx/
2-importer,Mexico,MX,Ferreone,"San Andres Cholula, Puebla","Wholesale hardware distributor (mayorista) of 15,000+ products across Truper, Pretul, Volteck, Fiero, Hermex; middleman to hardware stores in Puebla region.",P1+P2,yes,3,confirmed,https://ferreone.com.mx,,,,Regional hardware wholesaler supplying ferreterias - a builder's-hardware distribution channel that stocks fasteners/anchors.,http://www.ferreone.com.mx/
2-importer,Mexico,MX,Ferreteria en Mayoreo,"Puebla, Puebla","Wholesale hardware distributor (35 yrs) carrying DeWalt, Makita, Bosch, Urrea, Fandeli, Surtek and general construction/industrial hardware.",P1+P2,yes,3,confirmed,https://ferreteriaenmayoreo.com.mx,ventas@ferreteriaenmayoreo.com.mx,,,Established ferreteria mayoreo - builder's-hardware wholesale channel stocking fasteners and fixings.,https://www.ferreteriaenmayoreo.com.mx/
2-importer,Israel,IL,Barsys Fasteners Ltd (ברסיס פסטנרס),Holon,importer/wholesaler,P1+P2,yes,4.7,confirmed,https://www.barsys.co.il,"03-6500210, Sales@barsys.co.il",,,"B2B import + wholesale of fasteners since 1995; explicit anchors category incl. mechanical/chemical anchors (ETA), plugs (dibel), toggle bolts and cavity anchors. ISO 9001, MoD-approved supplier. Direct catalog match.",
2-importer,Israel,IL,Wurth Israel (וירט ישראל),,national distributor,P1+P2,yes,4.5,confirmed,https://wurth.co.il,,,,"National B2B trade distributor with a dedicated 'anchors & plugs' (עוגנים ודיבלים) range including universal nylon cavity plugs and mechanical toggle/expansion anchor systems. Professional/construction focus, not consumer retail.",
2-importer,Israel,IL,Techno Cohen Technical Supply Ltd (טכנו כהן),Holon,importer/distributor,P1+P2,yes,4.3,confirmed,https://tco.co.il,03-5504477,,,"Imports, markets and distributes screws, plugs (dibel) and anchors incl. drywall/nylon plugs, metal toggles/anchors and jumbo anchors; 17,000+ SKUs, imports from global makers. Strong fit despite also running a counter store.",
2-importer,Israel,IL,ADIT Ltd (אדיט),Israel (Kanot ind. zone),anchor supplier/distributor,P1+P2,yes,4,confirmed,https://www.adit.org.il,"03-5780115, office@adit.org.il",,,"Specialist post-installed anchoring supplier since 2005: mechanical anchors, chemical anchors, and nylon plugs (dibel) rated for hollow/cavity walls, plus bolts. Engineering-led supplier — a credible channel for winged cavity anchors and toggles.",
2-importer,Israel,IL,Galboreg (גלבורג),,importer/stockist,P1+P2,yes,3.8,plausible,https://galboreg-shop.co.il,,,,"Real, well-known Israeli fastener import/stock house ('largest screw stock in Israel', 50,000+ SKUs, 30+ yrs) carrying anchors/plugs. Site is bot-walled (HTTP 403 to automated fetch) but the business is genuine and on-profile.",
2-importer,Israel,IL,IIR Ltd,,importer/distributor,P1+P2,yes,3.8,plausible,https://www.iirltd.co.il,,,,"Importer/marketer of chemical fasteners, nylon plugs (dibel) to European standard, and anchors (INDEX brand, Hilti-type). Clearly on-profile importer; site refused automated connection at verification time (server/datacenter-IP block), so marked plausible.",
2-importer,Israel,IL,Mashaf Technical Supply Ltd (משף),Modiin,distributor/supplier,P1+P2,,3.6,confirmed,https://mashaf-fasteners.com,"08-8519944, kiki@mashaf.co.il",,,Technical fastener distributor with broad screw/fastener inventory and an anchoring & adhesion product line; smaller/specialist but genuine B2B supplier that fits cavity anchors and toggle bolts.,
2-importer,Israel,IL,"Machsanei HaBragim (מחסני הברגים, VERO brand — Danara Group)",Nitzan Oz,"Nationwide B2B wholesale distributor of screws, dowels and anchors (own VERO brand) for construction, wood and aluminum trades; categories include gypsum screws, concrete fasteners and anchors.",P1+P2,yes,4.5,confirmed,https://www.mhabragim.co.il,09-8651005 / 054-9831707,,,Verified live wholesaler explicitly distributing dowels and gypsum fasteners nationwide under its own brand — buys/sources anchor lines in bulk.,https://www.mhabragim.co.il/
2-importer,Israel,IL,Perfect Deepo Ltd (פרפקט דיפו),Israel (national),"B2B wholesale distributor and importer for the drywall, construction, fasteners, wood and aluminum sectors nationwide; imports drywall screws, jumbo anchors, concrete fasteners and all types of dowels.",P1+P2,yes,4.5,confirmed,https://perfect-deepo.co.il,052-4421500 / moniiraqe@gmail.com,,,Verified live importer/wholesaler self-described as serving the drywall sector with imported anchors and dowels — precise fit.,https://perfect-deepo.co.il/
2-importer,Israel,IL,N. Schiff & Co Ltd (נ. שיף ושות'),Israel (national),Nationwide wholesale (שיווק סיטונאי בפריסה ארצית) distributor of fasteners including a dedicated drywall/gypsum dowels (דיבלים לגבס) product line.,P1+P2,yes,4,plausible,https://www.schiff.co.il,,,,"Real, well-known nationwide fastener wholesaler with an indexed 'gypsum dowels' catalog page; live site sits behind a JS/bot interstitial so on-site detail could not be scraped, but the firm and product line are confirmed.",https://www.schiff.co.il/571994-%D7%93%D7%99%D7%91%D7%9C%D7%99%D7%9D-%D7%9C%D7%92%D7%91%D7%A1
2-importer,Israel,IL,P.R.T Metal Industries (פרט תעשיות מתכת),Kiryat Bialik,"Importer and marketer of bolts, nuts, washers, anchors and connectors; exclusive Israel representative for leading global fastener makers; supplies wholesale to technical-supply shops, retailers and marketers. Branches in Kiryat Bialik and Be'er Tuvia.",P1+P2,yes,87,confirmed,https://www.prt.co.il,zafon@prt.co.il; isaac@prt.co.il; 1-700-504-564,,,Pure importer-distributor that sells onward to the distributor/retailer tier and carries an anchors category — ideal wholesale buyer. Verified live.,https://www.prt.co.il
2-importer,Israel,IL,Marzevit (מרזבית),Petach Tikva,"Regional light-construction materials distributor (branches in Petach Tikva, Kiryat Bialik, Beer Sheva) supplying drywall, steel profiles, insulation, and a fasteners line (drywall/wood/metal screws, anchors, bolts) to contractors and builders.",P1+P2,yes,86,confirmed,https://marzevit.co.il,sales@marzevit.co.il; 03-9282828; 08-6288825,,,Multi-branch building-materials distributor stocking both drywall accessories and fasteners — dual-product fit. Verified live.,https://marzevit.co.il
2-importer,Israel,IL,Isboreg (ישבורג),Haifa,"Distributor and importer of screws, nuts and threaded rods with an in-house factory (since 1950); direct imports from the USA and Europe; ISO 9001:2015.",P1,yes,78,confirmed,https://isboreg.co.il,"office@isboreg.co.il; 04-8721957; Yosef Levi St 6, Haifa",,,Long-established fastener importer-distributor (also manufactures) that buys direct from overseas suppliers — a live import channel. Kept for the importer/distributor side. Verified live.,https://isboreg.co.il
2-importer,Israel,IL,ProBuilder Building Materials (ProBuilder חומרי בניין),Rehovot,"Building-materials distributor (retail + wholesale) supplying drywall, drywall profiles, adhesives, insulation, tools and fixings; explicit wholesale purchasing service to contractors.",P2,yes,76,confirmed,https://probuilder.co.il,"058-4500145; Eli Horovitz 19, Rehovot",,,Distributor with a dedicated drywall-profiles department and stated wholesale/contractor supply — on-target for drywall accessories. Verified live.,https://probuilder.co.il
2-importer,Israel,IL,A. Nor Rahamim Building Materials (א. נור רחמים),Ramla,"Wholesale building-materials supplier to contractors (since 2013): drywall boards, gypsum, nails, ceramics, rebar and accessories, with nationwide delivery.",P2,yes,74,confirmed,https://nor-rahamim.co.il,"050-214-6853; Israel Shasson 1, Ramla",,,Contractor-facing wholesale yard carrying drywall and fixing consumables — bulk building-materials buyer. Verified live.,https://nor-rahamim.co.il
2-importer,Israel,IL,Amos Building Materials (עמוס חומרי בניין),Israel,Building-materials distributor carrying a dedicated Fischer anchors/dowels category plus drywall accessories and fixings for the trade.,P1+P2,yes,72,plausible,https://www.amosbld.co.il,,,,"Clearly-real named building-materials distributor with an anchors/fixings catalog; site is JS-guarded and would not render in-tool, so held at plausible.",https://www.amosbld.co.il
2-importer,Israel,IL,Amrusi Building Materials (אמרוסי חומרי בניין),Israel,"Building-materials distributor with gypsum/drywall, special drywall profiles, hanging fixtures and accessories.",P2,yes,70,plausible,https://www.amrusi.co.il,,,,"Real named drywall/building-materials distributor; site returns HTTP 403 to the fetcher (bot-walled), so held at plausible rather than confirmed.",https://www.amrusi.co.il
2-importer,Israel,IL,Maayan HaGeves (מעיין הגבס),Israel,"Distributor of gypsum/drywall boards, profiles and corners, acoustic ceilings, connection/hanging accessories and jointing compounds.",P2,yes,70,plausible,https://www.maayanhagevesonline.co.il,,,,"Named drywall-specialist distributor with an accessories range; site is JS-guarded and would not render in-tool, so held at plausible.",https://www.maayanhagevesonline.co.il
2-importer,Israel,IL,ACE Hardware Israel (אייס),Rosh HaAyin,"National DIY / home-improvement and building-materials retail chain (~28+ branches nationwide), exclusive Israel franchisee of ACE Hardware; carries building materials, metal fixtures, fasteners and hardware — a private-label / bulk sourcing channel.",P1+P2,yes,75,plausible,https://www.ace.co.il,,,,"Large real hardware chain and a credible private-label bulk-sourcing target; site returns a bot-wall (HTTP 621) to the fetcher, so held at plausible.",https://www.ace.co.il
2-importer,Israel,IL,M.N.M Ltd (מ.נ.מ),Israel,"Distributor of tools and fastening products — screws, threaded rods, nuts and Fischer fixings — for the trade.",P1+P2,,66,plausible,https://www.mnmltd.co.il,,,,"Real named tools-and-fasteners distributor carrying a Fischer/screws range; site is JS-guarded and would not render in-tool, so held at plausible.",https://www.mnmltd.co.il
2-importer,Israel,IL,A. Atlasovich & Sons / Atlas Tools (א.אטלסוביץ ובניו),Israel,Importer/distributor of power tools plus a Fischer anchors/plugs (דיבלים) fixings range for the trade.,P2,,64,plausible,https://www.atlastools.co.il,,,,"Real named tools importer that also stocks Fischer anchors/plugs; site is JS-guarded and would not render in-tool, so held at plausible.",https://www.atlastools.co.il
2-importer,Israel,IL,Merkaz HaGeves (Gypsum Center),Or Yehuda,"Importer/distributor of leading building materials (30+ yrs): gypsum/drywall boards, drywall accessories, screws, aluminum profiles, acoustic ceilings, insulation. Serves contractors and large companies (B2B) with retail availability.",P1+P2,yes,83,confirmed,https://www.mgeves.co.il,"guy@mgeves.co.il; +972-3-6348888; Moshe Aviv 14, Or Yehuda",,,Verified live: self-described importer of building materials centered on gypsum/drywall systems including screws and drywall accessories - natural buyer for cavity fixings sold into the drywall channel.,https://www.mercaz-hageves.co.il/
2-importer,Israel,IL,Alka Fasteners Ltd,Yavne,"Long-established (1944) B2B importer/distributor of fasteners in Israel; 200,000+ SKUs (nuts, bolts, washers, machine & sheet-metal screws, threaded rods, stainless), exclusive distributor of Swiss Bossard; offers managed inventory/logistics",P1+P2,yes,4.7,confirmed,https://www.alka-fasteners.com,08-9320800 / alka@alka-fasteners.com,,,Core national fastener importer/distributor — exactly on-target as a bulk buyer of imported fasteners,http://www.alka-fasteners.com/
2-importer,Israel,IL,Wizner Building Supplies & Fencing Ltd (Vitzner),Kibbutz Usha,"Official and exclusive Israeli importer/distributor of 25 international hand-tool and construction-accessory brands; wholesales fasteners (nails, screws, anchors), fencing and builder's hardware with own truck fleet delivering to sites nationwide",P1+P2,yes,4.4,confirmed,https://www.wizner.co.il,04-8211414 / office@wizner.co.il,,,Exclusive importer/distributor of builder's hardware & fasteners — direct on-target bulk buyer,https://www.wizner.co.il/en/
2-importer,Israel,IL,Tassa Ltd,Mevo Horon,"B2B distributor/supplier of building materials and construction equipment since 1930; ~150 staff, 45-dunam logistics center, own fleet; serves contractors, government and major infrastructure firms",P1+P2,yes,4.3,confirmed,https://tassa.co.il,08-8614777 / Tassa@tassa.co.il,,,Large B2B building-materials distributor; on-target for building-materials/fixings sourcing,https://tassa.co.il/
2-importer,Israel,IL,Samco Center (S-Center) Ltd,,"Israeli gypsum & building center distributing plasterboard, metal profiles, ironmongery and fasteners at wholesale prices; bot-walled JS gateway at verification but a clearly-real named gypsum/building center",P1+P2,yes,3.8,plausible,https://www.scenter.co.il,,,,Drywall/gypsum + fastener distribution center — directly on-target; kept as plausible pending fetch,https://www.scenter.co.il/
2-importer,Israel,IL,Hakolbo LaTaasiya (Akolbo Pro),,"Israeli industrial/MRO supply house carrying hundreds of thousands of items including screws, fasteners, sealing and building equipment, hand and power tools; bot-walled JS gateway at verification but a clearly-real named industrial supplier",P1+P2,,3.6,plausible,https://www.akolbopro.co.il,,,,"Broad industrial/hardware distributor stocking fasteners — on-target, kept as plausible",https://www.akolbopro.co.il/
2-importer,Israel,IL,Selfix Services 1973 Ltd (סלפיקס),Kiryat Malachi,"Importer and distributor of rivets, anchors, dowels, nylon fixings and sealing materials since 1973; ISO-approved lines sold to wholesalers, retailers, professionals and industrial clients.",P2,yes,5,confirmed,https://selfix.co.il,sales@selfix.co.il,,,"Long-established fixings importer/distributor explicitly selling to wholesalers and retailers; live site, address, phone and sales@ email confirmed.",https://selfix.co.il/
2-importer,Israel,IL,Hecht & Efraim (הכט אפרים),"Holon (branches: Ashdod, Nesher/Haifa)","Importer/distributor (since 1952) of ceiling and drywall systems, wall cladding, insulation, acoustic materials and construction accessories from leading foreign brands; B2B to construction companies, contractors and architects across three branches.",P2,yes,4,confirmed,https://hecht-efraim.co.il,03-5560220,,,On-target building-materials/drywall-systems importer-distributor representing foreign brands to the trade; live site with three branch phones confirmed.,https://hecht-efraim.co.il/en/
2-importer,Israel,IL,Mercaz HaGeves (מרכז הגבס),Or Yehuda,"Building-materials / drywall trade supplier (~30 yrs): gypsum boards, acoustic ceilings, insulation, access panels, construction chemicals, fasteners, aluminum profiles and hand tools; serves major contractors and companies.",P2,yes,4,confirmed,https://www.mercaz-hageves.co.il,guy@mgeves.co.il,,,"Established drywall/building-materials merchant supplying contractors with gypsum boards, fasteners and profiles; live site, Or Yehuda address, phone and email confirmed.",https://www.mercaz-hageves.co.il/
2-importer,Israel,IL,Uom ve-Borg Ltd (אום ובורג),Jerusalem,"Family-owned (since 1991) fastener merchant/distributor of branded screws, nuts, washers, anchors, plugs, rivets, drills and lifting gear; serves builders, companies and contractors plus private customers from a Jerusalem storefront.",P2,,3,confirmed,https://uomveboreg.co.il,uomltd@netvision.net.il,,,"Real fastener/builder's-hardware merchant reselling branded screws and anchors to builders, companies and contractors; live site with address, phone and email confirmed (trade counter, part-retail).",https://uomveboreg.co.il/
2-importer,Israel,IL,A. Hetzroni (א. חצרוני חומרי בניין),Samaria region,"Building-materials merchant (since 2001) stocking blocks, drywall sheets, fasteners, metal reinforcement, adhesives, insulation, plaster boards and gypsum profiles; serves contractors and consumers with delivery.",P2,,3,confirmed,https://hetzroni.co.il,09-7941212,,,On-target builder's merchant carrying drywall + fasteners + gypsum profiles for the contractor trade; live site with location and phones confirmed (trade + retail).,https://hetzroni.co.il/
2-importer,Israel,IL,Top Pirzul (טופ פרזול),Israel (Raanana / central),"Israeli fasteners/builder's-hardware reseller offering screws, anchors, dowels, brackets and door/furniture hardware in bulk with volume pricing; sells B2B and online across multiple cities.",P2,yes,3,plausible,https://topirzul.co.il,topirzul@gmail.com,,,"Live on-target fasteners/hardware reseller offering bulk/volume B2B pricing, but small operation using a Gmail contact with no company registration shown; kept as plausible.",https://topirzul.co.il/
2-importer,United States,US,The Hillman Group,,National fasteners & builder's hardware supplier/distributor,P1+P2,yes,5,confirmed,https://www.hillmangroup.com,/pages/contact,,,"Leading North American distributor of fasteners and wall-anchor systems to Home Depot, Lowe's, Ace, Walmart; anchors/fasteners are a core category.",https://www.hillmangroup.com
2-importer,United States,US,W.W. Grainger,,National industrial/MRO distributor,P1+P2,yes,4.5,plausible,https://www.grainger.com,,,,Major national MRO distributor that stocks hollow-wall/drywall anchors and toggle bolts; site returned a transient error page but company is unquestionably real and live.,https://www.grainger.com
2-importer,United States,US,Fastenal,,National fastener & industrial supply chain,P1+P2,yes,4.5,plausible,https://www.fastenal.com,,,,"Largest US fastener distributor with 1,700+ branches and vending/VMI; anchors and toggle bolts are catalog staples. Site bot-walled (403).",https://www.fastenal.com
2-importer,United States,US,MSC Industrial Supply,,National MRO / industrial distributor,P1+P2,yes,4,plausible,https://www.mscdirect.com,,,,Big-box industrial/MRO distributor carrying fasteners and hollow-wall anchors nationwide. Site bot-walled (403).,https://www.mscdirect.com
2-importer,United States,US,"Orgill, Inc.",,Global independent hardware & building-materials wholesale distributor,P1+P2,yes,4.5,confirmed,https://www.orgill.com,customerservicedept@orgill.com,,,World's largest independent hardware distributor (est. 1847) supplying hardware/building materials to retailers in 50+ countries; fasteners & anchors are core SKUs.,https://www.orgill.com
2-importer,United States,US,Do it Best Corp.,,Hardware & lumber/building-materials wholesale co-op,P1+P2,yes,4.5,confirmed,https://www.doitbestonline.com,,,,Member-owned hardware/LBM/industrial co-op distributor serving independent retailers across 50+ countries; fasteners & wall anchors in core assortment.,https://www.doitbestonline.com
2-importer,United States,US,Wurth Industry USA,,B2B fastener & C-parts industrial distributor,P1+P2,yes,4.5,confirmed,https://www.wurthindustry.com,1-877-999-8784,,,US arm of world-leading industrial-fastener distributor; explicitly distributes anchors and fastening solutions with VMI/kitting for construction sector.,https://www.wurthindustry.com
2-importer,United States,US,Kimball Midwest,,National MRO maintenance-products distributor,P1+P2,yes,4,plausible,https://www.kimballmidwest.com,,,,National MRO/maintenance distributor with a deep fastener and anchor line; site connection refused during check but company is well-established and live.,https://www.kimballmidwest.com
2-importer,United States,US,House-Hasson Hardware,,Regional hardware wholesale distributor,P1+P2,yes,4,confirmed,https://www.househasson.com,service@househasson.com,,,"Family-owned wholesale hardware distributor (est. 1906), 70,000+ SKUs to independent retailers across 27+ states; fasteners/anchors in assortment.",https://www.househasson.com
2-importer,United States,US,Blish-Mize Co.,,Regional hardware wholesale distributor,P1+P2,yes,3.5,plausible,https://www.blishmize.com,,,,Long-established Kansas-based wholesale hardware distributor to independent dealers; fasteners/wall anchors are standard hardware SKUs. Site bot-walled (403).,https://www.blishmize.com
2-importer,United States,US,Triangle Fastener Corporation,,Commercial-construction fastener distributor (SFS Group),P1+P2,yes,5,confirmed,https://www.trianglefastener.com,sales@trianglefastener.com,,,Distributor whose catalog explicitly lists Drywall and Steel Framing fastening product lines; strong direct fit for cavity/drywall fixings.,https://www.trianglefastener.com
2-importer,United States,US,Endries International,,Industrial fastener & C-class components distributor,P1+P2,yes,4,confirmed,https://www.endries.com,,,,Distributor of standard and engineered fasteners incl. anchors with VMI/kitting to construction-equipment and building markets.,https://www.endries.com
2-importer,United States,US,Mutual Screw & Supply,"Rochelle Park, NJ",Industrial fastener distributor,P1+P2,yes,5,confirmed,https://www.mutualscrew.com,Sales@mutualscrew.com,,,Distributor (est. 1947) whose anchor category explicitly includes toggle and drywall anchors plus concrete/drywall screws; direct product fit.,https://www.mutualscrew.com
2-importer,United States,US,All Points Fasteners,,Importer & distributor of fasteners,P1+P2,yes,5,confirmed,https://www.allpointsfasteners.com,sales@allpointsfasteners.com,,,"Self-described importer & distributor (since 1986) explicitly stocking drywall anchors, toggle bolts, plastic and drop-in anchors; excellent direct fit and importing capability.",https://www.allpointsfasteners.com
2-importer,United States,US,AFT Fasteners,,Fastener distributor & import/global-sourcing specialist,P1+P2,yes,4,confirmed,https://www.aftfasteners.com,877-844-8595,,,"Import/export & global-sourcing fastener distributor with 375,000+ SKUs incl. anchors and mill/importing services; fits sourcing of anchor product.",https://www.aftfasteners.com
2-importer,United States,US,Gypsum Management & Supply (GMS),"Atlanta, GA",National drywall & building-materials distributor,P1+P2,yes,4.5,confirmed,https://www.gms.com,info@gms.com,,,"300+ branch drywall/interior-construction distributor; stocks drywall, steel framing and jobsite fasteners/tools that pair with cavity anchors.",https://www.gms.com
2-importer,United States,US,Foundation Building Materials (FBM),,National drywall & building-materials distributor,P1+P2,yes,4.5,plausible,https://www.fbmsales.com,,,,Major wallboard/interior-construction distributor carrying drywall and associated jobsite fasteners/anchors. Site bot-walled (403).,https://www.fbmsales.com
2-importer,United States,US,L&W Supply,,National drywall & construction-supplies distributor,P1+P2,yes,4.5,plausible,https://www.lwsupply.com,,,,Large specialty distributor of drywall and interior building products with associated fastener/anchor SKUs. Site bot-walled (403).,https://www.lwsupply.com
2-importer,United States,US,White Cap,,National construction-supplies distributor,P1+P2,yes,4.5,plausible,https://www.whitecap.com,,,,Leading distributor of specialty construction and industrial supplies to contractors; anchors and fasteners are core categories. Site bot-walled (403).,https://www.whitecap.com
2-importer,United States,US,Kamco Supply,,Regional drywall & interior building-materials distributor,P1+P2,yes,4,plausible,https://www.kamco.com,,,,NY-metro drywall/interior-construction distributor stocking wallboard and associated fasteners/anchors. Site bot-walled (403).,https://www.kamco.com
2-importer,United States,US,Beacon Building Products,,National building-products & construction-supplies distributor,P1+P2,yes,4,plausible,https://www.becn.com,,,,Major building-products distributor (now under QXO) supplying roofing/exterior and complementary jobsite fasteners; becn.com 301-redirects to parent qxo.com but the operating distributor is live.,https://www.becn.com
2-importer,United States,US,Brighton-Best International,"Long Beach, CA",Master importer/distributor of fasteners (since 1925),P1+P2,yes,9.5,confirmed,brightonbest.com,,,,Largest master importer/distributor of imported commercial fasteners in the US — the exact buyer profile for an overseas fastener supplier.,https://www.brightonbest.com
2-importer,United States,US,Kanebridge Corporation,"Oakland, NJ",Master distributor of industrial fasteners (sells to distributors only),P1+P2,yes,9,confirmed,kanebridge.net,,,,National master distributor holding 3.8B pieces across NJ/IL/CA — high-volume importer-style buyer.,https://www.kanebridge.net/landing/3billion
2-importer,United States,US,PrimeSource Building Products (Grip-Rite),"Irving, TX",National importer/distributor of fasteners and building products,P1+P2,yes,9.5,confirmed,grip-rite.com,,,,"20,000+ SKUs through 18,000+ dealer locations; imports and distributes fasteners plus drywall/building accessories at scale.",https://www.grip-rite.com
2-importer,United States,US,Advance Components,"Carrollton, TX",Master stocking distributor of specialty fasteners (since 1972),P1+P2,yes,8.5,confirmed,advancecomponents.com,,,,Master stocking distributor with kitting/bagging value-adds — sources large fastener volumes.,https://www.advancecomponents.com
2-importer,United States,US,Field Fastener,"Machesney Park, IL",Full-service fastener distributor & supply-chain partner,P1+P2,yes,8,confirmed,fieldfastener.com,815-637-9002,,,Data-driven fastener distributor sourcing from 900+ global suppliers; strong VMI volume.,https://www.fieldfastener.com
2-importer,United States,US,Tanner Bolt & Nut (Tanner Fasteners),"Brooklyn, NY",Distributor/wholesaler of fasteners & contractor supplies (5 branches),P1+P2,yes,7.5,confirmed,tannerbolt.com,,,,Established Northeast fastener/anchor distributor with bulk (bucket) offerings for contractors.,https://www.tannerbolt.com
2-importer,United States,US,Bay Supply (Bay Fastening Systems),"Farmingdale, NY",Rivet/fastener distributor & B2B fastening marketplace,P1+P2,yes,7.5,confirmed,baysupply.com,516-294-4100,,,Distributor plus fastening-industry marketplace with RFQ and made-to-order sourcing.,https://baysupply.com
2-importer,United States,US,Marsh Fasteners,"West Palm Beach, FL",Stainless/marine-grade fastener distributor & wholesaler (30+ yrs),P1+P2,yes,7.5,confirmed,marshfasteners.com,800-453-4642,,,Wholesale stainless fastener source with online wholesale quoting — imports stainless fastener volume.,https://www.marshfasteners.com
2-importer,United States,US,Mudge Fasteners,"Corona, CA",Fastener & hardware distributor/wholesaler (family-owned since 1975),P1+P2,yes,7,confirmed,mudgefasteners.com,800-634-0406,,,Stocking fastener distributor for construction/solar/glazing with warehouse inventory.,https://www.mudgefasteners.com
2-importer,United States,US,Copper State Bolt & Nut,"Phoenix, AZ",Bolt/nut/fastener & industrial-supply distributor (multi-branch),P1+P2,yes,7.5,plausible,copperstate.com,,,,Well-known multi-branch Southwest fastener distributor; homepage content truncated on fetch but clearly real.,https://www.copperstate.com
2-importer,United States,US,Intercorp (Strong-Point),"Tampa, FL",Importer/distributor of screws & fasteners,P1+P2,yes,8,plausible,intercorpusa.com,,,,Established importer of self-drilling/drywall screws (Strong-Point); homepage returned thin content so marked plausible pending fuller verification.,https://www.intercorpusa.com
2-importer,Saudi Arabia,SA,Wurth Saudi Arabia LLC,Riyadh,"B2B trade distributor of fasteners and fixings, part of the global Wurth Group; explicit anchor and dowel systems and concrete anchors/fixings range; serves construction companies, metalworkers, electricians, plumbers and industrial MRO across KSA.",P1+P2,yes,9,confirmed,wurthsaudi.com,info@wurth.sa,,,National-scale fixings distributor to the construction and MRO trade with an explicit anchors-and-dowels and fixings program; textbook stocking buyer for imported cavity/toggle lines.,https://wurthsaudi.com/wurth.php
2-importer,Saudi Arabia,SA,Dar Alyousefia Trading Co.,Riyadh,"B2B distributor of decoration and building materials since 2001 with 8 branches across KSA; specializes in drywall systems, galvanized steel profiles, suspended ceilings, gypsum/fiber-cement boards and finishing supplies including screws and fixings.",P1+P2,yes,8,confirmed,yousefia.com,+966 11 48 000 99,,,Multi-branch drywall/interior-systems distributor already selling screws and finishing fixings; a natural drywall-channel buyer of self-drilling winged and toggle cavity anchors.,https://www.yousefia.com/dar-alyousefia-trading
2-importer,Saudi Arabia,SA,Khalid Saad Trading,Dammam,"B2B wholesale distributor of gypsum board, drywall, ceiling and cement-board systems (Mada, United, USG brands) since 2005; branches in Dammam, Riyadh, Al Ahsa and Khamis Mushait with a factory in Al-Khobar; serves government, industry and contracting.",P1+P2,yes,7,plausible,khalidsaad.com,info@khalidsaad.com,,,Established drywall/gypsum building-materials wholesaler across KSA; the drywall trade it supplies is the exact channel that consumes hollow-wall cavity anchors.,https://www.khalidsaad.com/
2-importer,Saudi Arabia,SA,Nassguard Trading,Riyadh,"B2B MRO and industrial-consumables distributor operating in Riyadh, Dammam, Jeddah and Jubail; supplies fasteners plus an anchors and dowels category (wedge, sleeve, drop-in anchors, anchor bolts, threaded rods) alongside tools, chemicals and PPE.",P1+P2,yes,6,plausible,nassguard.sa,hello@nassguard.sa,,,Multi-region fastener and anchor supplier to construction and industrial clients; would stock light cavity/hollow-wall fixings alongside its existing anchor range.,https://nassguard.sa/product-category/consumables-supplier/anchors-dowels/
2-importer,Saudi Arabia,SA,MOJAF Trading,Riyadh,"B2B fasteners distributor (not a manufacturer) serving Riyadh, Dammam and Jeddah; supplies screws, anchors, bolts, nuts, washers, threaded items and installation accessories, explicitly including cavity/drywall fixings and wall anchors for gypsum board.",P1+P2,yes,7,confirmed,mojaf-sa.com,WhatsApp +966 56 840 1900,,,Distributor that already lists cavity/drywall fixings and gypsum-board wall anchors; a direct P1/P2 catalog fit.,https://mojaf-sa.com/blog/fasteners-supplier-saudi-arabia.html
2-importer,Saudi Arabia,SA,Focus Gulf,Jeddah,"B2B fastener/nuts/bolts distributor supplying across KSA (Jeddah, Riyadh, Al-Khobar, Jubail, Yanbu); catalog currently emphasizes structural fasteners (screws, hex nuts, bolts, anchor bolts, rivets, washers) with no dedicated cavity/drywall line shown.",P1+P2,,5,plausible,focusgulf.com,info@focusgulf.com,,,"Real fastener wholesaler in the target industry and could add light cavity/toggle lines, but current catalog is structural-bolt focused with no drywall/cavity products shown; held at plausible.",https://focusgulf.com/categories/fastener-nuts-bolts-supplier-in-saudi-arabia/
2-importer,Saudi Arabia,SA,Masdar Technical Supplies (Al-Muhaidib Technical Supplies / MTS),"Riyadh (HQ), nationwide showrooms","National fastener distributor, member of Al-Muhaidib Holding Group. 20,000+ line items across metal, stainless, plastic fasteners and fixings; 16 showrooms across KSA plus warehouses in Riyadh, Jeddah and Dammam.",P1+P2,yes,5,plausible,https://www.mts.com.sa,,,,Broadest fastener range in the Kingdom and explicitly stocks plastic fasteners and wall fixings - natural fit for cavity anchors and wall plugs. Root domain refused/bot-walled on fetch but company is unambiguously real and named.,https://www.mts.com.sa/
2-importer,Saudi Arabia,SA,Al Madi Trading Company (Almadico),Dammam,"Leading fasteners & fixings distributor established 1982; Kingdom-wide warehouses and automated supply chain serving contractors and end-users. Supplies bolts, nuts, screws, washers, pins and accessories.",P1+P2,yes,5,confirmed,https://almadico.com,+966 13 833 2406 / almadi.trading@almaditrading.com,,,Self-described 'Fasteners & Fixings' distributor with online store and just-in-time bulk supply - direct fit for adding a drywall anchor/wall-plug line. Site live and verified.,https://almadico.com/
2-importer,Saudi Arabia,SA,Al-Abdulhaadii,Kingdom-wide distribution centres,"Distributor and stockist of fasteners, fittings and fixing materials since 1982; warehouses and distribution centres throughout the Kingdom with fully automated supply and delivery chain, including custom-made fasteners.",P1+P2,yes,4,plausible,https://al-abdulhaadii.com,,,,"Explicitly a fasteners/fittings/fixing-materials distributor - squarely on-target for cavity fixings. Site TLS certificate expired at time of check (real company, site maintenance issue), hence plausible.",https://al-abdulhaadii.com/
2-importer,Saudi Arabia,SA,United Hilal Building Materials Co.,"Jeddah (HQ), Riyadh, Dammam","Building materials and hardware distributor with branches in Jeddah, Riyadh and Dammam. Product categories include fasteners, quality hardware and hand tools, conduits and fittings; serves contractors, end-users and trade/retail via van sales.",P1+P2,yes,4,confirmed,https://unitedhilal.com,"+966 5333 77521 / sales@unitedhilal.com; 8484 Al Qandeel St, Al Azizia, Jeddah",,,Multi-branch building-materials distributor carrying a dedicated fasteners category and hardware - fits a drywall anchor/wall-plug SKU. Site live and verified.,https://unitedhilal.com/
2-importer,Saudi Arabia,SA,Al-Khamisain Hardware Trading Co. (Fastener World International Co.),Saudi Arabia,"Comprehensive fastener stockist (stated 40,000+ varieties) since 1981: bolts, nuts, washers, U-bolts, anchor bolts, ASTM studs, foundation bolts, threaded rods and clamps to DIN/ASTM/BSI/ANSI/JIS/ISO.",P1+P2,yes,3,plausible,https://khamisainhardware.com,,,,"Very broad general fastener stockist, so a cavity-anchor line is plausible - but the visible catalogue is structural/heavy (anchor bolts, foundation bolts) rather than light drywall fixings, so fit is weaker. Kept at tier 3 pending confirmation they carry light-duty wall anchors.",https://khamisainhardware.com/
2-importer,Saudi Arabia,SA,Al Bawardi Tools & Hardware (Al Bawardi Group),"Jeddah, Riyadh, Dammam","Established Saudi tools & hardware distributor with branches in Jeddah, Riyadh and Dammam; supplies hand tools, building hardware and fixings to trade and end-users.",P1+P2,yes,3,plausible,https://www.albawardi.com,,,,"Genuinely-real, long-established tools & hardware distributor - a natural stockist for wall plugs and cavity anchors. Site TLS/cert chain not verifiable on fetch (bot-walled), so plausible per the real-named-distributor rule.",http://www.albawardi.com/bth.html
2-importer,Saudi Arabia,SA,SACO (Saudi Company for Hardware),Riyadh,"National home-improvement / builder's-hardware retail chain (32 stores, 20+ cities) with in-house 'SACO House Brands' private-label sourcing/import; Ace Hardware master distributor for KSA.",P1+P2,yes,5,confirmed,https://saco.sa,,,,Site live (saco.sa/en). Dominant KSA hardware chain with a tools/home-improvement/hardware department AND a private-label import arm - a real retail-plus-own-brand channel for both anchor SKUs across 32 stores. Most consumer-facing on the list but qualifies as a chain/importer.,https://saco.sa/en
2-importer,Saudi Arabia,SA,Madar Hardware Co. (Al Fozan Group),Dammam,"Kingdom-wide wholesale distributor/importer of tools & hardware (est. 1993); 32 branches + regional warehouses (Dammam/Riyadh/Jeddah), carries fasteners, nails, door hardware, drill bits, adhesives.",P1+P2,yes,5,plausible,https://madaronline.com,,,,"Homepage 403 bot-walled (www redirects to non-www which blocks bots), but Madar/Al Fozan is a real, well-known nationwide hardware wholesaler already distributing fasteners/nails to thousands of trade customers - ideal volume stockist. Kept plausible per bot-wall rule.",https://alfozan.com/trading/madar-hardware-co
2-importer,Saudi Arabia,SA,Al-Muhaidib Technical Supplies (MTS),Riyadh,"Fastener & fixing-materials distributor/stockist arm of Al-Muhaidib (est. 1943); multiple showrooms in KSA + UAE, regional warehouses. Range includes bolts, screws, anchor accessories, rivets; ARAMCO/SABIC approved.",P1+P2,yes,5,plausible,https://muhaidib.com,,,,"Root muhaidib.com resolves live but to the parent Al-Muhaidib holding group (investment conglomerate); the dedicated MTS microsite was not resolvable in-tool (muhaidibmts.com NXDOMAIN). MTS itself is a genuine, major KSA fixings distributor - kept plausible as a clearly-real named distributor; website set to the verifiable group root.",
2-importer,Saudi Arabia,SA,Brooq Al-Amaan Trading Co. (BAT - Fischer KSA),Dammam,"Authorised exclusive KSA distributor for Fischer (Germany) fixing solutions; sells anchors, chemical anchors, cavity/nylon fixings, MEP supports, firestop. Offices/warehouses Dammam, Riyadh, Jeddah; 200+ customers.",P1+P2,yes,4,confirmed,https://batksa.com,,,,Site live; explicitly a specialist anchors/fixings distributor already selling cavity and nylon fixings - directly adjacent product line and a strong channel for a lower-cost Turkish metal cavity anchor range.,https://batksa.com/about-us/
2-importer,Saudi Arabia,SA,Technimate Trading Company,Al-Jubail,"Hardware & industrial building-materials distributor in the Eastern Province (Al-Jubail); range includes 'Anchors & Wall Fixings: Fisher (PVC, Steel)', bolts/nuts/washers, self-tapping screws, rivets, tools.",P1+P2,yes,4,confirmed,https://technimate.net,sales@technimate.net,,,"Site live and explicitly stocks wall-fixing anchors (Fischer PVC/steel) - a direct competing/complementary line, so a natural buyer of a Turkish metal cavity anchor and toggle bolt.",https://technimate.net/hardware-building-materials
2-importer,Saudi Arabia,SA,Able Middle East Trading Company,Dammam,"Importer, wholesaler and distributor of hardware & building materials in Dammam; range spans hand/power tools, plumbing, electrical, fasteners, adhesives, chemicals, general hardware.",P1+P2,yes,4,plausible,https://ablemiddleeast.com,,,,"Domain resolves but serves a broken/unverifiable TLS certificate so content did not render in-tool (http and https both). Real, named Dammam hardware/building-materials import house that lists fasteners - kept plausible per the won't-render rule.",https://ablemiddleeast.com/
2-importer,Saudi Arabia,SA,Bawaredh Trading Est.,Jeddah,"Jeddah building-materials, tools, hardware, abrasives, safety & construction-materials distributor/wholesaler (since 2000; ops as Stark Industrial & Safety Equipments).",P1+P2,yes,3,plausible,https://www.bawaredh.com,sales@bawaredh.com,,,"Site live; general building-materials/tools wholesaler serving trade customers. Fasteners not prominently itemised on-site, so a plausible rather than confirmed hardware stockist for both anchor SKUs.",https://www.bawaredh.com/about-us/
2-importer,Saudi Arabia,SA,Ellora One (Ellora Group / Boltec),Riyadh,"Riyadh fasteners, fixings, hand-tools and building-materials supplier; part of Ellora Group (Qatar/UAE/India/China). Bolts, nuts, washers, threaded rods, screws, anchor bolts.",P1+P2,yes,3,confirmed,https://www.elloraone.com,info@boltecksa.com,,,Site live (e-commerce); self-described fasteners + fixings + hardware supplier with regional group buying power - plausible importer for a cavity/drywall anchor range.,https://www.elloraone.com/
2-importer,Saudi Arabia,SA,ABCO Hardwares,Riyadh,"Riyadh wholesaler of globally sourced, trade-friendly hardware, adhesives and plumbing supplies.",P1+P2,yes,3,plausible,https://abcosaudi.com,,,,"Site resolves but returned only thin/title-level content in-tool (fasteners not itemised). Real, named Riyadh hardware wholesaler positioned around globally sourced supplies - a plausible fit for adding imported anchors.",https://abcosaudi.com/products/
2-importer,Saudi Arabia,SA,Jawdah Industrial Co. Ltd.,Riyadh,"Riyadh supplier/distributor of gypsum plasterboard, drywall & suspended-ceiling systems, metal ceiling systems, suspension accessories and access panels.",P1,yes,2,confirmed,https://jawdah.sa,info@jawdah.sa,,,"Site live; drywall/plasterboard systems supplier (site positions as distributor/supplier, not manufacturer) that could buy complementary cavity anchors as a fixing accessory. Lower rating for narrower ceiling/board focus.",https://jawdah.sa/product/gypsum-plasterboards/
2-importer,Saudi Arabia,SA,YouMats,Riyadh,"Saudi B2B building-materials online marketplace (with 'Continue As Company' flow and supplier registration); lists fasteners (bolts, screws, nuts, washers, clamps) plus building materials with GCC delivery. Clients incl. NEOM, King Khalid Airport.",P1+P2,,3,confirmed,https://www.youmats.com,info@youmats.com,,,"Site live; B2B building-materials marketplace/aggregator listing fasteners - a route to list cavity anchors to Saudi contractor buyers and onboard a supplier account (channel rather than a single bulk buyer, so bulk=false).",https://www.youmats.com/en/hardware/fasteners
2-importer,Qatar,QA,Eastern Gate LLC,Doha,"Fastener & industrial supplier / distributor with an 18,000 sq ft warehouse, showroom (Zone 56) plus head office and warehouse in Doha. Product categories include Fasteners, Fixings, Abrasives, Stud Welding, Lifting & Rigging.",P2,yes,5,confirmed,https://www.easterngate.online/,info@easterngate.com,,,"Dedicated Qatari fasteners-and-FIXINGS distributor with warehouse stock and B2B trade counter — a natural importer of wall plugs, cavity anchors and toggle fixings.",https://www.easterngate.online/
2-importer,Qatar,QA,Lulu Rayyan Group W.L.L.,Doha,"One of Qatar's larger building/construction materials suppliers (28 years, multiple showrooms), wholesale and retail. Carries fasteners, hand & power tools, electrical, sanitary, tapes & adhesives.",P2,yes,5,confirmed,https://lulurayyan.com/,info@lulurayyan.com,,,Large wholesale building-materials house that explicitly stocks fasteners and tools across multiple showrooms — strong bulk-import fit for drywall anchors.,https://lulurayyan.com/
2-importer,Qatar,QA,Bushtorm,Doha,"Self-described leading fastener supplier in Qatar, B2B and retail e-commerce, carrying bolts, nuts, screws, washers, wall plugs, blind rivets and anchors across 2000+ brands.",P2,yes,4,confirmed,https://bushtorm.com/,shop@bushtorm.com,,,Fastener specialist that already lists wall plugs and anchors in its catalogue — direct product-line overlap with drywall cavity/toggle fixings.,https://bushtorm.com/product-category/fasteners/
2-importer,Qatar,QA,Cabtech Qatar,Doha,"Industrial electro-mechanical & engineering supplies distributor (e-commerce). Product collections include Masonry Plugs & Anchors, Fasteners & Fixings, Nuts & Washers, Screws & Bolts, Clips & Strapping.",P2,yes,4,plausible,https://www.cabtechqatar.com/,,,,"Carries a dedicated Masonry Plugs & Anchors and Fasteners & Fixings range; homepage rendered thin/bot-limited in-tool so held at plausible, but the catalogue fit is direct.",https://www.cabtechqatar.com/
2-importer,Qatar,QA,Civitas Trading Contracting and Services,Doha,"Building-materials trader/distributor (CR# 211600) supplying contractors and developers across Qatar. Inventory explicitly includes nuts, bolts, screws and anchors plus structural steel, plywood, plumbing and tools.",P2,yes,4,confirmed,https://civitasqatar.com/,,,,"Explicitly lists 'nuts, bolts, screws and anchors for all structural applications' in its building-materials trading line — a real fixings buyer.",https://civitasqatar.com/services/building-materials-trading.html
2-importer,Qatar,QA,BICT Qatar (Building Industrial & Contracting Trading),Doha,Doha trader with a dedicated Anchors & Fixing product line among its building/industrial trading categories.,P2,yes,4,plausible,https://bictqatar.com/,,,,"Runs a named 'Anchors & Fixing' category — squarely on-target; site responds but returns an SSL certificate-chain error in-tool, so held at plausible rather than dead.",https://bictqatar.com/trad_anchors-fixing.html
2-importer,Qatar,QA,AL Ittefaq Steel Trading & Technical,Doha,"Doha (Industrial Area Zone 57) fasteners supplier/trader (with some fabrication) stocking self-drilling screws, fix bolts (Rawl bolts), through bolts, foundation L-bolts and nut/bolt/washer sets.",P2,yes,3,plausible,https://www.al-ittefaqsteel.com/,info@al-ittefaqsteel.com,,,"Active fasteners trader already carrying masonry fix/Rawl bolts and screws — adjacent, credible importer of light-duty drywall anchors though drywall-specific SKUs not yet confirmed.",https://www.al-ittefaqsteel.com/tools-hardware/fasteners
2-importer,Qatar,QA,Progressive Trading (Progressive Qatar),Doha,"Trading division (est. 2010) positioned as a one-stop premium building-materials supplier in Qatar, known for fastener brands such as MAG BOLTS.",P2,yes,3,plausible,https://progressiveqatar.com/,,,,"Building-materials trader carrying dedicated bolt/fastener brands (MAG BOLTS); server returned HTTP 500 in-tool so the page could not be rendered, held at plausible on strong corroboration.",https://progressiveqatar.com/building-materials-in-qatar/
2-importer,Qatar,QA,Al Miras Trading & Maintenance,Doha,"Doha (Murra) hardware store and building-materials supplier (est. 2002), wholesale and retail, offering construction supplies, hardware tools, PPR fittings and general building hardware.",P2,yes,3,plausible,https://mirastrading.com/,info@mirastrading.com,,,"Live wholesale+retail building-hardware supplier; a hardware/building-materials counter of this type routinely stocks wall plugs and anchors, though the specific fixings line was not itemised on-site.",https://mirastrading.com/
2-importer,Qatar,QA,Able Group W.L.L.,Doha,"Wholesale and retail distributor (est. 1996) of hardware, tools, safety products, plumbing and building materials in Qatar.",P2,yes,3,plausible,https://ablegroupqatar.com/,,,,"Long-established wholesale hardware/tools distributor — a fitting channel for imported drywall anchors; site is live but bot-walled (HTTP 403) in-tool, so held at plausible.",https://ablegroupqatar.com/
2-importer,Qatar,QA,FK Tools (Qatar) W.L.L,Doha,"Authorized distributor/importer of hand tools, power tools, fasteners and building materials since 1963; carries Fischer (fixings/anchors), Bosch, Makita, Dewalt, Dormer",P1+P2,yes,4.5,confirmed,https://www.fktoolsqatar.com,fkdoha@fk.com.qa,,,Established tools+fixings distributor already carrying Fischer anchors - a natural channel for fastener/fixing SKUs.,https://www.fktoolsqatar.com/
2-importer,Qatar,QA,Al-Andalus International Building Materials Co.,Doha,"Major building-materials stockist/distributor since 1986 (7 Qatar locations): gypsum board, metal profiles, HPL/acrylic/glass sheets, drywall & fit-out materials",P1+P2,yes,4.4,confirmed,https://alandalusintl.com,alandalus@alandalusintl.com,,,Established gypsum-board/drywall stockist - direct fit for drywall accessories and cavity fixings.,https://alandalusintl.com/
2-importer,Qatar,QA,Alif Trading Company W.L.L,Doha,"B2B industrial distributor/importer (25+ yrs): fasteners, anchors & fixings, safety/PPE, welding, cutting/machining tools, HVAC and oil & gas supplies; 404+ SKUs",P1+P2,yes,4.3,confirmed,https://aliftradingqa.com,sales@aliftradingqa.com,,,Industrial distributor with a dedicated fasteners/anchors/fixings line - on-target import channel.,https://aliftradingqa.com/fasteners/
2-importer,Qatar,QA,Drywall Qatar Ltd. (SIG plc member),Doha,"Independent distributor & specialist installer of interior finishing/drywall materials (30 yrs); authorized Knauf distributor, member of SIG plc",P1+P2,yes,4.3,confirmed,https://drywallqatar.com,,,,"Specialist drywall materials distributor (Knauf/SIG) - prime buyer for drywall cavity anchors/accessories. Also installs, but distributes materials.",https://drywallqatar.com/
2-importer,Qatar,QA,Al Feroz International Trading W.L.L,Doha,"Distributor/importer holding sole distributorships for building & construction products: electrical, plumbing, construction chemicals, waterproofing, hand tools, hardware; 2 showrooms + 2 warehouses",P1+P2,yes,4.2,confirmed,https://alferozqatar.com,inquiry@alferozqatar.com,,,Sole-distributorship building-materials/hardware importer - established channel that could add a fixings/fasteners line.,https://alferozqatar.com/products/building-material-hardware/
2-importer,Qatar,QA,Taleb Kasimy Trading,Doha,"Wholesale distributor + retailer of building materials, tools and hardware since 1982 with sourcing agent offices in India and China (importer); bolts, nails, power/hand tools, abrasives",P1+P2,yes,4.1,confirmed,https://talebkasimy.com,+97444444067,,,Long-established importer/wholesaler with China/India sourcing arms - already imports hardware/fasteners at wholesale.,https://talebkasimy.com/
2-importer,Qatar,QA,SJS Enersol,Doha,"Fastener & anchor-bolt supplier/distributor (also in-house production since 1992): bolts, nuts, washers, screws, threaded rods, anchor bolts for construction; ISO 9001",P1+P2,yes,4,confirmed,https://sjsenersol.qa,info@sjsenersol.qa,,,Supplies standard construction fasteners/anchors across the region; distributes as well as makes - viable buyer for complementary fastener SKUs.,https://sjsenersol.qa/product-category/fasteners/
2-importer,Qatar,QA,Doha Project Trading Services W.L.L,Doha,"B2B stockist/distributor of stud bolts and fasteners (hex bolts, nuts, washers, specialty coatings) to ASTM/DIN/JIS since 2000; ISO 9001/14001/45001",P1+P2,yes,4,confirmed,https://www.dohaprojects.com,sales@dohaprojects.com,,,Dedicated fastener stockist (industrial/oil-and-gas leaning) - direct on-target fastener buyer.,https://www.dohaprojects.com/fasteners/
2-importer,Qatar,QA,Spectrum Industries W.L.L,Doha,"B2B supplier/distributor of building & construction materials, hand/power tools, hardware, plumbing/sanitary, safety equipment",P1+P2,yes,4,confirmed,https://www.spectrumgulf.com,info@spectrumgulf.com,,,One-stop construction-materials/hardware distributor - plausible channel for fixings/fasteners.,https://www.spectrumgulf.com/
2-importer,Qatar,QA,Professional Tools Qatar,Doha,"Distributor of professional construction hardware, fasteners, power/hand tools and safety equipment (25+ yrs, 10,000+ products) from international brands",P1+P2,yes,4,confirmed,https://professionaltoolsqatar.com,Sales@protools.com.qa,,,Broad hardware/fastener distributor with deep catalog - fits fastener/fixing supply.,https://professionaltoolsqatar.com/
2-importer,Qatar,QA,ACE Qatar (Al-Futtaim),Doha,"ACE Hardware home-improvement chain in Qatar (Al-Futtaim Group) with a Bulk Inquiries trade channel and private-label 'Ace' hardware line; carries Fischer, M-D",P1+P2,yes,4,confirmed,https://www.aceqatar.com,customerservice@aceqatar.com,,,DIY chain with a private-label hardware brand + bulk/trade inquiries - own-brand fastener/fixing sourcing channel (SACO-style fit).,https://www.aceqatar.com/en-qa/diy-and-tools/hardware/
2-importer,Kuwait,KW,Speedex Technical,"Shuwaikh Industrial, Kuwait","Kuwait-based B2B distributor of bolts, nuts, screws, washers and anchors for construction, MEP and industrial projects; authorized supplier of FORX (Taiwan), EJOT (Germany) and other fixing brands.",P1+P2,yes,5,confirmed,speedextechnical.com,Sales@speedextechnical.com,,,Explicit on-site catalogue of drywall/gypsum/hollow anchors AND toggle bolts — direct P1+P2 fit; established Shuwaikh fastener distributor with brand distributorships.,https://speedextechnical.com/collections/anchors
2-importer,Kuwait,KW,Express Technical (Express Kuwait),Kuwait,"Kuwait-based B2B distributor of fasteners and fixing systems — wall plugs, drop-in/metal-frame/insulation/gypsum anchors, bolts, nuts, screws, rivets, pipe supports and drilling tools.",P1+P2,yes,4.5,confirmed,expresskuwait.com,+965-66595435,,,Dedicated fixing-systems house with an anchor-bolt collection incl. gypsum/cavity anchors — strong P1 fit and a natural channel to add spring toggles.,https://www.expresskuwait.com/collections/anchor-bolts
2-importer,Kuwait,KW,Gemini Building Materials (Gemini General Trading Kuwait),"Shuwaikh Industrial Area 2 & 3, Kuwait","Kuwait arm (since 2021) of GCC building-materials distributor/stockist (UAE est. 1995); stocks drywall/gypsum boards, metal partition & ceiling profiles, drywall screws and accessories, cement boards, insulation and finishing systems.",P1+P2,yes,4,plausible,geminikuwait.com,infokw@geminiae.ae,,,Bulk building-materials distributor serving fit-out contractors with the full drywall system; strong wholesale channel for cavity anchors and toggle bolts even though anchors are not itemized online.,https://geminikuwait.com/
2-importer,Kuwait,KW,Bin Shehab International General Trading & Contracting Co W.L.L (BSICO),"Sharq, Kuwait City","Kuwait-based general trading, industrial-supplies and contracting company with a broadline fastener catalogue (bolts, nuts, washers, screws, threaded rod, concrete anchors and specialty fasteners).",P1+P2,yes,3,plausible,binshehab.com.kw,info@binshehab.com.kw,,,"Real Kuwait broadline importer/trader of fasteners incl. anchors; buys across categories so P1 is a credible fit, though no drywall-cavity SKU shown online.",https://www.binshehab.com.kw/fasteners
2-importer,Kuwait,KW,Bolt Master,"Shuwaikh, Kuwait","Kuwait-based fastener distributor (Shuwaikh) supplying oil & gas, construction and marine sectors; KNPC/KOC/MEW-approved vendor for hex/stud/U/anchor bolts, high-tensile bolts, nuts, screws, washers and pipe clamps.",P1+P2,yes,2.5,plausible,boltmasterkuwait.com,00965-24919551,,,"Genuine Kuwait fastener distributor that already carries anchor bolts; drywall cavity anchors are off its current oil-and-gas focus, so kept as a lower-tier plausible lead only.",https://www.boltmasterkuwait.com/
2-importer,Kuwait,KW,Kuwait Reliance International,"Ahmadi Industrial Area, Kuwait","Kuwait-based supplier/distributor (since 2008) of hardware, fasteners, hand & power tools, industrial safety, adhesives, construction and HVAC materials to construction companies and builders; KNPC/KOC approved vendor carrying Stanley, Loctite and other brands.",P1+P2,yes,83,confirmed,https://www.kuwaitreliance.com,info@kuwaitreliance.com; +965 23982979,,,Distributor explicitly selling hardware and fasteners B2B to Kuwaiti builders; on-target builder's-hardware channel.,https://www.kuwaitreliance.com/
2-importer,Kuwait,KW,Jamali United,"Shuwaikh Industrial, Kuwait","Kuwait B2B wholesale-only online distributor of construction and hardware tools ('No Retail Orders Accepted'); largest online wholesale for construction & hardware tools in Kuwait, pickup in Shuwaikh Industrial.",P1+P2,yes,82,confirmed,https://jamaliunited.com,online@jamaliunited.com; +965 2208-5253,,,Explicitly B2B/wholesale-only for construction hardware; clean on-target reseller channel.,https://jamaliunited.com/
2-importer,Kuwait,KW,Al Wadaani General Trading,"Ahmadi, Kuwait","Kuwait-based (est. 2006) authorized distributor/supplier of industrial and construction supplies: power & hand tools, safety/PPE, welding accessories, pipes/fittings/flanges/valves, adhesives and sealants; KOC registered vendor serving Kuwait, GCC and Iraq.",P1+P2,yes,74,confirmed,https://alwadaani.com,sales@alwadaani.com; purchase@alwadaani.com,,,On-target industrial/construction-supplies distributor with project supply; tools-heavy so tier 2.,https://alwadaani.com/
2-importer,Kuwait,KW,Burgan Gulf,Kuwait,"Kuwait construction-tools distributor (20+ years) and exclusive agent for Harden Tools; also distributes Fabory fasteners, Stanley, CRC, Loctite, WD-40 to construction projects. B2B plus e-commerce/retail.",P1+P2,yes,72,confirmed,https://burgangulfkw.com,sales@burgangulfkw.com; +965 2491 2751,,,Distributes a real fastener brand (Fabory) plus construction tools; mixed B2B/retail so tier 2.,https://burgangulfkw.com/
2-importer,Kuwait,KW,AGF Gypsum & Manufacturing & Trading Company,"Old Khaitan, Kuwait","Kuwait gypsum producer (est. 2002) that also trades and wholesales all types of gypsum-related building materials and the equipment/hardware used with them, supplying wholesale to companies and factories across the GCC and India.",P1+P2,yes,70,confirmed,https://agfgypsum.com.kw,+965 2 474 3788,,,"Hybrid manufacturer-trader that wholesales building materials incl. drywall/gypsum accessories; on-target but not a pure distributor, tier 2.",https://agfgypsum.com.kw/
2-importer,Kuwait,KW,Zainco (Zain Industrial),Kuwait,"Named Kuwait supplier of fasteners and industrial products with a wide fastening-product range, reportedly exporting to Oman, Qatar and Bahrain. Website is bot-walled (HTTP 403) so scope could not be fully re-confirmed.",P1+P2,yes,66,plausible,https://zainco.net,,,,Clearly-real named Kuwaiti fastener supplier but site returned 403 on fetch; kept as plausible pending live confirmation.,https://zainco.net/
2-importer,Kuwait,KW,Art Craftmen Co.,"Shuwaikh Industrial, Kuwait","Long-established Kuwait builder's-hardware and tools merchant (since 1980s, two Shuwaikh branches) with retail and wholesale supply of power/hand/carpentry/welding tools and hardware; carries Makita, Bosch, King Tony.",P1+P2,,61,confirmed,https://artcraftmen.com,+965 24813493,,,Established builder's-hardware merchant/chain with wholesale capability; retail-leaning so tier 3.,https://artcraftmen.com/
