Category,Company,City,Phone,Website,Decora fit
Home-decor retailer,Intexture Design Interiors and Maintenance LLC SPC,"Office Number 24, 10th Floor,  Dar Al Salam, Near Al Madina Market, Liwa Street",+971566737358,,all families
Home-decor retailer,Matter Mind Decor and General Maintenance LLC,"Office 411, Al Fahim Building Musaffah, M4",+971542365212,,all families
Home-decor retailer,Art Smiley Art Gallery LLC (BIZ),Al Quoz Industrial Area 2,+97143236729,,all families
Home-decor retailer,Fabric Lab Interiors LLC,"Shop 1, C216, ME 11, Shabiya",+971528338571,,all families
Home-decor retailer,Deluxus Interiors,"9th Floor, Falcon Tower, Qaser Al Hoson, Hamdan Bin Mohammed Street",+97126333400,,all families
Home-decor retailer,Home Decor,"Office no. 1034, Northern Sector, Jurf Industrial 2",+971502947474,,all families
Home-decor retailer,Home Hub LLC,"Office No.103, White Swan Building, Trade Center First, Sheikh Zayed Road",+971506967858,,all families
Home-decor retailer,Jewel Of Desert FZ LLC,"Compass Building, Shohada Road, RAKEZ Free Zone",+971551850998,,all families
Home-decor retailer,Maestro Decor and General Maintenance SP LLC,"Office 201, Building 69, Defense Street, Al Nahyan",+971506102244,,all families
Home-decor retailer,Marhaba Promotional Gifts Preparing LLC,Al Quoz Industrial Area 4,+971559870164,,all families
Home-decor retailer,Mishka General Trade FZ LLC,"Compass building, Al Hamra Industrial Zone",+971564319505,,all families
Home-decor retailer,Naikjee,,+971542170191,,all families
Home-decor retailer / Tableware / serveware,Narrah Living,"Saeed Tower 1, Trade Centre 1, Sheikh Zayed Rd",+971585325844,,all families / serveware/tableware
Home-decor retailer,Oculus General Trading LLC,Al Qusais 2,+97142392284,,all families
Home-decor retailer,Pendulum Decor LLC,"Warehouse 3, Damascus Street, Al Qusais Industrial Area 2",+971505253362,,all families
Home-decor retailer,Tureeq Alejtihad Technical Services,"Naif, Deira",+971545479494,,all families
Home-decor retailer,Zaharat Al Mezeher General Trading LLC,"Naif Road, Deira",+971505393038,,all families
Home-decor retailer,Zennova Carpet,"First Al Khail Street, Al Quoz Industrial Area 3",+97143512770,,all families
Home-decor retailer,Winteriors Decor LLC,"1706, Concord Tower, Media City",+97143990226,,all families
Home-decor retailer,Al Ikhaa Contracting LLC,"Office 304, Garhoud Star",,,all families
Home-decor retailer,Right Concepts Advertising LLC,"Right Building, Street No. 26, Al Quoz 4",+97143212334,,all families
Home-decor retailer,Royal Great Land General Contracting LLC,"Office 48, 19th Floor, Al Ghaith Tower, Hamdan St",+971509856094,,all families
Home-decor retailer,Platinum Interiors LLC,"Near Lucky R/A, Indl Area 1",+97167481449,,all families
Home-decor retailer,Al Katheeb Interior Design LLC,"Warehouse No.01, Al Qusais Industrial Area 5",+97145843625,,all families
Home-decor retailer,4 Dimension Technical Works LLC,Al Quoz 2,+97143525295,,all families
Home-decor retailer,4 Style Interiors,"Behind Gemaco, Airport Rd",+97126215559,,all families
Home-decor retailer,5 Elements Interiors LLC,"Al Khabisi Rd, Deira",,,all families
Home-decor retailer,7 Routes Decoration Design and Fit Out,,+971553673376,,all families
Home-decor retailer,A & J Decor LLC,"202, Al Huda Bldg, Al Garhoud",+97142820094,,all families
Home-decor retailer,A & T Interiors LLC,"Office 804, ATI World Tower",+97143964121,,all families
Home-decor retailer,A B D Interiors LLC,"Lutha Warehouse No-12, Entrance-1, Jebel Ali Industrial Area 1",+97143477587,,all families
Home-decor retailer,A B M Designs LLC,Dubai,+97143933342,,all families
Home-decor retailer,A R Deco Decor And Furniture,"Near Sajna Steel, Industrial Area",+97165311139,,all families
Home-decor retailer,A Touch of Class Design and Decor,"Bhnd Adnoc, Opp Etisalat, Salam St",+97126771162,,all families
Home-decor retailer,A3 Design LLC,,+97143386861,,all families
Home-decor retailer,Aati Contracts,Garhoud Atrium,+97143331700,,all families
Home-decor retailer,Abu Hussain Cont Company LLC,"Plot 12, M 36, Mussafah",+97125511599,,all families
Home-decor retailer,Abu Irfan Manual Carpentry Shop,Musaffah,+971507717865,,all families
Home-decor retailer,Abu Sajjad Decor,"Office 8, Mohd Saeed Bldg, Bhnd Police HQ, Airport Rd",+97124433719,,all families
Home-decor retailer,ACT Decor LLC,"502, Corniche Plaza Bldg 1, Buheirah Corniche Rd",,,all families
Home-decor retailer,Acumen Decor,Al Quoz Industrial Area 4,+97143474402,,all families
Home-decor retailer,Adams Contracting Co LLC,Shk Zayed Rd,+97142613372,,all families
Home-decor retailer,Adams Interior Decorations LLC,Shk Zayed Rd,+97143212868,,all families
Home-decor retailer,Adonis Contracting  LLC,Dubai,+97143478008,,all families
Home-decor retailer,AEON 5 Interiors LLC,Sh Zayed Rd,+97144477425,,all families
Home-decor retailer,Aesthetic Interiors,Al Quoz Indl Area 3,+97143232720,,all families
Home-decor retailer / Gift / corporate-gift,Afkar Advertising and Publishing LLC,"105, Block B, Hamdan Centre, Hamdan St",+97126216061,,all families / decor objects + clocks + gifting
Home-decor retailer,Afron Building Contracting Co LLC,"Near Twin Tower, Al Qusais",+97142636244,,all families
Home-decor retailer,AIC Design LLC,"Warehouse 6-9, Bldg 12, Phase 1, DIP",+97148856892,,all families
Home-decor retailer,AKAL Technical Services LLC (Div of Akal Group of Companies),"302, Office Court Bldg, Near Oud Metha Metro Station",+97143577322,,all families
Home-decor retailer,Akhtar Decorator Establishment,"Near NMC & Madinat Zayed, Bhnd HSBC, Aiport Rd",+97126313026,,all families
Home-decor retailer,Al Abbas Interior Environments,"Damascus Street, Al Qusais",+97142957143,,all families
Home-decor retailer,Al Agha Technical Services LLC,Al Qusais 2,+97142675229,,all families
Home-decor retailer,Al Amer Interior Design,"Office 108, Prestige Tower, Sheikh Ammar Bin Humaid St",+97165277734,,all families
Home-decor retailer,Al Aqaba Star Furniture Manufacturing LLC,"Behind Al Quoz Mall, Near Brilliant Car, Al Quoz 3",+97143479078,,all families
Home-decor retailer,Al Arabi Aluminium and Rolling Shutters Mfg,"Near National Paints R/A, Indl Area 11",+97165347744,,all families
Home-decor retailer,Al Araka Gp,"Sarah Bldg, Al Garhoud",+97142822296,,all families
Home-decor retailer,Al Arif Decor,,+97143475730,,all families
Home-decor retailer,Al Aryan Furniture Industrial Factory LLC,Indl Area 4,+97165322788,,all families
Home-decor retailer,Al Arz Decoration Works,Al Quoz Industrial Area 4,,,all families
Home-decor retailer,Al Asas Decoration Works LLC,"Shop # 7, Lehbab Street, Near Lehbab Police Station, Lehbab",+971553236986,,all families
Home-decor retailer,Al Askuna Decor,"Behind Sedar Co, Next to Gulf Ice Factory, Industrial Area 2",+97165337710,,all families
Home-decor retailer,Al Baraa Interior,"Industrial Area 10, Behind China Town",+97165345671,,all families
Home-decor retailer,Al Basrawi Decoration and Aluminium Company WLL,"Mohd Abdullah Al Naimi Bldg, Opp ADNOC, Mina Rd",+97126779451,,all families
Home-decor retailer,Al Batal Al Saed Interior Decoration LLC,"101, Shakhboot, Damascuc Road 4, Al Qusais Industrial Area 2",+97145873287,,all families
Home-decor retailer,Al Daffa Carpentry LLC,Dubai,+97143536834,,all families
Home-decor retailer,Al Fahim Interiors,Near Jumeirah Beach,+97143213323,,all families
Home-decor retailer,Al Faner Decoration,,+97167427432,,all families
Home-decor retailer,Al Fardan Decor LLC,Deira,+97142224960,,all families
Home-decor retailer,Al Faris Carpentry,"Near Zulekha Hospital, Al Qusais Indl Area 1",+97142698722,,all families
Home-decor retailer,Al Fikree Leisure and Decor,Dubai,+97142678142,,all families
Home-decor retailer,Al Fnon Alasrya Decor Works,"Near Tasjeel, Al Ghusais Indl Area 5",+97142582755,,all families
Home-decor retailer,Al Ghani Interior Decoration LLC,"Near Emirates Gas, Al Qusais Indl Area 1",+97142673474,,all families
Home-decor retailer,Al Habtoor Interiors LLC,Al Quoz Indl Area 3,+97143474015,,all families
Home-decor retailer,Al Hadif Interior Decoration Works,Ajman,+971527857521,,all families
Home-decor retailer,Al Jassim Aluminium & Carpentry LLC,"Block L, Plot 1A, Al Hail Indl Area",+97192239148,,all families
Home-decor retailer,Al Karama Centre,"Al Manzoori Bldg, Near Sind Punjab Rest, Karama",+97143375892,,all families
Home-decor retailer,Al Katheeb Auto Spare Parts Trading LLC,Deira,+97142590207,,all families
Home-decor retailer,Al Kawther Decor Contg,Al Soor,+971555050184,,all families
Home-decor retailer,Al Khaima Decor Establishment,,,,all families
Home-decor retailer,Al Khamri Technical Works LLC,"Warehouse 3, Khawaneej, Tatty",+97142858494,,all families
Home-decor retailer,Al Khoory Interior Decorators LLC,"Office 8, 24A Street, Umm Ramool",+97142857392,,all families
Home-decor retailer,Al Madah Building Contg Establishment,"Near Gold Souk, Park Rd",+97192243488,,all families
Home-decor retailer,Al Majd Decoration House,,+97137218737,,all families
Home-decor retailer,Al Mandaloon Decor LLC,"Plot 99, Mussafah M 38",+97125515606,,all families
Home-decor retailer,Al Manzel Decor LLC,"Office 111B, Al Shaali Building, Damascus St, Al Qusais",+97143414061,,all families
Home-decor retailer,Al Manzool,"Next to Saba Hotel, Tourist Club Area",+97126445170,,all families
Home-decor retailer,Al Maraghi Building Material Trading,Al Senaiyat,+971552171334,,all families
Home-decor retailer,Al Marzab Interior Decorative,"Plot 48, M-5, Mussafah Indl Area",+97125559775,,all families
Home-decor retailer,Al Masah Al Fadhiah Interior Design Contractors LLC,"Behind Adnoc, Indl Area 11",+97165351611,,all families
Home-decor retailer,Al Masood Carpentry Services LLC,"Bhnd Home Centre Logistics, Al Quoz 2",+971506506893,,all families
Home-decor retailer,Al Mawada Life Style & Interior Design,Al Quoz 1,+97143321335,,all families
Home-decor retailer,Al Mehrab Tech Svces LLC,"Near Mall of Emirates, Al Quoz",+97143408874,,all families
Home-decor retailer,Al Misbah Decoration Co LLC,"101, Al Nahda St, Al Qusais",+97143623801,,all families
Home-decor retailer,Al Mohanad Interior Design LLC,Ajman,+97165557111,,all families
Home-decor retailer,Al Muqtadir General Maint LLC,"2, Al Madani building, Al Nakheel, Deira",+97142297050,,all families
Home-decor retailer,Al Nabooda Interiors LLC,"2nd Interchange, Al Quoz",+97143407778,,all families
Home-decor retailer,Al Naboodah Design Spaces,Al Awir 800,+97142019346,,all families
Home-decor retailer,Al Najah Al Mumayaz Tech Cont LLC,"Industrial Area 4, Al Wahda",+97125512522,,all families
Home-decor retailer,Al Namariq Building Materials Trading Company LLC,Industrial Area 2,,,all families
Home-decor retailer,Al Nazaha Interiors LLC,"Near China Mall, Al Jurf 2",+971521429966,,all families
Home-decor retailer,Al Onqood Carpentry LLC,"W/House 4, Bhnd Modern Bakery, Near Audi Service Centre, Al Quoz 3",+97143472337,,all families
Home-decor retailer,Al Othmaniya Interior Decorators,New Indl Area,+97167484707,,all families
Home-decor retailer,Al Raad Decoration,,+97125506351,,all families
Home-decor retailer,Al Remaihi Interior Decoration Works LLC,"Office 202, Al Fahad Building, Amman Street, Al Qusais Industrial Area 3",+97142344040,,all families
Home-decor retailer,Al Saffar Interior Decoration LLC,"Benjamin Moore Building, Al Quoz 3",+97143233947,,all families
Home-decor retailer,Al Safi Furniture Manufacturing LLC,"W/H 20, Bhnd Gold & Diamond Park, Al Quoz Indl Area 3",+97143400253,,all families
Home-decor retailer,Al Sahary for Gypsum & Decor,New Industrial Area,+97167481482,,all families
Home-decor retailer,Al Sakher Contracting Company LLC,Al Quoz Indl Area 4,+97143413439,,all families
Home-decor retailer,Al Salik Interiors,,+97142844530,,all families
Home-decor retailer,Al Samah Arabian Majlis Establishment,"Near Al Badri Bakery Bldg, Darat Ul Miah, Khalidiya",+97126392025,,all families
Home-decor retailer,Al Shabibah Interiors and Building Maint,"Shed 39, New Indl Area",+971505858683,,all families
Home-decor retailer,Al Shafar Interiors Co LLC,Dubai,+97148853273,,all families
Home-decor retailer,Al Shahama Decoration Establishment,"M 37, Mussafah Indl Area",+97125513448,,all families
Home-decor retailer,Al Sinarah Decor Cont LLC,Abu Dhabi,+97165424081,,all families
Home-decor retailer,Al Tafahom Cont LLC,"Opp Al Khor Rest, Ras Al Khor",+97143337323,,all families
Home-decor retailer,Al Tahani Decor,Industrial Area 5,+97165423316,,all families
Home-decor retailer,Al Tasmeem Al Asri Decor,,+97165359331,,all families
Home-decor retailer,Al Tayer Stocks LLC,"210, Garhoud Atrium Bldg, Al Garhoud",,,all families
Home-decor retailer,Al Tomouh for Decoration Works,Al Muroor,+97124490654,,all families
Home-decor retailer,Al Wafa Wooden Doors and Furniture Factory,Al Ghusais Indl Area 1,+97142670805,,all families
Home-decor retailer,Al Wahda Carpentry,"Near Sedana Co, BMW Rd, Indl Area 1",+97165334418,,all families
Home-decor retailer,Al Youssef Kamel Decor LLC,"403, Al Majaz Pearl Tower Bldg, Al Majaz Northern Park St, Al Majaz 2",+97165449443,,all families
Home-decor retailer,Al Zahi Decor LLC,"W/H 9-10, Next to Emirates Gas, Al Quoz Indl Area 1",+97143381000,,all families
Home-decor retailer,Al Zubair Furnishing and Interior Decoration LLC,Business Bay,+97142824126,,all families
Home-decor retailer,Al Zubair General Trading Establishment (Furnishing Div),"Jalfa Bldg, Near Aviation Club, Al Garhoud",+97142824126,,all families
Home-decor retailer,Alamis Decor Contracting Establishment,"209, Al Faisal Building - 2, King Faisal St",+97165750062,,all families
Home-decor retailer,Aldua Advertising,"Warehouse No. E36, Opp Jotun Paints, Al Quoz Industrial Area 2",+97142556123,,all families
Home-decor retailer,Alfa Interiors and Furniture Industries FZC,Umm Al Quawain,+97167653755,,all families
Home-decor retailer,Ali and Sons Contracting (Interiors Div),"7 Flr, Ali & Sons Bldg, Electra St",+97126717714,,all families
Home-decor retailer,Ali Badi Interiors,"Next to Emirates Glass, 4th I/Change, Al Quoz",+97143475291,,all families
Home-decor retailer,Alia Wood Pressing LLC,New Indl Area,+97167431442,,all families
Home-decor retailer,Alliance Royal Tec,Al Quoz,+97143215822,,all families
Home-decor retailer,Allied Power Technical Services LLC,"Office 612, CEO Building, DIP",+97148860440,,all families
Home-decor retailer,Alloy Steel Trading LLC,"Umm Ramool, Rashidiya",+97142851404,,all families
Home-decor retailer,Almax Design,,+97143357789,,all families
Home-decor retailer,Alpha Decoration,"30th Floor, Burlington Tower, Al Abraj St., Business Bay",+97144036699,,all families
Home-decor retailer,Alpha Home Interior Decoration LLC,Al Quoz,+97143406022,,all families
Home-decor retailer,Altallah International FZC,"H2-006, SAIF Zone",,,all families
Home-decor retailer,Amazing Execution Interior Design Works,"Plot 039, Building 319A, Jurf Industrial Area 1",+971505265357,,all families
Home-decor retailer,Ambar Garden Furniture LLC,Al Qouz Indl Area,+97143232405,,all families
Home-decor retailer,Ambiante Interiors LLC,"Warehouse # 4, Street # 10b, Building 11, Al Quoz Industrial Area 3- 368",+971555584400,,all families
Home-decor retailer,Ambigram Interiors,Al Quoz 4,+97143419317,,all families
Home-decor retailer,Amzan Middle East LLC,"Street # 20, Al Quoz Industrial Area 1",+97143400061,,all families
Home-decor retailer,Amzan Neon LLC,"Near Al Tayer Body Shop, Al Quoz 1",+97143400061,,all families
Home-decor retailer,Apple Interior Design,,+97167438038,,all families
Home-decor retailer,Arabian Alliance Inc,"W/House No WD1, Near R/A 8, Jebel Ali Free Zone",+97148832326,,all families
Home-decor retailer,Arabian Carpentry Workshop,"Near Women's College, Al Qusais Indl Area 1",+97142673341,,all families
Home-decor retailer,Arabian Designs,Al Qusais,+97142583335,,all families
Home-decor retailer,Arabian Treasures Moroccan Decor,"304, NBAD Bldg, Salam St",+97126451777,,all families
Home-decor retailer,Aram Interior and Landscape Design,"Behind Emirates Printing Press, Al Quoz Indl Area 2",+97143235955,,all families
Home-decor retailer,Arc Vision Interiors LLC,"M 17, Business Venue, Oud Mehta",+97143799563,,all families
Home-decor retailer,Arcade Decor,"1st Floor, ADCB Bldg, Khalidiya",+97126664632,,all families
Home-decor retailer,Arcadia Engineering Ent,"Near Lufthansa Bldg, Sh Zayed Rd",+97143435166,,all families
Home-decor retailer,Arcan Interiors,"Opp All Prints, Al Nasr Street",+97124468800,,all families
Home-decor retailer,Arcane Interior Decoration,"Bhnd Dar Al Shifa Hospital, Defence Rd",+97126417715,,all families
Home-decor retailer,Arcave Architecture And Interior Design LLC,Al Bateen Street,+971503532545,,all families
Home-decor retailer,Arch Way LLC,Dubai,+97142677696,,all families
Home-decor retailer,Archiade Group,,,,all families
Home-decor retailer,Architouch Interiors LLC,"Industrial Area, Al Qusais",+97145539566,,all families
Home-decor retailer,Ardent Decoration Work LLC,"Office Number 1903, ADCP Tower, Electra Street",+97126660115,,all families
Home-decor retailer,Area Decor LLC,"M 05, Carrera Bldg, Zabeel Rd, Karama",+97143352881,,all families
Home-decor retailer,Argyle Technical Services,"S6, Al Quoz Industrial Area 4",+97142585277,,all families
Home-decor retailer,Ariel Designs,,+97143417713,,all families
Home-decor retailer,Aries International Interiors LLC,"112, Al Qyaida Bldg, Ittihad Rd, Deira",+97142997491,,all families
Home-decor retailer,Aristo Castle Interior Design LLC,"M 09, The Curve Bldg, Shk Zayed Rd",+97143219007,,all families
Home-decor retailer,Arka Interior Design LLC,,+97126503939,,all families
Home-decor retailer,Armar Infra Interior Decoration LLC,"Office M04, Clean Line Building, Deira",+97142215134,,all families
Home-decor retailer,Art Address Decor,,+97143244557,,all families
Home-decor retailer,Art and Oriental Creativity,"M 9, Mussafah Indl Area",+97125559593,,all families
Home-decor retailer,Art Design Decor,"Near Tasjeel, Al Qusais Indl Area 5",+97142676624,,all families
Home-decor retailer,Art Designing & Decor Works LLC,,+97142940163,,all families
Home-decor retailer,Art Home Decor LLC,"Office No 308, Al Garhoud Community Building, Garhoud",+97142720444,,all families
Home-decor retailer,Art Line Building Material and Decor,"312, Sarah Bldg, Al Garhoud",+97142830206,,all families
Home-decor retailer,Art Venue Interior Design LLC,"Office 9, Lootah Head Office Building, Marrakesh Street, Umm Ramool",+97142827996,,all families
Home-decor retailer,Art Vision Decor LLC,"M-8, Pearl Bldg, Near Galadari R/A, Deira",+97142972977,,all families
Home-decor retailer,Artec Interiors LLC,"Abu Hail MS, Deira",+97142664978,,all families
Home-decor retailer,Artesia Interiors LLC,Khalidiya,+97126811179,,all families
Home-decor retailer,Artisans Decor LLC,Al Ghusais Industrial Area 3,,,all families
Home-decor retailer,Artista One Decorative Paint,"Shop No O S 32, Building Material Mall, Warsan 3",+97142507447,,all families
Home-decor retailer,Arts Island Contg Gen Maint & Decor LLC,"Al Dafra Clinic Bldg, Bhnd Liwa Center, Hamdan St",+97126394336,,all families
Home-decor retailer,Asdev Interior Decor LLC,Al Jurf Industrial Area 1,+97168824041,,all families
Home-decor retailer,Asif Decore Establishment,"Carpentry Rd, Indl Area",+97137212081,,all families
Home-decor retailer,Astrid Oasis Manufacturing LLC,Dubai,+97143575749,,all families
Home-decor retailer,Aswar Al Manar Group,Defence Rd,+97126410102,,all families
Home-decor retailer,Atelier Innovation Interior Decoration LLC,"Office 1006, 10th Floor, Belrashid bldg,  Bldg B, Damascus street, Ghusais",+97142250123,,all families
Home-decor retailer,Atiq Juma Bu Showaf Technical Services LLC,,+97143806991,,all families
Home-decor retailer,Atlantis Maintenance And Interiors,"Shop No.1, Al Zarouni Business Center, Opposite Wellington College, Al Barsha 1",+97143405648,,all families
Home-decor retailer,Atrium Design and Decoration,"Off 02, Al Kamala Tower(Near Al Dana Plaza), Khalidiya",+97126814422,,all families
Home-decor retailer,Audiviz Technologies,,+97144542040,,all families
Home-decor retailer,Aujan Interiors Decoration LLC,"Warehouse No 1, Al Qusais Industrial Area 3",+971501542640,,all families
Home-decor retailer,Authentic Turnkey Projects Supplies LLC,Dubai,+97143208018,,all families
Home-decor retailer,Avance Engineering,"202-2, Zabeel Business Park, Bhnd KPO, Karama",+97143705537,,all families
Home-decor retailer,AVEA Contracting LLC,Jebal Ali Comercial Complex,+97142408466,,all families
Home-decor retailer,Avenue Design,"Old Nissan S/R, Al Nazar St",+97126740402,,all families
Home-decor retailer,Avtar Interiors,,+97143250300,,all families
Home-decor retailer,Awalle,Al Nahda,+97144470056,,all families
Home-decor retailer,Awasco Group,Al Garhoud,+97142945779,,all families
Home-decor retailer,Babel Engineering Consultants,"304, 21st Century Bldg, Deira",,,all families
Home-decor retailer,Bafco Interiors,"Al Manra Bldg, Al Quoz",+97142658702,,all families
Home-decor retailer,Balsa Decor Contracting LLC,Sharjah,+97165398857,,all families
Home-decor retailer,Base Plate LLC,"Near BY Hyper Bonanza Supermarket, Near Jogaram General Trading LLC, Al Quoz",+97143387424,,all families
Home-decor retailer,Baseline Contracting LLC,"The Curve Building, Sh Zayed Rd",+97143307910,,all families
Home-decor retailer,Bedazzle Interior Decoration LLC,"101, Al Safa Hermitage Building, Near Central Post Office, Karama",+97143880340,,all families
Home-decor retailer,Belhasa Interiors,"206, Al Barsha Boutique Building",+97145575508,,all families
Home-decor retailer,Bella Interiors LLC,,+97144508842,,all families
Home-decor retailer / Gift / corporate-gift,Bellagio Creations LLC,"Shop No.2, Saleh Bin Lahej Building, Opp Lamcy Plaza Oud Metha",+97143372344,,all families / decor objects + clocks + gifting
Home-decor retailer,Bello Interior Decor,"Office 1602, Binary Tower by Omniyat, Business Bay",+97145139894,,all families
Home-decor retailer,Bertolini Furniture LLC,Al Quoz Industrial Area 2,+97143394315,,all families
Home-decor retailer,Best Way International Trading,,+971521205214,,all families
Home-decor retailer,BHL Interior Design,"Park lane Tower, Business Bay",+971507048869,,all families
Home-decor retailer,Big Boys,Al Quoz 4th Interchange,+97143413445,,all families
Home-decor retailer,Bikram Interior Decoration LLC,"901, Sahil 1, Al Nadha 1",+97142965355,,all families
Home-decor retailer,Bin Hussain Curtains and Decor,"Opp Habib Bank AG Zurich, Al Falah St",+97126339853,,all families
Home-decor retailer,Bin Saeed Interior LLC,Al Qusais Indl Area 1,+97142671706,,all families
Home-decor retailer,Bin Sanqoor General Maint,Al Quoz,+97143479670,,all families
Home-decor retailer,Blooms Flowers and Gifts Trading,"Villa 47, Near Spinneys, Opp Al Wasl Rd, Jumeirah 3",+97143946094,,all families
Home-decor retailer,Blue Camel Design,"311, Oud Metha Bldg, Oud Metha Rd",+97143248008,,all families
Home-decor retailer,Blue Chip Interiors LLC,Sharjah,,,all families
Home-decor retailer,Blue Star Curtains and Decor Establishment,"G Flr, Mohd Sultan Al Khaily Bldg, Old Passport Rd",+97126423390,,all families
Home-decor retailer,Bold Borne Carpentry,,+971522435438,,all families
Home-decor retailer,Bond Interior Designing,"Claridge Hotel Bldg, Fish R/A, Deira",+97142711727,,all families
Home-decor retailer,Brilliant Star Technical Services LLC,"Near Times Square, Shk Zayed Rd",+97143232134,,all families
Home-decor retailer,Broad Mind Interiors LLC,"Yellow Warehouse, 6-B Street, Opp - Carnab, Al Quoz Industrial Area 3",+971526010690,,all families
Home-decor retailer,Broadway Interiors,"1512, Grosvenor Business Tower, Barsha Heights, TECOM",+97143366840,,all families
Home-decor retailer,Brothers Carpentry,Al Qusais Indl Area 1,+97142671706,,all families
Home-decor retailer,Bruno Furnishings LLC,"DHL Bldg, Airport Rd",+97126333657,,all families
Home-decor retailer,Builders Worldwide Building Contracting LLC,"18A, Al Quoz 3",+97142696160,,all families
Home-decor retailer,BURODSIN,"2207, HDS Tower, JLT",+97144534118,,all families
Home-decor retailer,BW Interiors,Al Quoz Indl Area,+97143392911,,all families
Home-decor retailer,C D Intl Decor Co,Khalifa St,+97126269860,,all families
Home-decor retailer,C K Architecture Interiors LLC,"Office 201, Deyaar Building, Next to Mall of the Emirates, Al Barsha",+97143995153,,all families
Home-decor retailer,C R C International Technical Services LLC,,+97143232372,,all families
Home-decor retailer,Cairo Building Maintenance And Decoration Company LLC,Al Quoz 1,+97143392088,,all families
Home-decor retailer,Camouflage Interior Design LLC,"Near Khaleej Times Office, Al Quoz Indl Area 1",+97143390481,,all families
Home-decor retailer,Casa Mia Interior Design,Dubai,+97143554450,,all families
Home-decor retailer,Casaprestige Suppliers,,+97144329633,,all families
Home-decor retailer,Caspaiou,"Between 2nd & 3rd I/Change, Sh Zayed Rd",+97143388276,,all families
Home-decor retailer,Celcius Interiors LLC,"19th Street, Umm Ramool, Rashidiya Industrial Area 2",,,all families
Home-decor retailer,Celcius Technical Services LLC,Al Nahda,+97143695056,,all families
Home-decor retailer,Ceramic City,"Al Ittihad Bldg, Opp City Centre, Deira",+97142956688,,all families
Home-decor retailer,Cercle D'Art LLC,"201, Al Huda Bldg, Al Garhoud",+97142826655,,all families
Home-decor retailer,Chronicle Interiors LLC,Karama,+97143570387,,all families
Home-decor retailer,City Palace Furniture Interiors and Joiners,"Plot 369-0599, 4th I/Change, Al Quoz 4",+97143474497,,all families
Home-decor retailer,City Tower Decor,"Near Zulekha Hosp, Al Qusais",+97142636477,,all families
Home-decor retailer,Class Building Maint and Decor Works LLC,"303, Sunshine Bldg, Garhoud",+97142868997,,all families
Home-decor retailer,Classic Gulf Decor,"M/4, Panorama Bldg, Hamdan St",+97126266038,,all families
Home-decor retailer,Classic Touch Furniture Factory LLC,"Shed 43, Maritime Management Bldg, 22 St, Al Quoz Indl Area 4",+97143411488,,all families
Home-decor retailer,Classic Touch Interiors,"Near Oasis Resi, Al Qusais",+97142637789,,all families
Home-decor retailer,Clifton Interiors LLC,"Room 203, 2nd Flr, 48, Burj Gate Tower (Beside Sofitel Hotel & Burj Khalifa Metro Stn), Sh Zayed Rd",+97143250030,,all families
Home-decor retailer,Climate Solution Technologies,"3412, Churchill Executive Tower, Business Bay",+97144524425,,all families
Home-decor retailer,Climatec Interiors,"Suite 109, Al Garhoud Star Building, Al Garhoud",+97142594081,,all families
Home-decor retailer,Closets Unlimited,"1303, API Trio Towers, Novotel Al Barsha, Shaikh Zayed Road, Al Barsha 1",+97143994080,,all families
Home-decor retailer,Coast Line Carpentry,"Store # 28, Bldg # 45, M - 9, Musaffah",+971508287183,,all families
Home-decor retailer,Cold Desert Interior Design LLC,"Shop 11, China Cluster D-08, International City",+97144327527,,all families
Home-decor retailer,Colorland Decor,Al Qusais,+97142655338,,all families
Home-decor retailer,Compass Arabian Decor Cont LLC,,+97165277189,,all families
Home-decor retailer,Concept Interiors,"Near Emirates Printing Press, Al Quoz Indl Area 2",+97143470900,,all families
Home-decor retailer,Concord Decor,"Bhnd Juma Al Majid, Sanaiya",,,all families
Home-decor retailer,Concur Technical Services,Al Quoz 2,+97143384476,,all families
Home-decor retailer,Consonni Group of Companies,"3-2, Dhabi Tower, Hamdan Rd",+97126269751,,all families
Home-decor retailer,Contrast Furniture Manufacturing and Decor,"1st Flr, Hamarain Centre, Abu Baker Siddique Rd, Deira",+97142973000,,all families
Home-decor retailer,Contrast Interior Design,"1st Flr, Hamarain Centre, Abu Baker Al Siddique Rd, Deira",+97142628000,,all families
Home-decor retailer,Cougar Technical Works LLC,"Salahuddin Rd, Deira",+97142527737,,all families
Home-decor retailer,Creative Angels,Al Quoz,+97143511566,,all families
Home-decor retailer,Creative Concepts,"Opp Al Sharawi Equipment, Indl Area 1",+97142580604,,all families
Home-decor retailer,Creative Concepts Interior Design and Decoration,"Office 1, Eisa Al Khaili Bldg, Bhnd Remal Mall, Street 18",+97137216304,,all families
Home-decor retailer,Creative Corner Decor,Musaffah Industrial  Area,+971564837022,,all families
Home-decor retailer,Creative Display Co LLC,Mussafa-13,+97142973722,,all families
Home-decor retailer,Creative Hands Decor LLC,"Warehouse No. 6, Al Jurf Industrial Zone 1",+97165266121,,all families
Home-decor retailer,Creative House Interiors,"RKM Bldg, Near Labour Office, Deira",+97142627171,,all families
Home-decor retailer,Creative International Interiors LLC,"Office 12, Industrial Area 1, Jebel Ali",+97148848899,,all families
Home-decor retailer,Creative Line Decor,Industrial Area 15,+97165351473,,all families
Home-decor retailer,Creative Shelf LLC,"Office J512, 5th Floor, Al Raihan Tower, Next to Movenpick Hotel, The Town square, Mamzar",+97142588826,,all families
Home-decor retailer,Creative Today Interiors LLC,Al Quoz 1,+97143474991,,all families
Home-decor retailer,Creative Touch Decor,,+97142692455,,all families
Home-decor retailer,Crown for Carpentry,Indl Area,+97192220283,,all families
Home-decor retailer,Crown House LLC,Corniche Rd,+97126663637,,all families
Home-decor retailer,Crystal Home Furniture Industry LLC,New Indl Area,,,all families
Home-decor retailer,Crystal Home Technical Services LLC,Business Bay,+97145458669,,all families
Home-decor retailer,Cube Wooden Work and Interior Design LLC,"Bhnd Nico Intl 1, I/Change 3, Al Quoz",+97143395573,,all families
Home-decor retailer,Cubics Design and Decor LLC,"46, Tower B, Zomorrodah Bldg, Umm Hureir Rd",+97143356422,,all families
Home-decor retailer,DABCON,"Office 40, Mezzanine Floor, Bulding 81&82, M 10, Musaffah",+97125556327,,all families
Home-decor retailer,Dais Interior Decor LLC,Jebel Ali Indl Area 1,+97148857698,,all families
Home-decor retailer,Dar Hashem Decor LLC,Intl City,+97144572477,,all families
Home-decor retailer,Dartek Contracting Company LLC,Dubai,+97143262639,,all families
Home-decor retailer,David Rae Designs of Merit,Al Barsha,+97143998142,,all families
Home-decor retailer,Deco Art,Al Quoz,+97143474600,,all families
Home-decor retailer,Deco Emirates Establishment,Dubai,+97148854660,,all families
Home-decor retailer,Decor For Me Interior Design & Fitout,"12, Old Khaleej Bldg, Near Abu Hail Metro Stn",+97142545596,,all families
Home-decor retailer,Decorati Interiors,"Near Galadari Driving Institute, Indl Area 4, Al Qusais",+97142581825,,all families
Home-decor retailer,Decoration and Carpentry Group,Dubai,+97172288813,,all families
Home-decor retailer,Decorpoint International LLC,"1, Umm Hureir Apt, Opp Arenco Bldg, Umm Hureir Rd",+97143376798,,all families
Home-decor retailer,Decortech,"677, Al Hayl",+97192222020,,all families
Home-decor retailer,Decotex Interiors,,+97143374111,,all families
Home-decor retailer,Decovision,"Bugati Bldg, Corniche Rd",+97126226663,,all families
Home-decor retailer,Deepa Interiors,"503, Manasek Travels Bldg, Near Al Muhairy Centre, Khalidiya St",+97126352333,,all families
Home-decor retailer,Deira Homes Furniture,"Near Caterpillar Bldg, Salahuddin Rd, Deira",+97142697733,,all families
Home-decor retailer,Delma Royal Building Material Trading LLC,"M 3, Mussafah",,,all families
Home-decor retailer,Delma Royal Trading LLC,"M 34, Bhnd KM Trdg, Mussafah",+97125502827,,all families
Home-decor retailer,Delta Point Technical Works LLC,,+97143468721,,all families
Home-decor retailer,Demasko Technical Works LLC,"Shop 4, Greece L 7, International City",+97144508595,,all families
Home-decor retailer,Denolex Polymers LLC,"Flat No. 104, Al Yassat Tower -1",+97165304433,,all families
Home-decor retailer,Derwent Interior Decor LLC,"Block 'A', Al Kawakeb Bldg, Next to Dusit Hotel, Sh Zayed Rd",+97143863939,,all families
Home-decor retailer,Des Moines Interiors,"Near UNB, Corniche Rd",+97126442484,,all families
Home-decor retailer,Desarch Building Contracting LLC,"Opp Automech, Al Aweer",+97143337012,,all families
Home-decor retailer,Design Club LLC,"Nilson Bldg, Al Diyafa Rd, Satwa",+97143981011,,all families
Home-decor retailer,Design Mart Contracting LLC,"Warehouse 2, Behind Al Habtoor Warehouse, Al Qusais Indl Area 3",+97142561903,,all families
Home-decor retailer,Design Motives,"1203, Opal Tower, Business Bay",+97145531081,,all families
Home-decor retailer,Diamond Choice Interior & Landscaping LLC,,+97144324951,,all families
Home-decor retailer,Diamond Quality Technical Services LLC,,+971566109063,,all families
Home-decor retailer,Dimensions Decoration and Furniture,"Al Faisal Bldg, King Faisal Rd",+97167666310,,all families
Home-decor retailer,Dinar Decor Contracting LLC,Al Sajaa,+97165360076,,all families
Home-decor retailer,Display Ideas Decor LLC,Al Quoz Industrial Area 4,+97143406556,,all families
Home-decor retailer,Dolson Interiors,Hor Al Anz,+97142661416,,all families
Home-decor retailer,Donil Design LLC,"City Avenue Bldg, Deira",+97142869900,,all families
Home-decor retailer,Door to Door Maintenance,"Near AGMC Workshop, Behind Al Ahli Driving School,  Al Quoz Industrial Area 4",+97143419672,,all families
Home-decor retailer,Dots & Lines Interiors,Al Garhoud,+97142955880,,all families
Home-decor retailer,Drapes Interio LLC,Al Quoz Industrial Area 4,,,all families
Home-decor retailer,Dubai Euro Contracting Co,Al Quoz Industrial Area 1,+97143392100,,all families
Home-decor retailer,Dubai Maintenance Company,Al Barsha,+971551482510,,all families
Home-decor retailer,Durable Works General Maintenance and Contracting LLC,"Tower A, Behind City Season Hotel, ADCP, Electra Street",+97126432838,,all families
Home-decor retailer,Dynamic General Maintenance and Decor Company LLC,"Between I/Change 2 & 3, Sh Zayed Rd",+97143380310,,all families
Home-decor retailer,E D P Architecture,Karama,+97143572570,,all families
Home-decor retailer,Eagle Eye Interior Design LLC,"Al Quoz 1, Near Veesham Printing Press",+97143214399,,all families
Home-decor retailer,Eastern Design Decoration,Ajman,+97167429931,,all families
Home-decor retailer,Eastern Dragon Oil Services LLC,"Al Markaz Industrial Park, SU 03/ B, Phase 1",+97124442446,,all families
Home-decor retailer,Echo Art Decor Cont,"Near Natl Paints, Indl Area 13",+97165344006,,all families
Home-decor retailer,Echo Art Interiors,"116, Makeen Bldg, Airport Rd",+97142567504,,all families
Home-decor retailer / Gift / corporate-gift,"Eclectic Furniture, Antiques and Collectables","Mashreq Bank Bldg, Khalidiya",+97126665158,,all families / decor objects + clocks + gifting
Home-decor retailer,Eco Art Interior,Dubai,+97143862666,,all families
Home-decor retailer,Elegant Interior Design LLC,Dubai,+97143858550,,all families
Home-decor retailer,Elegant Style Interiors LLC,Al Quoz Indl Area 4,+97143448092,,all families
Home-decor retailer,Elemech Interiors and Contracting,Dubai,+97143922962,,all families
Home-decor retailer,Element Interiors,,+97167484396,,all families
Home-decor retailer,Elenora Interior Design,"Villa 167, Jumeirah Beach Rd",+97143445559,,all families
Home-decor retailer,Elite Interior Formations LLC,"Bhnd Old RTA, Ramool, Rashidiya",+97142859105,,all families
Home-decor retailer,Elite Star Interiors & Maintenance,Deira,+971569430903,,all families
Home-decor retailer,ELS Interior Decoration LLC,,+97143809053,,all families
Home-decor retailer,Eminence Interiors LLC,"225, Block B, Business Village, Clock Tower, Deira",+971506522483,,all families
Home-decor retailer,Emirates Deers Furniture and Decor,"M 13, Mussafah",+97126211662,,all families
Home-decor retailer,Emirates Focus Design LLC,"Juma Aman Obaid building, Hor Al Anz, Deira",+97142659406,,all families
Home-decor retailer,Emirates Focus LLC,Al Qusais Indl Area 5,+97142583705,,all families
Home-decor retailer,Emitra Interior,"Office # 132, 2 Flr, Al Hilal Bank Bldg, Al Quasis",+971525075358,,all families
Home-decor retailer,Empire Interior Design LLC,Al Quoz Indl Area 4,+97143476158,,all families
Home-decor retailer,Emvees Interior Decor LLC,,+97167455366,,all families
Home-decor retailer,Engineering Corner Decor LLC,Al Ghusais Indl Area 3,+97142674020,,all families
Home-decor retailer,Ergonomic Furniture Trading,Al Barsha 1,+97147094153,,all families
Home-decor retailer,Esadore International,"1105, JBC 2, JLT",+97143617976,,all families
Home-decor retailer,Essential Decor LLC,"Office Number 508, Al Attar Business Center Building, Al Barsha",+971562323958,,all families
Home-decor retailer,Essentials Furniture & Decor Co LLC,Business Bay,+97144548916,,all families
Home-decor retailer,Estoria Decor,"Bhnd Juma Al Majid S/Room, Sanaiya",+97137214666,,all families
Home-decor retailer,Euro Home Interiors FZE,Hamriyah Free Zone,+97165260086,,all families
Home-decor retailer,Eve Designs and Interiors LLC,"Next to Emirates Mall, Al Quoz",+97143417722,,all families
Home-decor retailer,Excel Group of Companies,Dubai,+97143357953,,all families
Home-decor retailer,Excel Interiors,Al Quoz 1,+97143384343,,all families
Home-decor retailer,Excel Project Solutions LLC,"Office 117, Al Reyami Building, Near Karama Post Office, Karama",+97143180258,,all families
Home-decor retailer,Excellent Interior,Al Thoba,+971558617406,,all families
Home-decor retailer,Exclusive Decor,ICAD 3,,,all families
Home-decor retailer,Exotic Interiors Studio,"Warehouse No. 4, 16-C Street, Al Quoz Industrial Area 4",+97145668223,,all families
Home-decor retailer,Expressions FZE,SAIF Zone,+97165489250,,all families
Home-decor retailer,Fairfield Wood Works LLC,Dubai,+97142284435,,all families
Home-decor retailer,Fairooz Technical Works LLC,"Near Galadari Driving, Al Qusais",+97142205134,,all families
Home-decor retailer,Faqruddin Carpentry Decor and Technical Works,"Office 5, Sakti Building, 13th Street, Musaffah",+971568961075,,all families
Home-decor retailer,Fareed Carpentry,"Opp Labour Medical, Ind. Area No.6",+97165432167,,all families
Home-decor retailer,Fautaeh Furniture and Decoration LLC,"Al Hayai Bldg, Opp Grand Stores, Khalidiya",+97126217400,,all families
Home-decor retailer,Fine Tech Electromechanical Works LLC,"Room 403, Al Malik 4, Al Marrar, Deira",+971564094472,,all families
Home-decor retailer,Fineline Interiors,"Al Aweidah Bldg, Liwa St",+97126220080,,all families
Home-decor retailer,Firas Decor,Hamdan Str,+97126710003,,all families
Home-decor retailer,Fitout Centre By Electrozone LLC,"3209, The Cidatel Tower, Business Bay",+97143688080,,all families
Home-decor retailer,Fix And Fitouts LLC,"Desert Spring Village, Sheikh Zayed Road, Tecom",+97143408712,,all families
Home-decor retailer,Fixit Interior Design LLC,Al Barsha,+971567623461,,all families
Home-decor retailer,Flex Integrated Group LLC,"Mezzanine Floor, Al Rais Shopping Center, Mankhool Road",+97143552220,,all families
Home-decor retailer,Fountain Interior Design,"3rd I/Change, Al Quoz",+97143407313,,all families
Home-decor retailer,Four Direction Ent,Abu Dhabi,+97126265810,,all families
Home-decor retailer,Four Winds International,"LOB 21, JAFZA",+97148812755,,all families
Home-decor retailer,Four Zone Decor LLC,"Warehouse # 1, Al Hibab Road , DIP 2",+97143413920,,all families
Home-decor retailer,Foyer Decor,"Mashreqbank Bldg, Khalifa St",+97126275562,,all families
Home-decor retailer,Free Line Interior Design LLC,"Fahad Bldg, Damascus St, Al Qusais",,,all families
Home-decor retailer,Furnicom Decoration LLC,"Warehouse 7, Darwish Building 1, Northern Sector, Ittihad St, Al Jurf 1",+971529704757,,all families
Home-decor retailer,Fusion Interior Design LLC,"DIP-2, Jebel Ali",+97148820111,,all families
Home-decor retailer,Future Decor LLC,"Near Al Falah Plaza, Muroor St",+97126424911,,all families
Home-decor retailer,Garnet Decor LLC,Al Ittihad Rd,+97142978870,,all families
Home-decor retailer,Gateway Interiors LLC,Al Qusais Indl Area 1,+97142205609,,all families
Home-decor retailer,Gatoof Decoration,"Opp Beach Hotel, Tourist Club Area",+97126459993,,all families
Home-decor retailer,GDM Interiors FZC,SAIF Zone,+97165578044,,all families
Home-decor retailer,Ghori Interiors LLC,"Opp Tasjeel, Al Ghusais Indl Area",+97142675792,,all families
Home-decor retailer,Ghuzlan Emirates Furniture and Decor,Abu Dhabi,+97125500070,,all families
Home-decor retailer,Glo Interiors LLC,Al Quoz 1,+97143805480,,all families
Home-decor retailer,Global Industries FZC,"Phase 1 -Plot 2L-06-07, Hamriyah Free Zone",+971502292954,,all families
Home-decor retailer,Global Sourcing LLC,Marcom Business Center,+97167647105,,all families
Home-decor retailer,Global Team Decor & Maintenance LLC,"Opp DNATA, Deira",+97142958381,,all families
Home-decor retailer,Gold Dust Interiors,Dubai,+97148851911,,all families
Home-decor retailer,Gold Mentis Technical Works LLC,"403-404, B Block, Business Village, Diera",+97142251988,,all families
Home-decor retailer,Golden Arch Decor,"M 3, Bridgestone S/Room Bldg, Near Water & Elec Dept, Passport Rd",+97126427708,,all families
Home-decor retailer,Golden Art Interior Decoration LLC,Dubai,+97142825530,,all families
Home-decor retailer,Golden Crown Decoration,"Opp Navy Gate, Tourist Club Area",+97126451771,,all families
Home-decor retailer,Golden Falcon Fabricators,Al Quoz 4,+97143791661,,all families
Home-decor retailer,Golden Link Decoration,Oud Mehta,,,all families
Home-decor retailer,Golden View Interior Decoration L.L.C.,Mussafah Industrial Area 10,+971505665609,,all families
Home-decor retailer,Goldenbell Interior Design (Int'l) LLC,"105, White Crown Bldg, Sh Zayed Rd",+97143322297,,all families
Home-decor retailer,Gopi Associates Technical Services LLC,"Warehouse No 5, Bldg No 15, Street No 15, Al Quoz Indl Area 4",+97143471340,,all families
Home-decor retailer,GPW Interior Decoration LLC,,+97142677595,,all families
Home-decor retailer,Graff Design,"3rd I/Change, Al Quoz Indl Area 3",+97143386313,,all families
Home-decor retailer,Granada Decor,New Industrial Area,+97167423545,,all families
Home-decor retailer,Great Innovation Technical,"18, France - P 20, International City",+97144534711,,all families
Home-decor retailer,Great Links Technical Services LLC,Al Quoz Industrial Area 4,+971545672221,,all families
Home-decor retailer,Greater United Technical Services LLC,"Office 414, Al Mansori Bldg, Damascus St, Al Qusais",+97142646670,,all families
Home-decor retailer,Green Corner General Trading,"Ethihad Bldg, Next to Al Salam Hospital, Hamdan St",+97126797164,,all families
Home-decor retailer,Green Curve Design + Build,"123, Mardoof Bldg, Al Safa 1",+97143809985,,all families
Home-decor retailer,Green Well Interiors Decoration LLC,,+97143285370,,all families
Home-decor retailer,Green Wood Interior Design LLC,"Bldg No. 1, Near Transgulf Cement Factory, Jebel Ali Indl Area 1",+97148857391,,all families
Home-decor retailer,Grendeur Allen Home Interiors,"Century Plaza Mall, Beach Rd, Jumeirah",+97143421616,,all families
Home-decor retailer,Guide Line Decor,"Next to Emirates Rd, Indl Area 11",+97165360690,,all families
Home-decor retailer,Gulf Painting LLC,"Shop 28, Baglahf Bldg, Opp Al Talal, Nakheel Rd, Deira",+97142274041,,all families
Home-decor retailer,Gulf Prefab Houses Factory LLC,Sajja Indl Area,+97165310030,,all families
Home-decor retailer,Gulf Star International (FZC),"P6-117, SAIF Zone",+97165571977,,all families
Home-decor retailer,Gusto Furniture LLC,"Next to Regent Palace, Opp Burjuman Centre, Karama",+97143576073,,all families
Home-decor retailer,H T S Interior Design LLC,"Near Al Khail Mall, Al Quoz",,,all families
Home-decor retailer,Haji Furniture,"Near INMA, Al Ramool Area, Rashidiya",+97142858892,,all families
Home-decor retailer,Hanaen Decorations,Ajman,+97167419211,,all families
Home-decor retailer,Hard Rock Interior Decorations,Airport Rd,+97124454649,,all families
Home-decor retailer,Harib Hassan Carpentry Workshop,Al Quoz Indl Area 2,+97143881714,,all families
Home-decor retailer,Harmony Interior Design,Abu Dhabi,+97126794882,,all families
Home-decor retailer,HDD Interiors LLC,"I/Change 3, Al Quoz",+97143479070,,all families
Home-decor retailer,Head Quarter Office Furniture and Interiors,"Showroom No. 1 & Mezzanine Floor, Centimeter Cube Blgd, Behind Nissan Showroom, Deira",+97142525528,,all families
Home-decor retailer,Heera Technical Works LLC,"W/H 5, Bhnd Emirates Glass, Al Quoz Indl Area 4",+97143413742,,all families
Home-decor retailer,Heritage Touch,Al Quoz,+97143412080,,all families
Home-decor retailer,Herringbone Interior Decoration LLC,,+97142677371,,all families
Home-decor retailer,Highmoon Office Furniture,"Showroom No 2-213, Umm Suqiem Road, Al Quoz Industrial Area 4",+97143869693,,all families
Home-decor retailer,Hispano Decor,"Beside Europcar Bldg, Khalifa St",+97126262322,,all families
Home-decor retailer,Hitec Offices L.L.C.,Al Quoz 2,+97143388364,,all families
Home-decor retailer,HKZ Interior Decorations LLC,"Warehouse No. 01, Industrial Area 2, Ras Al Khor",+971565492866,,all families
Home-decor retailer,Home Decor Interios Gypsum Work,"Warehouse Number 2, Al Quoz Industrial Area 4",+971523950424,,all families
Home-decor retailer,Home Decor Technical Services Co LLC,"Street 11, Al Qouz Industrial Area 3",+971523707206,,all families
Home-decor retailer,Home Foam Factory & Furniture Trdg,,+97167430113,,all families
Home-decor retailer,Homes Scope,"908, Jumeirah bay 3, X Cluster, Jumeirah Lake Towers",+97144427365,,all families
Home-decor retailer,Honest Masters Decor LLC,Dubai,+97145898785,,all families
Home-decor retailer,HOX Creative Solutions,"House of Exhibitions, 3 18 A Street, Al Quoz Industrial Area 4",,,all families
Home-decor retailer,Hues & Shades Interior Decoration LLC,Al Qusais,+97142568825,,all families
Home-decor retailer,Hyssna International LLC,"Shop 8, Umm Hurair Bldg, Zabeel Rd, Karama",+97143359833,,all families
Home-decor retailer,I B A House Interior Solutions,"Al Khabesi Area, Deira",+97142663329,,all families
Home-decor retailer,I Creative Interiors LLC,,+97144273730,,all families
Home-decor retailer,I Design Interiors LLC,"Business Bay,Silver Tower,Office 12-O7",+97144356225,,all families
Home-decor retailer,I F A A General Maintenance and Decor LLC,"Near INMA, Umm Ramool, Rashidiya",+97142273046,,all families
Home-decor retailer,I Space Contracting LLC,Al Qusais Indl 4,+97142639442,,all families
Home-decor retailer,Ice Light Interiors,"D9, G/F, Al Khazna Bldg, Karama",+97143885524,,all families
Home-decor retailer,Identity Decor LLC,"Near Dynatrade, Nad Al Hamar",+97142839031,,all families
Home-decor retailer,Image Interior Decoration LLC,"Al Quoz 3, Near Al Quoz Mall",+97143403673,,all families
Home-decor retailer,Imagine Interior Decoration LLC,Al Quoz Indl Area 4,+97143236664,,all families
Home-decor retailer,Impact Interior Designs LLC,"3rd I/Change, Al Quoz",+97143389040,,all families
Home-decor retailer,Impressions Decor LLC,,+971504610505,,all families
Home-decor retailer,In Space Fit Out LLC,"319, 3rd Floor, Al Zarooni Bldg, Al Qusais",+97142578160,,all families
Home-decor retailer,Index Interiors LLC,"Office 12, V 20, Russia Cluster, Intl City",+97143636745,,all families
Home-decor retailer,Indoors Furniture and Interior Design,"Plot 5, Opp Porsche S/Room, M 13, Mussafah Indl Area",+97125552784,,all families
Home-decor retailer,Indoors LLC,"405, Rostamani Bldg, Above Suzuki Showroom, King Faizal",+97165736767,,all families
Home-decor retailer,Infinity Concepts,"Al Khabaisi Area, Hor Al Anz",+97142979733,,all families
Home-decor retailer,Inner Space Interiors LLC,"401, Noor Islamic Bank Bldg, Corniche",+97165754195,,all families
Home-decor retailer,Innov8 Group,Dubai,,,all families
Home-decor retailer,Innovazion Interior,"Zabeel Rd, Karama",+97143364377,,all families
Home-decor retailer,Innovs Interiors LLC,Al Quoz 4,+97143219282,,all families
Home-decor retailer,Insignia Design and Decoration,"14th Flr, Old Rotana Bldg, Khalidiya St",+97126814149,,all families
Home-decor retailer,Inspiration Concept Interior Design LLC,,+97142942416,,all families
Home-decor retailer,Inspiration Interiors,Hamdan str,+97126770051,,all families
Home-decor retailer,Intel Space Interior Design,"2801, Al Attar Tower, Sh Zayed Rd",+97143218330,,all families
Home-decor retailer,Inter Decora LLC,Sharjah,+97167434570,,all families
Home-decor retailer,Interior Selections Furniture Factory LLC,"Warehouse # 3 & 4, E77, Lahbab Road, Jebel Ali",+97148162100,,all families
Home-decor retailer,Interiors,Al Salam St,+97126797040,,all families
Home-decor retailer,Interiors International Industries LLC,Al Barsha I/Change 4,+97143400055,,all families
Home-decor retailer,International Art,"G Flr, Spectrum Bldg, Near Lamcy Plaza, Karama",+97143358877,,all families
Home-decor retailer,Interspace Interiors LLC,"201, 2nd Floor, Lifco SM Bldg, Near Emirates Plaza Hotel, Mina Rd",+97126765430,,all families
Home-decor retailer,Intex Universal Limited,"M-107, Al Diyafa Shopping Centre, Al Diyafa Rd",+97143450337,,all families
Home-decor retailer,Intuition Interiors LLC,"Al Khasimi Bldg, Deira",+97142505930,,all families
Home-decor retailer,IR Design,"216, Bldg 8, DMC",+97143625280,,all families
Home-decor retailer,Ishtar Decor LLC,"Near Municipality Used Car Complex, Al Aweer Indl Area",+97143338111,,all families
Home-decor retailer,Isker Group,"Office 6, Abdelrahim Hussain Mohd Al Sahlawi Bldg, St 10, Deira",+97180047537,,all families
Home-decor retailer,ISRA Technical & Cleaning Service LLC,Deira,+97142599983,,all families
Home-decor retailer,J C Maclean International FZCO,"Near R/A 6, Jebel Ali Free Zone",+97148811811,,all families
Home-decor retailer,J Walt Interiors and Contracting LLC,"708, Lake Central Tower, Marasi Dr, Business Bay",,,all families
Home-decor retailer,Jadore Interior,"Near Al Tawar Centre, Al Qusais",+97142563030,,all families
Home-decor retailer,Jalbout Carpentry Exhibitions and Interiors,Al Quoz 2,+97143237158,,all families
Home-decor retailer,Jasco International F.Z.C.,"C4-3, P2-11, 12, 13 & 14, SAIF Zone",+97165571789,,all families
Home-decor retailer,Jassim Decor (Decorative Painting Div),"Near Central Hospital, Airport Rd",+97126342829,,all families
Home-decor retailer,Jawabco Contracting LLC,"Office 110, Abdulla Al Fahed Bldg 3, Damascus Rd, Al Qusais",+97142568842,,all families
Home-decor retailer,Jeanine,Deira,+97142525805,,all families
Home-decor retailer,Jeet Gulf Technical Works,Al Qusais,+97142587800,,all families
Home-decor retailer,Joga Ram Furniture Industry LLC,"Street 22, Al Quoz Indl Area 2",+97143881999,,all families
Home-decor retailer,Joping Technical Works,"Warehouse 4, Al Quoz Indl Area 4",+97143400731,,all families
Home-decor retailer,Joud Line Decor Work,Al Jurf,+971505704433,,all families
Home-decor retailer,Jumeirah Carpenter,Al Quoz Industrial Area 1,+97143883231,,all families
Home-decor retailer,Just Interiors Cont,,+97165349311,,all families
Home-decor retailer,JVK Carpentry LLC,Al Quoz Indl Area 4,+97143212941,,all families
Home-decor retailer,JW1 International (FZE),Dubai,+97146091239,,all families
Home-decor retailer,Kadhem Hassan Carpentry,Al Qusais Indl Area 1,+97142581565,,all families
Home-decor retailer,Kaian Interior Design,"Damascus St, Al Qusais",+97142382220,,all families
Home-decor retailer,Kairali Furniture Co LLC,"Kairali Furniture Bldg, Madinat Zayed",+97126348952,,all families
Home-decor retailer,Karani Construction LLC,"3rd I/Change, Al Quoz",+97143402006,,all families
Home-decor retailer,Karani Interior Decorators,"Bhnd Toyota S/Room, Al Quoz Indl Area",+97143390900,,all families
Home-decor retailer,Karmen Decor Co,Muroor Rd,,,all families
Home-decor retailer,Karters Interior Decoration,,+97143794562,,all families
Home-decor retailer,Keshvala Technical Works LLC,Dubai,+97143540789,,all families
Home-decor retailer,Kev Interiors,Dubai,+97143936125,,all families
Home-decor retailer,Khalifa Ahmed Rashid Furniture and Decor Factory (KARF),"Bhnd Al Khayam Bakery, Al Qusais Indl 3",+97142672111,,all families
Home-decor retailer,Khansaheb Joinery and Interior,"Near Skyline College, Geco R/A, Indl Area 5",+97165340479,,all families
Home-decor retailer,Khawar Meyana JLT,JLT,+97144214389,,all families
Home-decor retailer,King Flower Curtains Establishment,"Near Post Office, Madinat Zayed",+97126312615,,all families
Home-decor retailer,Kingsmen Middle East LLC,Al Quoz,+97143389340,,all families
Home-decor retailer,KN Interior Designs LLC,Dubai,+97143978599,,all families
Home-decor retailer,Kottoor International LLC,Ras Al Khor Industrial Area 2,+971504693351,,all families
Home-decor retailer,La Vita Interiors,,+97143883100,,all families
Home-decor retailer,Lamar Interiors LLC,Al Quoz 1,+97143469099,,all families
Home-decor retailer,Landmark Decor,,+97165643502,,all families
Home-decor retailer,Lanees Furniture and Decor LLC,Al Quoz Indl Area,+97143405636,,all families
Home-decor retailer,Laspinas Building Material Trading LLC,Al Quoz Indl Area 1,+97143477890,,all families
Home-decor retailer,Laspinas Interiors LLC,Al Quoz Indl Area 1,+97143477877,,all families
Home-decor retailer,Latitude Design Fitout LLC,"Office 143, Hamsah Building A, Near Anzar Gallery, Al Karama",+97142288292,,all families
Home-decor retailer,Lawrence Interior Design Works,International City,+971509184218,,all families
Home-decor retailer,Laylak Decor and Furniture,Muweilah,+97165683703,,all families
Home-decor retailer,Leader Furniture and Joinery Craftsmen Limited,Al Aweer Indl Area,,,all families
Home-decor retailer,Legend Carpentry Workshop LLC,Al Jurf,+97167484243,,all families
Home-decor retailer,Legno Design LLC,Jurf Industrial Area 2,+971507292818,,all families
Home-decor retailer,Leid Technical Works LLC,Dubai,+97148850885,,all families
Home-decor retailer,Libra General Maintenance and Decor,"S-8, Backside of Nakheel Centre, Deira",+97142219227,,all families
Home-decor retailer,Life Style Interior Design,"Retail No 8, U-Bora Towers, Burj Khalifa Area, Business Bay",+97144541064,,all families
Home-decor retailer,Light Concept,"Office M-4, Pizza Hut Building, Muroor Road",+97124484451,,all families
Home-decor retailer,Line One Interiors,Al Qusais,+97142581818,,all families
Home-decor retailer,Linea Verde,"Between 2nd & 3rd I/Change, Sh Zayed Rd, Al Quoz",+97143383553,,all families
Home-decor retailer,Link First Furniture,"G F, Al Mansouri Bldg, Bhnd Peugeot S/Room, Salam St",+97126452883,,all families
Home-decor retailer,Lintal LLC,Al Quoz 4,+97143411333,,all families
Home-decor retailer,Lion First Facilities Management,"304, Clover Bay Bldg, Al Abraj St, Business Bay",+97142765910,,all families
Home-decor retailer,Livewel Interiors LLC,,+97143388044,,all families
Home-decor retailer,Liwan Decor,khalidiya,+97126223155,,all families
Home-decor retailer,Loft Interior Decoration LLC,"102, Spectro Bldg, Salahuddin Rd, Deira",+97142680959,,all families
Home-decor retailer,Lujo Design and Decor,"Office Number 5, Khalifa Bin Zayed The First Street",+971566093022,,all families
Home-decor retailer,Luster Interiors LLC,,+97143466101,,all families
Home-decor retailer,M B H Interiors,"1st Flr, Budget Rent A Car Bldg, Al Nasir St",+97126340650,,all families
Home-decor retailer,M H I Design LLC,,+97144470549,,all families
Home-decor retailer,M K I Interior And Design LLC,"6, Mohd Khamis Bin Hendi Bldg, Near Al Karama Muncipality, Karama",+97143796543,,all families
Home-decor retailer,M M S Technical Services LLC,,,,all families
Home-decor retailer,Magic Colour Interior Decoration LLC,"LOB -39, WareHouse-1, Block No.- 38, Behind Emirates Glass, Al Quoz Ind. Area # 4",+97143410060,,all families
Home-decor retailer,Magic Colour Technical Services LLC,"Bhnd Emirates Glass, Al Quoz Indl Area 4",+97143410060,,all families
Home-decor retailer,Magic Point Interiors,,+971588930238,,all families
Home-decor retailer,Magnus Interiors LLC,Jebel Ali,+971552887962,,all families
Home-decor retailer,Mahmayi Office Furniture LLC,"Office 201 - 2nd Floor, Hamsah Building - Block A, Al Karama",+97142567481,,all families
Home-decor retailer,Mahmood Tahlak Carpentry Works,"Near New Grand Mall, Al Quoz 2",+97143405487,,all families
Home-decor retailer,Mainline Interior LLC,"Near Aati S/Room, Zabeel Rd, Karama",+97143370516,,all families
Home-decor retailer,Maksquare,"101, Makeen Bldg, Near JVC, Airport Rd, Al Garhoud",+97142999660,,all families
Home-decor retailer,Makstylo Interiors LLC,"Warehouse 4, High Bay Building, Silicon Oasis",+97143332388,,all families
Home-decor retailer,Mapco Specialized General Contracting,"1701, Micco (Al Yasat Tower), Electra St",+97126435536,,all families
Home-decor retailer,Maral Interiors,,+97142598999,,all families
Home-decor retailer,Marconi Inter-Design Company LLC,"1st Floor, Street 14, Bin Building, Hamdan street",+97126788627,,all families
Home-decor retailer,Marquis Decoration,"Airport Rd, Al Garhoud",+97142829001,,all families
Home-decor retailer,Marshal Decor Trading,Kalba,+97192777062,,all families
Home-decor retailer,Maruti Technical Service LLC,"Opp National Taxi, Al Quoz Indl Area 3",+97143401749,,all families
Home-decor retailer,Maruti Wood Works LLC,"Warehouse 3, Bhnd Home Centre Logistics, Al Quoz",+97145297814,,all families
Home-decor retailer,Masandam Tower General Maintenance LLC,Al Quoz Indl Area 3,+97143403755,,all families
Home-decor retailer,Matharu Carpentry,"Near Aladdin R/A, Ras Al Khor",+97143338723,,all families
Home-decor retailer,Max Interiors LLC,Al Quoz,+97143412347,,all families
Home-decor retailer,Medi General Maint and Decoration LLC,"104, Golf Park Bldg, Al Garhoud",,,all families
Home-decor retailer,MEMCo Middle East,Almanzar Centre M/5,+97142545953,,all families
Home-decor retailer,Merrit Interiors,,+97143964967,,all families
Home-decor retailer,Metallic Equipment Co,Baniyas Najda Street,+97126344764,,all families
Home-decor retailer,Meter Square Interiors LLC,,+97165398189,,all families
Home-decor retailer,MGM Furniture & Interiors,"Office 30, Asteco Warehouse, Al Quoz 4",+97143476601,,all families
Home-decor retailer,Michael Andrews Design LLC,Al Quoz Indl Area 2,+97143395946,,all families
Home-decor retailer,Michel Nachef Decor,,+97126390280,,all families
Home-decor retailer,Midas Interior Decor and Electromechanical Works LLC,,+97142511324,,all families
Home-decor retailer,Midland Group,"1810, Churchill Tower, Business Bay",+97142699975,,all families
Home-decor retailer,Milano Woods & Interior Design,,+971544712201,,all families
Home-decor retailer,Milestone Exhibitions LLC,"Bhnd Galadari Driving School, Al Quoz Indl Area 4",+97142582082,,all families
Home-decor retailer,Millwud Interiors,Al Qusais Indl Area,+97143394779,,all families
Home-decor retailer,Min Ayn,"Unit No. 3795, Level No. 1, Jewelry and Gemplex 3, DMCC Business Center",+971543062010,,all families
Home-decor retailer,Ministry Design LLC,"2nd I/Change, Al Quoz",+97143390858,,all families
Home-decor retailer,Misbah Al Noor Technical Service LLC,"13th Floor, Burjuman Business Centre",+971557521369,,all families
Home-decor retailer,Mobile Contracting LLC,Al Quoz 3,+97143392207,,all families
Home-decor retailer,Moda Home Interior Design LLC,Deira,+97142802751,,all families
Home-decor retailer,Modern Castle Interior Decoration LLC,Al Qusais 4,+97142207177,,all families
Home-decor retailer,Modern Decoration Company LLC,"3rd I/Change, Al Quoz",+97143470060,,all families
Home-decor retailer,Modern Design Contracting Company LLC,Sharjah,,,all families
Home-decor retailer,Modern Line Decor,"M Floor, Al Aman House, Deira",+97142955513,,all families
Home-decor retailer,Modern Mazaya General Trading LLC,Deira,+97142945745,,all families
Home-decor retailer,Modern Style Interiors,"Near Al Shirawi, Ras Al Khor",+97143330643,,all families
Home-decor retailer,Mohd. Sarfaraz Carpentry,Industrial Area 2,+971508905283,,all families
Home-decor retailer,Monogram Interiors LLC,,+97142364906,,all families
Home-decor retailer,Moon Furniture Industry,"Opp Fitwell, Al Aweer Indl Area",+97143336631,,all families
Home-decor retailer,Mostafawi Decor Est,Al Quoz 1,+97143387771,,all families
Home-decor retailer,Motif Interior Decoration LLC,"Al Quoz 2, Near Emirates Printing Press",+97143850667,,all families
Home-decor retailer,Mughal International Wood Works Factory LLC,"Bhnd City Centre, Indl Area 1",+97165328830,,all families
Home-decor retailer,Mughal Wood Works Factory LLC,"Bhnd City Centre, BMW Rd, Indl Area 1",+97165333347,,all families
Home-decor retailer,Muhammad Ijaz Ahmad Technical Services LLC,,+97143211477,,all families
Home-decor retailer,Muhammad Yousaf Decor LLC,"MY Décor Interior and Fitout Works-Ware house No-36, Al Qouz Industrial Area-03",+971555589066,,all families
Home-decor retailer,Multi Idea Interiors LLC,"209, Farnek Building, Al Quoz 1",+97143218560,,all families
Home-decor retailer,Multiline Design and Contracting LLC,"Opp Al Reyami W/House, Al Quoz Indl Area 4",+971564648091,,all families
Home-decor retailer,Muzaffar Carpentry,"Behind Al Mariah Cinema, Ziyani Area",+97126764318,,all families
Home-decor retailer,N B Technicals Services LLC,"Door No. 203, IHJAPS Bldg, Al Rostamani Street 2, Al Quoz Industrial Area 3",+97143609909,,all families
Home-decor retailer,Nad Al Sheba Furniture Ind,"Near Emirates Glass, Al Quoz",+97143479377,,all families
Home-decor retailer,Nahawi Design Interiors,"Office 1404, Al Batha Tower, Buheira Corniche Road",+97165737318,,all families
Home-decor retailer,Najib Interior Designing & Building Maintenance,Jurf 2,+97167430267,,all families
Home-decor retailer,Najmat Dubai Decor Cont LLC,"Near National Paints, Indl Area 11",,,all families
Home-decor retailer,Neo Tech Engineering LLC,"Near Al Madina S/Market, 3rd I/Change, Al Quoz",+97143412002,,all families
Home-decor retailer,New Style Interiors,"No. 8, Al Warsan 3",+97142640056,,all families
Home-decor retailer,Nitin Interiors,Al Mulla Plaza,+97142557930,,all families
Home-decor retailer,Noaf Interiors LLC,Al Quoz Indl Area 4,+97143881181,,all families
Home-decor retailer,Noaman Carpentry Workshop,New Indl Area,+97167482460,,all families
Home-decor retailer,Norway Technical Services LLC,"5M 9A, New Al Safiya Building, Abu Hail",+97142599140,,all families
Home-decor retailer,Oak Interior Decoration LLC,Al Quoz Interchange 3,+97143389321,,all families
Home-decor retailer,Obaid Al Jassim Building Contracting LLC,Jebel Ali Indl Area 1,+97148803806,,all families
Home-decor retailer,OBM Interior Decoration LLC,,+97145135860,,all families
Home-decor retailer,Occasion Interiors,"Amman Rd, Al Qusais",+97142671828,,all families
Home-decor retailer,Old Castle Interior Works LLC,"Near Galadari Signal, Qusais",+97142633351,,all families
Home-decor retailer,Olives Decor LLC,"Building #618, Opposite of Burjeel Hospital, Fatima Bint Mubarak Street",+97126718800,,all families
Home-decor retailer,Omar Ahmad Technical Services LLC,Al Quoz Mall,+97143466720,,all families
Home-decor retailer,Omar Al Mansoori Carpentry Works,Old Etisalat Office,+97172461763,,all families
Home-decor retailer,Omniya Interiors,"Bhnd Emirates ME Bank, Electra St",+97126445002,,all families
Home-decor retailer,One Touch Building Contracting LLC,Al Qouz Industrial Area 3,+97143284491,,all families
Home-decor retailer,Orax Technical General Trading LLC,"Bhnd Galadari Driving, Al Qusais",+97142586625,,all families
Home-decor retailer,Orchid Technical Cont LLC,Indl Area 2,+97165436437,,all families
Home-decor retailer,Oricon LLC,Al Qusais Indl Area 3,+97142675590,,all families
Home-decor retailer,Orient Arts Interiors LLC,"Office # 35, Al Aweer 2 Bldg., Al Ghandi Bldg. Complex, Near Belhasa Driving School, Nad Al Hamar",,,all families
Home-decor retailer,Oriental Decoration International and Contg Establishment,Dubai,+97143936575,,all families
Home-decor retailer,Oriental Dragon Technical Works,,+971551313027,,all families
Home-decor retailer,Osama Shaar Decoration,"Creekside, Deira",+97142284580,,all families
Home-decor retailer,Oscar Decoration & Interior Design LLC,,+97125559131,,all families
Home-decor retailer,Paintex Technical Services LLC,"Near Union MS, Rigga, Deira",+97142229729,,all families
Home-decor retailer,Palm Decoration LLC,"Amman St, Al Qusais",+971509962112,,all families
Home-decor retailer,Palmyra Wood Industries LLC,Al Awir Industrial Area,+97143212734,,all families
Home-decor retailer,Palymera General Maint and Decor,"Qusais Industrial 1, Opposite to Royal Image",+97142672919,,all families
Home-decor retailer,Panache Furnishing LLC,"205, Al Barsha, Al Salam Tower",+97144214532,,all families
Home-decor retailer,Panthom Completion Works And Decor LLC,Al Quoz,+97143417515,,all families
Home-decor retailer,Paradise Interior LLC,Dubai,+97143332090,,all families
Home-decor retailer,Parametric Interior Decoration LLC,Sh Zayed Road,+97143400121,,all families
Home-decor retailer,Parco Interiors LLC,,+97143388464,,all families
Home-decor retailer,Parwinder Cont and General Maint Company WLL,"Near K M Trdg, Al Salam St",+97126727256,,all families
Home-decor retailer,Patina Furniture & Decoration,"Shop 156, Old Central Market, Khalifa Rd",+97126225676,,all families
Home-decor retailer,Patterns & Crafts Furniture Ind. LLC,Ind. Area 12,+97165652542,,all families
Home-decor retailer,Pch Interior Decoration,"Al Wahda, Furniture Complex",+971501999450,,all families
Home-decor retailer,PDL Progetti Di Luso Interiors,DIP Green Community,+97148856676,,all families
Home-decor retailer,Pearl Wall Technical Services LLC,"2203, Concord Tower, Al Soufouh Rd",+97144364210,,all families
Home-decor retailer,Pecefic Interior Decoration LLC,Qusais Indl 5,,,all families
Home-decor retailer,Perfect Creations LLC,"Office No. 31, 11th Floor, M Hotel Down Town by Millenium, Business Bay",+97142438663,,all families
Home-decor retailer,Perfect Ways Interior Design,,+97142616951,,all families
Home-decor retailer,Perla Lichi Gallery LLC,Shk Zayed Rd,+97143942898,,all families
Home-decor retailer,Perspective Interior Design and Decor,"Saderat Iran Bank Bldg, Hamdan St",+97126223932,,all families
Home-decor retailer,Phoenix Interiors LLC,Ras Al Khor Indl Area 1,+97143337292,,all families
Home-decor retailer,Phoenix Star Decor Contracting And Finiki Star LLC,"Bhnd Modern Bakery, Al Quoz",+97143256464,,all families
Home-decor retailer,Phoenix Touch Furniture Factory LLC,"W/H 1-3, Near Transtech, Street 16B, Al Quoz 4",+97143478070,,all families
Home-decor retailer,Pink Line Wood Works LLC,,+97143406378,,all families
Home-decor retailer,Pinnacle Interiors LLC,,+97143466051,,all families
Home-decor retailer,Pioneers Building & Interior Decoration LLC,"Dusseldorf Business Centre, Al Barsha 1",+97144468420,,all families
Home-decor retailer,Planet Interiors LLC,"806, Al Itihad Building, Port Saeed, Deira",+97142955654,,all families
Home-decor retailer,Planet Star Interiors LLC,,+97142955654,,all families
Home-decor retailer,Planets Gypsum & Decoration Company LLC,"Al Marzouki Tower (CG Mall), King Faisal Street",+971504826488,,all families
Home-decor retailer,Polygon Engineering Works,"M 15, Mussafah",+97125548460,,all families
Home-decor retailer,Potential Design Furnishing Cont & Decor,,+97126278778,,all families
Home-decor retailer,Premier Art Decor Works LLC,"M 03, Arcade Bldg, Al Garhoud",+97142830559,,all families
Home-decor retailer,Premier Interiors LLC,,+97144204718,,all families
Home-decor retailer,Presidential House Decoration,"705, Al Attar Tower, Sh Zayed Rd",+97143219719,,all families
Home-decor retailer,Prestige Furniture Factory LLC,"Near Natl Paints, Indl Area 11",+97165346560,,all families
Home-decor retailer,Pride Interiors LLC Abu Dhabi,Muroor Rd,,,all families
Home-decor retailer,Prime Decor LLC,"Near Mermaid Bldg, Khalidiya",+97126658849,,all families
Home-decor retailer,Prime Line Interiors,"M 2, Mussafah",+97125548998,,all families
Home-decor retailer,Prodec Interior Decoration LLC,"Near Marina Furniture, Indl Area 4, Al Quoz",+97143937234,,all families
Home-decor retailer,Professional Acrylic (MEGPE) LLC,"W/H 7, Beside Old Grand Mall, Opp Al Khail Mall, Al Quoz",+97143395441,,all families
Home-decor retailer,Professional Craft Decoration,,+97142675154,,all families
Home-decor retailer,Professional Gate Technical Services,,+97148244993,,all families
Home-decor retailer,Professional Shine Technical Service LLC,"Naif, Deira",+971558837637,,all families
Home-decor retailer,Property Care General Maintenance LLC,"Al Khattal W/Housing Complex 7, Bhnd VW S/Room, Al Quoz 1",+97143395661,,all families
Home-decor retailer,Provision Building Contracting LLC,Al Jurf Industrial Area 2,+97167435335,,all families
Home-decor retailer,Pure Enterprises LLC,,+97142857466,,all families
Home-decor retailer,Qamar Al Sanaiyah Tech Cont,,+971503805619,,all families
Home-decor retailer,Quadros Intl LLC,Shk Zayed Rd,+97143386658,,all families
Home-decor retailer,Quick Step Technical Services LLC,"Office 32, Al Nabooh Bldg, Al Quoz 3",+97143387959,,all families
Home-decor retailer,R N D Interiors LLC,"Near Khaleej Times, Al Quoz",+97143796175,,all families
Home-decor retailer,Rashid Salem Carpentry,"Bhnd Lulu Centre, Salam St",+97126710584,,all families
Home-decor retailer,Rawaat Construction Company LLC,"Office 8, Al Habtoor W/Houses, Al Ghusais Indl Area 3",+97142589114,,all families
Home-decor retailer,Ray Fitout Interior Decoration LLC,"Plot 2, Industrial Area 5, Qusais",+97142633392,,all families
Home-decor retailer,Rectangle Interiors,"Level 36, Sheraton Grand, Trade Center First, Sheikh Zayed Road",+971505357999,,all families
Home-decor retailer,Reem Star Contracting LLC,"Damascus St, Al Qusais",+97142809424,,all families
Home-decor retailer,Reference Interiors,"M Floor, Block 'A', Al Kazim Bldg, Garhoud",,,all families
Home-decor retailer,Regency General Maintanence,"Opp to Palm Beach Hotel, 2nd Floor",+97143934333,,all families
Home-decor retailer,Regency Interiors LLC,"Near Arab Media Group, Al Quoz Indl Area 3",+97143412821,,all families
Home-decor retailer,Rehab Technical Works LLC,Ras Al Khor,+971509842204,,all families
Home-decor retailer,Reproman Advertising LLC,"Ras Al Khor Industrial Area, Al Aweer",+97143207732,,all families
Home-decor retailer,Resonance Interior Decoration LLC,Al Qusais,+97142610010,,all families
Home-decor retailer,Retouche Trading LLC,"Opp Oman Ins, Salahuddin Rd, Deira",+97142667141,,all families
Home-decor retailer,Richa Furniture Exhibition LLC,"Bhnd Toyota S/Room, Al Wahda St, Indl Area 4",+97165322775,,all families
Home-decor retailer,Richline Decor LLC,Dubai,+97142671000,,all families
Home-decor retailer,Ridge Hills Construction LLC,,+97126442200,,all families
Home-decor retailer,RNK Interiors LLC,"3, Al Quoz Indl Area 4",+97143413755,,all families
Home-decor retailer,Roaa Dubai Decor LLC,"Halab St, Al Qusais Indl Area 1",+97142676880,,all families
Home-decor retailer,Rochana Technical Services LLC,Al Quoz,+97143805177,,all families
Home-decor retailer,Royal Art Decor,"Opp Geco R/A, Indl Area 6",+97165437111,,all families
Home-decor retailer,Royal Color Decoration,,+97125516168,,all families
Home-decor retailer,Royal House Building Material Trading LLC,"Near Fairooz Trdg, Bhnd Mount Royal Hotel, Deira",+97142213636,,all families
Home-decor retailer,Royal Rich Interiors,"304, Offices Land Bldg, Next to Sana Fashion, Karama",+97143367476,,all families
Home-decor retailer,Royal Star Technical Services LLC,Al Quoz,+97143387128,,all families
Home-decor retailer,Royal Talent Interior Decor Company LLC,Deira,+97142953636,,all families
Home-decor retailer,Rukn Al Bahar Carpentry LLC,Ind Area 2,+971526830788,,all families
Home-decor retailer,S3T Koncepts,"Warehouse 1, Plot 389, Al Quoz 4",,,all families
Home-decor retailer,SAA Line Interior Decoration LLC,Al Jadaf,+97142980017,,all families
Home-decor retailer,Sadeco Decoration Company LLC,"Near Dnata, Al Ittihad Rd, Deira",+97142623131,,all families
Home-decor retailer,Saeed Saif Decor LLC,"Beside Municipality Used Car Complex, Ras Al Khor Industrial Area, Aweer",+97142854007,,all families
Home-decor retailer,Safari Decor,Al Ghusais Indl Area 3,+97142671675,,all families
Home-decor retailer,Sahara Gypsum Products Ind LLC,,+971552507576,,all families
Home-decor retailer,Salah Interiors LLC,Umm Hureir Rd,+97143400658,,all families
Home-decor retailer,Samaya Decor And Facilities Management LLC,"Villa No. 161, Ma Silwan Street, Opposite of Seha Medical Centre, Al Karama",+97124469022,,all families
Home-decor retailer,SAP Interior Decors And Fitout Contracting Company,,+971545117182,,all families
Home-decor retailer,Satco Interiors,"Bhnd Sedana Trdg Co, BMW Rd, Indl Area 2",+97165333717,,all families
Home-decor retailer,Savewise FZE,Dubai,+971554711445,,all families
Home-decor retailer,Scale Interior Design and Decor,"M 9, Mussafah",+97125554744,,all families
Home-decor retailer,Scale Structure Interior Decoration LLC,Deira,+97142522603,,all families
Home-decor retailer,Schemes LLC,"3 & 4, Zabeel House Bldg, Zabeel Rd",+97143346966,,all families
Home-decor retailer,Scilla Interiors LLC,"2410, Churchill Tower, Business Bay",+97144326149,,all families
Home-decor retailer,Scratch Interior Decoration,,+97148861071,,all families
Home-decor retailer,Seasons Turnkey Project Supplies LLC,"27, Zabeel Bldg, Zabeel Rd, Al Karama",+97143379503,,all families
Home-decor retailer,Secon Emirates General Maint,"105, Al Dar Studio Bldg, Near Eldorado Cinema, Electra Rd",+97126784102,,all families
Home-decor retailer,Sections Interiors LLC,"Near Dewa Power St, Al Qusais 3",+97142677091,,all families
Home-decor retailer,Sedar Decor Factory Limited,Tourist Club Road,+97126784411,,all families
Home-decor retailer,Sense Me Interiors LLC,,+97142352008,,all families
Home-decor retailer,SFX Interior Decor LLC,"1804, 18th Floor, Metropolis Tower, Business Bay",+97142776990,,all families
Home-decor retailer,Shaddan Group,"Shaddan Group Bldg, Delma St & Airport Rd",+97126412500,,all families
Home-decor retailer,Shafiq Interiors LLC,New Industrial Area,+971502121164,,all families
Home-decor retailer,Shamma Decor,"Caterpillar Rd, Indl Area 2",+97165333066,,all families
Home-decor retailer,Sheeba Interiors LLC,"3rd I/Change, Al Quoz Indl Area",+97143393661,,all families
Home-decor retailer,Shezer Woodwork and Interior Decor Acc LLC,"Ras Al Khor Rd, Al Aweer Indl Area",+97143333834,,all families
Home-decor retailer,Shining Diamond Building Material Trading,Indl Area 11,+97165347074,,all families
Home-decor retailer,Shopfit Interior LLC,"Near Phoenix Concrete Products, I/Change 3, Al Quoz",+97143380757,,all families
Home-decor retailer,Showcase Antiques Art and Frames LLC,"Unit 35, Alserkal Avenue, Street 8, Al Quoz 1",+97143790940,,all families
Home-decor retailer,Signature Interiors,International City,+97143337205,,all families
Home-decor retailer,Silver Art Decor,Bin Laden R/A,+97165345757,,all families
Home-decor retailer,Silver Cube Technical Services,"Office 216A, LG Building, Royal Building Business Centre, Umm Ramool",+97142671333,,all families
Home-decor retailer,Silver Stone Interiors Design,"2601, Citadel Tower, Business Bay",,,all families
Home-decor retailer,Sina Decor,,+971502678468,,all families
Home-decor retailer,Sinas Interior,"Near Jotun Paints, Al Quoz 2",+97143393231,,all families
Home-decor retailer,Sinmar Group Of Companies,"4, Fahad Bldg, Al Qusais",+97142512525,,all families
Home-decor retailer,Sketches Interior Decoration,,+97126416043,,all families
Home-decor retailer,Skopos Interiors,"2nd Flr, Caterpillar Bldg, Salahuddin St, Deira",+97142660128,,all families
Home-decor retailer,Sky Castle Interiors LLC,"Warehouse 4, Near Choithram Warehouse, Al Quoz Industrial Area 4",+97143380949,,all families
Home-decor retailer,Sky Color Decor,"M-40, Near Emirates Darbar Rest, Musaffah",,,all families
Home-decor retailer,Skyline Builders,Deira,+97142397239,,all families
Home-decor retailer,Skyway Interior and Decoration LLC,Bhnd Toyota S/Room,+97165335229,,all families
Home-decor retailer,Sleek Technical Works LLC,"211, Al Shaali Bldg, Al Qusais",+97142513631,,all families
Home-decor retailer,SLM Interiors & Decorations LLC,Dubai,+97142677723,,all families
Home-decor retailer,Smart Mind Interior Design Works LLC,,+97143973100,,all families
Home-decor retailer,Smart Star Interior Design LLC,,+97142679329,,all families
Home-decor retailer,Snappy Advertising LLC,"Near Berger Paints, Al Quoz Industrial Area 1",+97143395344,,all families
Home-decor retailer,Solideir Decor,"2301, Green Emirates Property Bldg, Tower B, Electra St",+97126434618,,all families
Home-decor retailer,Sooalux Interior Design LLC,"Office 905, Sama II Bldg, Salem Bin Omer St, Abu Shagara",+97165757758,,all families
Home-decor retailer,Southern Interiors LLC,Ajman,+97167488348,,all families
Home-decor retailer,Space Aura Interiors LLC,"Baniyas Square, Deira",+971525427648,,all families
Home-decor retailer,Space Decoration LLC,"Unit 72-73, Al Quoz 3",+97143474708,,all families
Home-decor retailer,Space Design LLC,"Warehouse 94, Jebel Ali Ind Area 1",+97142632593,,all families
Home-decor retailer,Space Embrace Interior Decoration LLC,"Office # 1502. 15 Flr, Exchange Tower, Business Bay",+97145877293,,all families
Home-decor retailer,Space Makers Interior Decoration LLC,"W/H # 10, Ras Al Khor Indl Area",+97143272308,,all families
Home-decor retailer,Spacewell Interiors,"Level 20, Al Shafar Tower, TECOM",+97144477301,,all families
Home-decor retailer,Spartans General Contracting Co LLC,"M 4, Next To Aramex, Salem Mohd Al Amri Bldg, Al Nahyan Complex, Muroor",+97124915695,,all families
Home-decor retailer,Spazio Interior Decoration LLC,"Office No: 2703, API Trio Tower, Novotel Hotel, Sheikh Zayed Road, Al Barsha-1",+97143990011,,all families
Home-decor retailer,Spazio Interiors LLC,"A-200, Al Shoala Bldg, Deira",+97142999681,,all families
Home-decor retailer,Spectrum Exhibition,"National Industrial Park, Jebel Ali",,,all families
Home-decor retailer,Speed Group Technical Services LLC,"W/H 26, Al Quoz 2",+97143387176,,all families
Home-decor retailer,Speedwell Decor,"Near National Taxi, I/Change 3, Al Quoz Indl Area",+97143390111,,all families
Home-decor retailer,Spencer Interiors LLC,"Al Quoz, Interchange 4",+97143415767,,all families
Home-decor retailer,Spiceworks Interior Design LLC,,+97143474645,,all families
Home-decor retailer,Splash Interiors LLC,,+97142671405,,all families
Home-decor retailer,Sposa Bella,Abu Dhabi,+97126665909,,all families
Home-decor retailer,Stamfort Trading and Inds FZE,Hamriyah Free Zone,+97165260155,,all families
Home-decor retailer,Star Interior & Exhibition LLC,Ras Al Khor,+97143334560,,all families
Home-decor retailer,Star Wrought Iron,"Between 2 & 3rd I/Change, Al Quoz",+97143391715,,all families
Home-decor retailer,Step Interiors,"Office 404, Al Salemiyah Tower, Baniyas Road, Deira",+97142288485,,all families
Home-decor retailer,StickMan,"Grosvenor Business Tower,Suite 1212 Tecom",+97144347585,,all families
Home-decor retailer,Stitchwel Trading Company LLC,,+97126343120,,all families
Home-decor retailer,Straight Line Decoration LLC,"505, Al Nooami Bldg, Next to Aramex Bldg, Muroor Rd",+97124439980,,all families
Home-decor retailer,Stylish Advanced Decor,"Office 857, 8th Floor, Al Gaith Tower, Near Lulu Express, Hamdan Street",+97125089124,,all families
Home-decor retailer,Suavitas Studio Interior Decorations LLC,"1703 A, Nassima Tower, Sheikh Zayed Road",+97142217441,,all families
Home-decor retailer,Summer Star Technical Services LLC,Al Qusais,+971526357582,,all families
Home-decor retailer,Summertown,,+97126652003,,all families
Home-decor retailer,Summit Tower Painting & Decor LLC,Al Hili Indl Area,+97137635083,,all families
Home-decor retailer,Super Comfort Decoration Works LLC,"Office 11, 1st Floor, Bin Brook Bldg, Hamdan St",+97126772140,,all families
Home-decor retailer,Super Sign LLC,New Industrial Area,,,all families
Home-decor retailer,Surface Solutions LLC,,+97142558137,,all families
Home-decor retailer,Swagger Technical Works LLC,"Warehouse # 8, Next Darbar Restaurant, Near Al Abbar, Ras Al Khor Industrial Area 2, Ras Al Khor",+97143205603,,all families
Home-decor retailer,Swati Interior LLC,Al Quoz,+97143477568,,all families
Home-decor retailer,Sweet Home Decor,"Sarooj St, Murabba Rd",+97137667227,,all families
Home-decor retailer,Swift Art Interior Decoration LLC,Dubai,+97143966456,,all families
Home-decor retailer,Swift Interiors LLC,"101, CM S/Market Bldg, Karama",+97143976912,,all families
Home-decor retailer,Syndicate Construction LLC,"10th Street, Near Emirates Glass, Al Quoz",+97143236236,,all families
Home-decor retailer,T-Brik Interior Decoration,Al Jurf Area,+97167434148,,all families
Home-decor retailer,Tafasil Interior Decor,Indl Area 13,+97165352150,,all families
Home-decor retailer,Tamim Tasin Paint and Decor Work LLC,"Office G11, Nuaimia BLD, Nuaimia 2",+97162559361,,all families
Home-decor retailer,Tamimi Interior Design LLC,Qusais,+97142617580,,all families
Home-decor retailer,TAO Designs LLC,"2102, Twin Tower, Deira",+97142271633,,all families
Home-decor retailer / Gift / corporate-gift,Tarweej International Information Media LLC,"M17, Mussafah",+97126278860,,all families / decor objects + clocks + gifting
Home-decor retailer,Taufeeq Nazir Tech Contracting LLC,Sharjah,+97165681221,,all families
Home-decor retailer,Taurus Interiors LLC,Bin Soukat Centre,+97142844416,,all families
Home-decor retailer,Team Fitout Design LLC,Al Qusais Industrial Area 3,+97142626633,,all families
Home-decor retailer,Team One Interior Design,,+971544934747,,all families
Home-decor retailer,Team Penta Interiors LLC,Al Qusais 2,+97142630943,,all families
Home-decor retailer,Technical Industrial For Laminating Sheets LLC,"Plot 43, Block M 43, Mussafah Industrial Area",+97125511546,,all families
Home-decor retailer,Techno Style Decor,"Office 204, Saleh Bin Lahej Bldg., Garhoud",,,all families
Home-decor retailer,Tescosa Technical Services,Deira,+971557600939,,all families
Home-decor retailer,Texas Interior and Contract LLC,"Near Tuba Intl, Indl Area 5",+97165424622,,all families
Home-decor retailer,Thatch Interior Design,"1503, Intl Business Tower, Business Bay",+97143639776,,all families
Home-decor retailer,The Interior Consortium,Al Qusais Indl Area 4,+971505546944,,all families
Home-decor retailer,Third Dimension,"501, Al Durrah Tower",+97165566716,,all families
Home-decor retailer,This and That Decor,Naif Rd,+97142727794,,all families
Home-decor retailer,Time Decor Works,"Opp Prime Tower Hotel, King Faisal Rd, Abu Shagara",+97165553467,,all families
Home-decor retailer,Top Rock Interiors LLC,Al Qusais Industrial Area 2,+97142678095,,all families
Home-decor retailer,Touch Wood Carpentry Decor Works,Al Jurf Industrial Area 1,+971507074571,,all families
Home-decor retailer,Touchwood Decor and Furniture Limited,"Near Tiffany Food W/House, Indl Area 4",+97165331546,,all families
Home-decor retailer,Trans Heritage Engraving and Decor LLC,"Al Mulla Bldg, Damascus St, Al Qusais",+97142676782,,all families
Home-decor retailer,Translite,"401, Grand Buffet Bldg, Al Dhiyafa St",+97143456712,,all families
Home-decor retailer,Trends Acrylic LLC,"W/House 4, Al Quoz Indl Area 4",+97143471336,,all families
Home-decor retailer,Tricon Interiors LLC,"Blue Bays Tower, 44th Street, Marasi Drive, Business Bay",+97142522782,,all families
Home-decor retailer,Triple Mae Technical Services,"Office 311, Block C, Diamond Business Center, Arjan",+971586353007,,all families
Home-decor retailer,True Wood Interior Design Works LLC,Al Quoz 4,+97143404403,,all families
Home-decor retailer,Trump Interior Decoration LLC,"303, B8 Bldg, Al Barsha 1",+971555066789,,all families
Home-decor retailer,Trust Base Interior Decoration,"Office 605, Building 01, Bay Square, Business Bay",+97144572304,,all families
Home-decor retailer,Tulsi Interiors LLC,"Office No 603, Qusais Plaza",,,all families
Home-decor retailer,Unicare Interior Decoration LLC,,+97142766979,,all families
Home-decor retailer,Unique Paints LLC,"Ras Al Khor Indl Area, Al Aweer",+97143335251,,all families
Home-decor retailer,Universal Interiors Industrial LLC,"Opposite Gibca, New Industrial Area",,,all families
Home-decor retailer,Universal Shelving FZE,Ajman,+97167416558,,all families
Home-decor retailer,Ur-Bane Design Interior Solutions LLC,"311, Zaromi Bldg, Damascus St, Qusais 2",+97142520131,,all families
Home-decor retailer,V K Exhibitions & Decor Industry LLC,Dubai,+97143387040,,all families
Home-decor retailer,Vann Furniture & Interior Design JLT,"2107, JBC 2, JLT",+97143605269,,all families
Home-decor retailer,Versailles Identity,"Opp Defence Camp, Delma St, Muroor Rd",+97126425000,,all families
Home-decor retailer,Vexus Group,"Office 701-702, 13 Bay Square, Business Bay",+97142428349,,all families
Home-decor retailer,Vexus Interiors LLC,Dubai,+97143535898,,all families
Home-decor retailer,Villati Interiors,Al Qusais Industrial Area 3,+97142677737,,all families
Home-decor retailer,Vinayak Interiors LLC,"Beside Home Centre Logistic, Al Quoz 1",+97143393270,,all families
Home-decor retailer,Vitra Interior Design LLC,,+97124410786,,all families
Home-decor retailer,Volume Space Interiors LLC,"Warehouse No. A13, Opp Jotun Paints, Al Quoz 2",+97143366377,,all families
Home-decor retailer,Wadi Al Mas Interior Decoration LLC,"101, Dream Bldg 2, Damascus St, Al Qusais Indl Area 4",+97142646065,,all families
Home-decor retailer,WaJeBCo,,+97142568869,,all families
Home-decor retailer,Wall Arto,"10, Bin Bishr, Abu Hail",+971552514888,,all families
Home-decor retailer,"Waqas Gypsum Decore, Fallseiling and GRC Works",Sharjah,+971507961855,,all families
Home-decor retailer,Wedge Wood Interiors LLC,"Bhnd ADCB Bank, Indl Area 2",+97165422267,,all families
Home-decor retailer,Westbrook Interiors LLC,"M 12, Al Wasl Bldg, Opp Burj Khalifa, Shk Zayed Rd",,,all families
Home-decor retailer,White Diamonds Decoration LLC,Ras Al Khor,+97149376222,,all families
Home-decor retailer,White Valley General Contacting,,+97144564359,,all families
Home-decor retailer,Whitebricks Interior Decoration LLC,Al Khabaisi,+971585011555,,all families
Home-decor retailer,Winter Plus Interior Design Works LLC,,+97143377518,,all families
Home-decor retailer,Wisco Interiors,,+97142563631,,all families
Home-decor retailer,Wishbox Interior Design LLC,"Near Natl Paints R/A, Indl Area 11",+97165345228,,all families
Home-decor retailer,Within 175 Interior Decoration,Dubai,+971504686652,,all families
Home-decor retailer,Wood Craft House LLC,,+97143389874,,all families
Home-decor retailer,Wood Expressions Interior Decoration LLC,"34th Street , Near to Al Wasl Village, Al Qusais Industrial Area 5",+97143210255,,all families
Home-decor retailer,Wood Line Design,Al Ghusais Indl Area 4,+97142673030,,all families
Home-decor retailer,Wood Tech Furniture LLC,Al Jarf Industrial Area,+97167482777,,all families
Home-decor retailer,Wood Vision Decor LLC,,+97143401589,,all families
Home-decor retailer,WOODCO,"Opp Hamarain Center, 13A Str Area, Deira",+97142621199,,all families
Home-decor retailer,Wooden Style LLC,"Near Al Shirawi, Ras Al Khor",+97143330643,,all families
Home-decor retailer,Woodfloors Middle East LLC,"A3, Al Ghurair Warehouse, 4th Street Al Quoz 3",+97143386678,,all families
Home-decor retailer,Woodland Technical Works LLC,Al Quoz 4,+97143479485,,all families
Home-decor retailer,Woodmend Interiors,Al Garhoud,+97142949809,,all families
Home-decor retailer,Woodpecker Decorations LLC,"Umm Ramool Area, Rashidiya",+97142862686,,all families
Home-decor retailer,Yaaqoub Hamdan Company LLC,Indl Area 11,+97165343988,,all families
Home-decor retailer,York Paints & Decor Works LLC,,,,all families
Home-decor retailer,Youth Worx,,+97143807363,,all families
Home-decor retailer,Zad General Trading Establishment,"Showroom# 1, 169, Umm Suqeim Road, Al Quoz",+97143356200,,all families
Home-decor retailer,Zaharat Al Najah,"Damascus Street, Al Qusais",+971509857294,,all families
Home-decor retailer,Zawaya Decoration,"Baniyas Tower, Corniche",+97126270327,,all families
Home-decor retailer,Zawaya Technical Works LLC,,+97148847771,,all families
Home-decor retailer,ZAYAANCO,"Maliha Road, Industrial Area 17",+97165691757,,all families
Home-decor retailer,Zen Interiors,"Showroom No.2, Essa Lutfi Building, Al Barsha 1, Near Mashreq Metro Station, Besides United Bank Limited",+97143405050,,all families
Home-decor retailer,Zen Studio FZ LLC,"1213, Grosvenor Business Tower, Tecom Area",+97144404881,,all families
Home-decor retailer,Zenith Furniture Industry,Dubai,+97143388087,,all families
Home-decor retailer,Zina Decoration Est,"4th I/Change, Al Quoz Indl Area",+97143477741,,all families
Home-decor retailer,Ziwa Technical Services LLC,Al Quoz,+97143389002,,all families
Home-decor retailer,Zukhrof Maintenance and Decoration,"New Al Safiya Bldg, Near Galadari Signal, Hor Al Anz, Deira",+97142687356,,all families
Home-decor retailer,Zylus Interior Design LLC,,,,all families
Tableware / serveware / Hotel & hospitality supplier,Tylu Hospitality,Sajja Indl Area,+97165348761,,serveware/tableware
Tableware / serveware / Crockery / Hotel & hospitality supplier,Buyhoreca Trading Co LLC,"Shop No.SR-9, The Metro Centre Building, 13A Street, Al Khabaisi Area, Deira",+97142355003,,serveware/tableware
Tableware / serveware,Al Bayader International LLC,(UAE Head Office) Industrial Area 15,+97165095999,,serveware/tableware
Tableware / serveware,Al Jaber Trading Enterprises LLC,"1st Flr, Al Jaber Bldg, Al Aweer Road, Ras Al Khor",+97145220430,,serveware/tableware
Tableware / serveware / Crockery / Hotel & hospitality supplier,Hadi Enterprises LLC,"Near Al Quoz Mall, 4th I/Change, Al Quoz Indl Area 1",+97143470310,,serveware/tableware
Tableware / serveware,Nine Ventures Decor & Tableware LLC,"308, Westburry Office Tower, Business Bay",+971502463281,,serveware/tableware
Tableware / serveware,Prozone Trading Company,"M 11, Shabiya",+971561837161,,serveware/tableware
Tableware / serveware,United Star Metal Works LLC,"Warehouse 8, Behind Lulu Exchange, Abdul Jelil Building, Ras Al Khor Indl Area 2",+97143203711,,serveware/tableware
Tableware / serveware,Vision Steel Fabrications LLC,"Shed 4, Al Rostamani Warehouse, Ras Al Khor",+97143272162,,serveware/tableware
Tableware / serveware,Catania Ref & Kitchen Equipment Ind. LLC,"Shed 1&2, Indl Area 15",+97165358448,,serveware/tableware
Tableware / serveware,Parco Refrigeration and Kitchen Equipment Factory LLC,"Parco Bldg, Al Qusais Indl Area 4",+97142670660,,serveware/tableware
Tableware / serveware / Hotel & hospitality supplier,Kitchen Land Kitchen Equip Tr,"Al Maleha Road, Industrial Area 18",+971552218814,,serveware/tableware
Tableware / serveware / Crockery / Hotel & hospitality supplier,Dhiraj General Trading LLC,"Behind Geco, Indl Area 6",+97165437967,,serveware/tableware
Tableware / serveware,Aatish General Trading FZE,Ajman,+97165357867,,serveware/tableware
Tableware / serveware,Abaysan Kitchen Equipments LLC,"Shop 8, Caterpillar Bldg, Salahuddin Rd, Deira",+97142964111,,serveware/tableware
Tableware / serveware,Abdulla Mohd Tabei Trading Co,"G Flr, Mohd Hussain Ansari Bldg, Al Ras, Deira",+97142265707,,serveware/tableware
Tableware / serveware,ADDCO FZE,Hamriyah Free Zone Phase 1,+97165575181,,serveware/tableware
Tableware / serveware,Ahmad Bakri for Bakery and Kitchen Equipment Trading LLC,"Shop 4, Al Khan Residence, Opp Al Farooj, Al Khan St, Al Majaz 3",+97165541411,,serveware/tableware
Tableware / serveware,Ahmed Rabee Household Appliances Trading,Ras Al Khor Industrial 2,,,serveware/tableware
Tableware / serveware,Al Afeef Kitchens Accessories Trading Company LLC,"Near Al Mukhtar Bakery, King Faisal Rd",+97165337464,,serveware/tableware
Tableware / serveware / Hotel & hospitality supplier,Al Ahlia Kitchen Equipment,"Near Navy Gate, Al Falah St",+97128870206,,serveware/tableware
Tableware / serveware,Al Ahlia Kitchens and Sanitary Wares,"Near General Court & Airport Rd, Murashed",+97192220023,,serveware/tableware
Tableware / serveware / Hotel & hospitality supplier,Al Arz Refrigeration Equipment Trading Company LLC,"Near Skyline College, Indl Area 3",+97165436904,,serveware/tableware
Tableware / serveware,Al Barq Kitchen and Furniture Hotel Accessories Trading LLC,"Near Bin Laden R/A, Indl Area 11",+97165340488,,serveware/tableware
Tableware / serveware,Al Barsha Star Public Kitchen,"Near Grand Hotel, Al Qusais Indl 4",+97143410044,,serveware/tableware
Tableware / serveware,Al Barshaa General Trading Company LLC,"W/H C-6, Near Union Paper, Al Quoz 1",+97143804064,,serveware/tableware
Tableware / serveware / Hotel & hospitality supplier,Al Basha Kitchen Ind LLC,Zaman Abdul Naseer Street,+97165599866,,serveware/tableware
Tableware / serveware / Hotel & hospitality supplier,Al Basha Restaurant and Bakeries Accessories Trading,"Salah Al Din Road, Deira",+97142977783,,serveware/tableware
Tableware / serveware,Al Bayan Commercial Establishment LLC,Industrial Area 4,+97165550991,,serveware/tableware
Tableware / serveware,Al Bustan Kitchens,"Near Lucky R/A, New Industrial Area",+97167407937,,serveware/tableware
Tableware / serveware,Al Diwan Refrigeration and Steel LLC,"Hor Al Anz ,Salahuddin Rd, Deira",+97142688922,,serveware/tableware
Tableware / serveware / Hotel & hospitality supplier,Al Diyafa Hotel and Catering Supplies,"Inside Courtyard Bldg, I/Change 1 & 2, Al Quoz Indl Area",+97143474727,,serveware/tableware
Tableware / serveware / Hotel & hospitality supplier,Al Furat Horizon Trading LLC,"Office 20, Mezz Floor, Arabilla Bldg, Near Al Mulla Plaza, Al Mamzar, Hor Al Anz",+97142208859,,serveware/tableware
Tableware / serveware,Al Halabi Refrigeration and Kitchen Equipment Factory LLC,Industrial Area 12,+97165342318,,serveware/tableware
Tableware / serveware,Al Halabi Refrigeration and Kitchen Equipment LLC,Industrial Area 12,+97165342318,,serveware/tableware
Tableware / serveware / Hotel & hospitality supplier,Al Hayam Kitchens Trading LLC,"Ware House 01, Industrial Area 3",+97165422936,,serveware/tableware
Tableware / serveware,Al Ibdaa Ref. Devices Trading LLC,"Jamal Abdul Nasser Street, Al Majaz 3",+97165521157,,serveware/tableware
Tableware / serveware,Al Inshirah Kitchen Equipments,Al Quoz 4,+97143806957,,serveware/tableware
Tableware / serveware,Al Jazirah Equipment and Tech Services,"Darwish Bldg, Deira",,,serveware/tableware
Tableware / serveware,Al Maidoor Metal Inds,Dubai,+97142617755,,serveware/tableware
Tableware / serveware,Al Marssa Metallic Industries and Refrigeration,"Al Khan R/A, Jamal Abdul Nasir St",+97165559250,,serveware/tableware
Tableware / serveware,Al Mayzan Kitchens Machines & Devices Ind LLC,"Warehouse No.2, Binladen Signal, Behind Mashreq Bank Building, Ind Area 11",+97165435051,,serveware/tableware
Tableware / serveware,Al Mazaya Kitchen Equip Trdg LLC,,+97165429548,,serveware/tableware
Tableware / serveware,Al Muntasir Kitchen Cabinets & Fixtures Manufacturing LLC,Industrial Area 2,+971564225574,,serveware/tableware
Tableware / serveware,Al Panda Industries,"MW-4, Mussafah Indl Area",+97125516656,,serveware/tableware
Tableware / serveware,Al Patra Kitchen Equipment Trading LLC,"Near FAB, Sheikh Zayed Bin Sultan St",+97126441151,,serveware/tableware
Tableware / serveware,Al Quresh Kitchen Equipments,"Showroom 15, Ground Floor, Sharqah, Butina",+97165224758,,serveware/tableware
Tableware / serveware,Al Razana Kitchen Eqpt Tr LLC,Jamal Abdul Naser St,+97165599840,,serveware/tableware
Tableware / serveware,Al Rumooz Trading LLC,Mussafah 37,+97125559619,,serveware/tableware
Tableware / serveware,Al Ruwad Kitchen Trading Company LLC,"Opp Gargash S/Room, Industrial Area 12",+97165389415,,serveware/tableware
Tableware / serveware,Al Samra Kitchen Equip Industrial LLC,Ind Area 4,+97165327606,,serveware/tableware
Tableware / serveware,Al Taj Kitchens Equipment,"01, Al Oufouk Building, Industrial Area 17",+97165557484,,serveware/tableware
Tableware / serveware / Crockery / Hotel & hospitality supplier,Al Talha Steel Fabrication,Sajja Indl Area,+971508004621,,serveware/tableware
Tableware / serveware,Al Waha Kitchen Equipment LLC,"W/H No. 9/10, Near Ocean Rubber, Indl Area 15",+97165244652,,serveware/tableware
Tableware / serveware,Al Warda kitchen Equipment Trading,"Shed 12, Industrial Area 11",+97165663355,,serveware/tableware
Tableware / serveware,Al Zabarjad General Trading LLC,"Office 72, ADCB Building, Mina Road",+97165313613,,serveware/tableware
Tableware / serveware,Americana Kitchen Equipments,"Maltran Cargo Bldg, TCA",+97126713300,,serveware/tableware
Tableware / serveware,AMTC Industries,,+971568378823,,serveware/tableware
Tableware / serveware / Hotel & hospitality supplier,Andy Mannhart Company LLC,"2411, Al Manara Tower, Business Bay",+97144202667,,serveware/tableware
Tableware / serveware,ANKE - Al Nasseeb Kitchen Equipments,"Near Aims R/A, New Industrial Area 1",+97167480178,,serveware/tableware
Tableware / serveware / Hotel & hospitality supplier,Apron Kitchen Fixtures Trading,"Next to Cargo Village, Airport Rd",+97142868000,,serveware/tableware
Tableware / serveware,Arrex Kitchens,"S/Room 1, Al Joud Bldg, Sh Zayed Rd",+97143790799,,serveware/tableware
Tableware / serveware,Astroline Steel Industries LLC,Ras Al Khor Indl Area 2,+97142247741,,serveware/tableware
Tableware / serveware,Aswar Kitchens and Ovens Ind LLC,Industrial Area 11,+97165346634,,serveware/tableware
Tableware / serveware,Atarid Bakeries Industry Co LLC,Indl Area 4,+97165336448,,serveware/tableware
Tableware / serveware,Awtad Trading Co,"2, Al Yasmeen Bldg, Near Cricket Stadium, Indl Area 5",+97165384888,,serveware/tableware
Tableware / serveware,B Group of Companies,"228, Al Hana Centre, Satwa",+97143988860,,serveware/tableware
Tableware / serveware,Baayaa For Catering Equipment Trading Co,"Al Khabaisi Street, Deira",+971524948162,,serveware/tableware
Tableware / serveware,Bab Al Bahar Kitchen and Restaurant Equipment Trading,,+971559632096,,serveware/tableware
Tableware / serveware,Bari Kitchen Equipment Tr LLC,King Abdululaziz Road,+971529903885,,serveware/tableware
Tableware / serveware,Barnsley Universal Inc,"W/House GB 3, R/A 8, Jebel Ali Free Zone Area",+97148833306,,serveware/tableware
Tableware / serveware,Basco International,Dubai,+97143979545,,serveware/tableware
Tableware / serveware,Batimat Building Material Company LLC,"G Flr, Arcade Bldg, Al Garhoud",+97142820155,,serveware/tableware
Tableware / serveware,Bin Mohammed Al Marzuoqi Trading,"Bhnd Thomas Cook, Hamdan St",+97126717524,,serveware/tableware
Tableware / serveware,Bin Sarm Trading Establishment,"Nakheel Centre, Bhnd Al Maktoum Hospital, Deira",+97142217206,,serveware/tableware
Tableware / serveware,Blue Bell Kitchen Equipment Trading LLC,"Near Emirates Transport, M 10, Mussafah",+97125552553,,serveware/tableware
Tableware / serveware / Hotel & hospitality supplier,Blue Ribbon LLC,"Suite No 3, Indigo Sky, Next To FAB Metro Station, Umm Al Sheif, Sheikh Zayed Road",+97142573131,,serveware/tableware
Tableware / serveware,Bohec Middle East Company LLC,"Hamdan Bin Al Sheikh Juma Bldg, Zabeel Road",+97143374777,,serveware/tableware
Tableware / serveware,Cater Parts Town Kitchen Equipment,Abu Dhabi,,,serveware/tableware
Tableware / serveware / Hotel & hospitality supplier,Central Kitchen Equip,"Capital Metallic Building, Next To Union National Bank Street",+97124910058,,serveware/tableware
Tableware / serveware / Hotel & hospitality supplier,Chefs Choice Kitchen Equipment Trading LLC,"Shop No. 20, Y-20, England Cluster, International City",+97145574230,,serveware/tableware
Tableware / serveware / Hotel & hospitality supplier,Chefs First Equipment Trading LLC,"Office 217, No 6 Building, Gold & Diamond Park, Shaikh Zayed Road",+97143252666,,serveware/tableware
Tableware / serveware,Classic Aluminium and Glass,"Near Technical Scissors, Khalidiya St",+97126663731,,serveware/tableware
Tableware / serveware,Clever Kitchen Equipments,"2103, Palace Tower, Silicon Oasis",+97143442040,,serveware/tableware
Tableware / serveware,Commercial Catering Equipment LLC,"W/H 4, Al Quoz Indl Area 3, Al Quoz",+97143405005,,serveware/tableware
Tableware / serveware,Complete Kitchen Solutions FZE,Hamriyah Free Zone,+97167696921,,serveware/tableware
Tableware / serveware,Complete Kitchen Solutions LLC,,+97142731771,,serveware/tableware
Tableware / serveware,Concept Bath Trading FZE,Al Barsha,+97143472700,,serveware/tableware
Tableware / serveware / Hotel & hospitality supplier,Daliya Trading Company LLC,"Salahdin Road, Near Aboobacker Metro Station, Deira",+97142726050,,serveware/tableware
Tableware / serveware,Dar Al Rayaan Kitchens Equip. Tr,"Warehouse 9, Behind Sheikh Mohd. Bin Zayed St., Ind Area 15",+971556363447,,serveware/tableware
Tableware / serveware,Das Aluminium Kitchens and False Ceilings,"Eid Al Mazrouie Bldg, Bhnd ADCB, Tourist Club Area",+97126444622,,serveware/tableware
Tableware / serveware,Dhaher Kitchen Trading Establishment,"Opp Emirates Market, Al Naemiyah Area",+97167464116,,serveware/tableware
Tableware / serveware / Crockery,Diamonds Steel FZCO,"Bhnd Enoc Station, St 13, Jebel Ali R/A",+97148839697,,serveware/tableware
Tableware / serveware,Eden Line Kitchen Equipment Trading LLC,Dubai,+97143971077,,serveware/tableware
Tableware / serveware,Electrolaice Kitchen Equipment Manufacturing LLC,New Industrial Area,+97167433062,,serveware/tableware
Tableware / serveware,Elegant Kitchen Equipment Trdg LLC,"Salahuddin Road, Deira",+97142599580,,serveware/tableware
Tableware / serveware,Elenco General Trading Establishment,"Next to Nehal Hotel, Hamdan St",+97126778880,,serveware/tableware
Tableware / serveware,Elenco Trading Establishment,"Opposite Leader Sports,Near Abu Baker Sidique Metro Station, Salahuddin Road, Deira",+97142690890,,serveware/tableware
Tableware / serveware,Empire Kitchen Industry LLC,"Shaikh Maktoum Bin Rashid Al Maktoum, Bhnd Ewan Hotel, New Indl Area",,,serveware/tableware
Tableware / serveware,Energy International,"105, Sh Hamdan Bin Rashid Bldg (Zabeel Bldg), Zabeel Rd, Karama",+97143885619,,serveware/tableware
Tableware / serveware,Energy Supplies and Services,"M-58, Al Khubaira Building, Behind Spar Supermarket, Khalidiya",+971553544627,,serveware/tableware
Tableware / serveware / Hotel & hospitality supplier,Everstyle Trading Limited,"German Gulf Bldg, Al Khan R/A",+97165314106,,serveware/tableware
Tableware / serveware,Excel Kitchen LLC,"Near Zulekha Hosp, Amman St, Indl Area 3, Al Qusais",+97142679180,,serveware/tableware
Tableware / serveware,Expert Express Kitchen Equipment,"Shop 6, Lootah Bldg, Hor Al Anz, Deira",+97142699939,,serveware/tableware
Tableware / serveware,Expo Gulf Trading LLC,"Office M01, Plot 128-153, Salahuddin St, Al Khabaisi",+97144420157,,serveware/tableware
Tableware / serveware,Falcon Professional Kitchen LLC,"8 St., Umm Ramool",+97142053444,,serveware/tableware
Tableware / serveware,Fast Track Metallic Ind LLC,"Opp Royal Marine Shipping, Industrial Area 17",+97165351536,,serveware/tableware
Tableware / serveware,Fix Cooker,Al Khail Street,+971567671239,,serveware/tableware
Tableware / serveware,Future Kitchen Equipment LLC,"Next to Gigi Pharmacy, Passport Rd",+97126343888,,serveware/tableware
Tableware / serveware,Gianni & Gelato Gen Trdg LLC,"Ittihad Rd, Al Khabaisi Str, Deira",+97142652346,,serveware/tableware
Tableware / serveware,Ginox Food System,,+97172444567,,serveware/tableware
Tableware / serveware,Grill Stone BBQ,Al Yarmook,+971559368878,,serveware/tableware
Tableware / serveware / Hotel & hospitality supplier,Gulf Protek LLC,"Zabeel House 1, Karama",+97143341110,,serveware/tableware
Tableware / serveware,Habtoor International,"Al Muteena St, Deira",+97142721212,,serveware/tableware
Tableware / serveware,Haji Ali Mohebbi Trading Company LLC,"Old Market, Old Municipality Street,Murshid Bazaar, Deira",+97142561515,,serveware/tableware
Tableware / serveware,Harvest Home,"1, Jumeirah Centre, Near Spinneys, Jumeirah Beach Rd",+97143420225,,serveware/tableware
Tableware / serveware,Horas Trading,"Factory,  Near China Mall, Al Jurf",+97167477780,,serveware/tableware
Tableware / serveware,Ibdaa Ref Devices Bakery & Kitchen Equip,Jamal Abdul Naser St,+97165391217,,serveware/tableware
Tableware / serveware,Imperial Kitchen & Technology LLC,Al Jurf,,,serveware/tableware
Tableware / serveware / Hotel & hospitality supplier,Indo Arab Solutions Steel and Welding (LLC),"Ware House No 2, Industrial Area 3",+97165422854,,serveware/tableware
Tableware / serveware,Innovative Catering Equipment Middle East FZCo,Dubai,+97142045748,,serveware/tableware
Tableware / serveware / Hotel & hospitality supplier,Inoks Service Trading LLC,"Shop 4, Oud Metha Bldg, Near Malaysian Trade Center, Karama",+97144585898,,serveware/tableware
Tableware / serveware,Italia Kitchen Group,"Warehouse No.3, Jebel Ali Bldg, Al Quoz 3",+97142977488,,serveware/tableware
Tableware / serveware,JB Technical Service LLC,Near Lucky RA,+971506876101,,serveware/tableware
Tableware / serveware,Jsir Muwaileh Steel LLC,Industrial Area-11,+97165354020,,serveware/tableware
Tableware / serveware,Kitchen N Style LLC,Abu Hail,+97142828193,,serveware/tableware
Tableware / serveware,Kitchen Net LLC,"210, 16 F, Micco Bldg, Al Yassat Bldg, Najda St",+97126773380,,serveware/tableware
Tableware / serveware,Kitchen Solutions LLC,"Bhnd Traders Hotel, Salahuddin St, Deira",+97142978715,,serveware/tableware
Tableware / serveware / Hotel & hospitality supplier,Kitcherama Trading Company LLC,"Office 181, Al Wahda St",+97165323884,,serveware/tableware
Tableware / serveware,Land & Sea Kitchens Equipment Manufacturing LLC,New Indl Area,+97167401836,,serveware/tableware
Tableware / serveware,Leonard Engineering LLC,"M 40, Mussafah",+97125503503,,serveware/tableware
Tableware / serveware,Mac Al Gurg LLC,"Al Ittihad Road, Deira",+97142698464,,serveware/tableware
Tableware / serveware,Manarat Al Khaleej Trading Establishment,Indl Area,+97137215466,,serveware/tableware
Tableware / serveware / Hotel & hospitality supplier,Marino Kitchen Equipment LLC,"Near Al Futtaim Mosque, Naif Intersection, Naif Str, Deira",+97142288535,,serveware/tableware
Tableware / serveware / Hotel & hospitality supplier,Mariot Kitchen Equipment LLC,"Near Abubaker Siddique Metro, Salahuddin Road, Deira",+97142882777,,serveware/tableware
Tableware / serveware,MMG for Gen Maint LLC,"Emirates Bank Bldg, 3rd I/Change, Sh Zayed Rd",+97143388995,,serveware/tableware
Tableware / serveware,Modern Kitchen Equipment Company Limited,"Next to Dar Al Shifa Hospital, Defence Rd",+97126420444,,serveware/tableware
Tableware / serveware,Mohamad Muati Kitchen Equip Trading LLC SP,"Al Khan, Al Wahda Street",+971564749109,,serveware/tableware
Tableware / serveware / Hotel & hospitality supplier,Mohamed Al Ali Kitchen Equipment Trading LLC,"Near Traditional Naif Souq, Deira",+97142590701,,serveware/tableware
Tableware / serveware,Mohamed Hareb Al Otaiba Kitchens Supplies LLC,Al Quoz Indl Area 2,+97143414900,,serveware/tableware
Tableware / serveware / Hotel & hospitality supplier,Mohammed Ibrahim Al Zubidi Company LLC,"Al Khabaisi, Deira",+97143322717,,serveware/tableware
Tableware / serveware,Mohd Al Hasib Aluminium,"M 11, Mussafah",+97125542311,,serveware/tableware
Tableware / serveware,Najm Alasasi Trading LLC,"Shop 37, Near EID Bilal cafeteria, Baniyas Building, Hardware Market, Deira",+971502354863,,serveware/tableware
Tableware / serveware,New Atlas Kitchen Preparing LLC,,+97167433151,,serveware/tableware
Tableware / serveware,Nice Kitchen Ind LLC,"Opp Musbah Aluminium, New Indl Area",+97167482469,,serveware/tableware
Tableware / serveware,Nice Two Kitchens and Refrigeration,"Shed 12, Al Jaddaf",+97143244858,,serveware/tableware
Tableware / serveware,Nisa Trading LLC,"6, Al Khaleej Apts, Bhnd Pizza Inn, Karama",+97143966132,,serveware/tableware
Tableware / serveware,Noor Al Qamar Kitchens and Restaurant Equipment Trading LLC,Muwaila,+97165613256,,serveware/tableware
Tableware / serveware,Orbit Kitchen Equipment Trading LLC,"1308, Salamat Medical Center Bldg, Khalifa St",+97167457239,,serveware/tableware
Tableware / serveware,Orient Hospitality International,"Office 118,  1 Floor 30 Street,?Sheikh Mariam Building? 7, Zabeel, Karama",+97143378696,,serveware/tableware
Tableware / serveware,Parco Kitchen Equipment LLC,,+97142670660,,serveware/tableware
Tableware / serveware,Perfect Kitchen Appliances Manufacturing LLC,"Perfect Kitchen Shed, Indl Area 2",+97165333966,,serveware/tableware
Tableware / serveware / Crockery,Phoenix Smart Systems LLC,"M-3, Merrit Saloon Bldg, Bhnd Juma Al Majid, Electra St",+97126455205,,serveware/tableware
Tableware / serveware,Premier Kitchen Solutions,,+97142510833,,serveware/tableware
Tableware / serveware,Prestige Stone LLC,Al Quoz 3,+97143383660,,serveware/tableware
Tableware / serveware,Qamar Alsahab Electromechanical Equipment Installation and Maintenance,"Bayan Business Centre, DIP 1",+971554183981,,serveware/tableware
Tableware / serveware,Quality Kitchen,Oud Mehta,+97143579997,,serveware/tableware
Tableware / serveware,Quantum Enterprise,"305, Block 'A', Al Shaola Bldg, Near Dnata, Deira",+97142953354,,serveware/tableware
Tableware / serveware,Rajwa Kitchen Equipments,Al Jurf,,,serveware/tableware
Tableware / serveware,Real Enterprises LLC,"Street 119A, Al Rigga, Deira",+97142272568,,serveware/tableware
Tableware / serveware,Reem Aluminium and Steel Kitchen Establishment,"Next to Dhabi Contg, M 16, Mussafah",+97125541544,,serveware/tableware
Tableware / serveware,Reliable Heaters and Electricals (FZC),Ajman,+97167445801,,serveware/tableware
Tableware / serveware,Royal House Life Style General Trading,,+97142712376,,serveware/tableware
Tableware / serveware,Sanitart Systems,"Opp Al Mukhtar Bakery, Indl Area 4",+97165330713,,serveware/tableware
Tableware / serveware,Savec Middle East For Equipment Trading LLC,"C2 Tower, Al Bateen",+97125634202,,serveware/tableware
Tableware / serveware,Sawaf Trading,"Opp Navy Gate, Near Decolite, Passport Rd",+97126440544,,serveware/tableware
Tableware / serveware / Crockery / Hotel & hospitality supplier,Sawas Kitchen Equipment Co,"Near Abu Baqar Metro Station, Salahuddin Road",+97142623777,,serveware/tableware
Tableware / serveware / Hotel & hospitality supplier,Silver Metals Industries LLC,"413, Al Mansoor Bldg, Al Qusais",+97142574380,,serveware/tableware
Tableware / serveware,Silver Star Kitchen Equipment,Abu Dhabi,+97124442204,,serveware/tableware
Tableware / serveware,Silvin General Trading LLC,,+97143456600,,serveware/tableware
Tableware / serveware,Smart Equipment Trading,"Warehouse 1, Industrial Area 1",+97167434874,,serveware/tableware
Tableware / serveware,Smart Kitchens FZE,"Street 15, Industrial Area 7",+97165612505,,serveware/tableware
Tableware / serveware,Sofia Refrigeration LLC,"1701, City Tower 2, Sheik Zayed Road",+97142684999,,serveware/tableware
Tableware / serveware,Solarco Emirates LLC,"DIP-Elite Compound, Bldg 11, Plot 6",+97148856381,,serveware/tableware
Tableware / serveware,Solarco Equipments,"1, Bldg 1, DIP",+97148853335,,serveware/tableware
Tableware / serveware,Spoton Steel LLC,New Indl Area,+97167481730,,serveware/tableware
Tableware / serveware,Steel Craft Refrigeration & Kitchen Equipment LLC,"D-13, Behind Tasheel Office, Industrial Area 13",+97165582506,,serveware/tableware
Tableware / serveware,Steel Tech LLC,,+97167450717,,serveware/tableware
Tableware / serveware,Style Modern Kitchen,,,,serveware/tableware
Tableware / serveware,Sultan Bin Rashed (Sultaco),"Near ADH Islamic Bank, Najda St",+97126334425,,serveware/tableware
Tableware / serveware / Hotel & hospitality supplier,Technical Supplies And Services Co LLC - TSSC,"Office 1209, 12th Floor Prime Tower Building, Business Bay",+97143431100,,serveware/tableware
Tableware / serveware,Technolux Equip Parts and Srvcs,,+97143448452,,serveware/tableware
Tableware / serveware / Crockery,Teka Kuchentechnik UAE LLC,"Bin Khedia Center, Garhoud",+97142833047,,serveware/tableware
Tableware / serveware,Teka Middle East FZC,"417, LOB-16, Jebel Ali Free Zone",+97148872912,,serveware/tableware
Tableware / serveware / Hotel & hospitality supplier,The Arabian Hospitality Facility Supply LLC,"212, Manball Cafe Bldg, Damascus St, Al Qusais",+97142577771,,serveware/tableware
Tableware / serveware,Torino Kitchen Eqpt Trdg,,+97165551542,,serveware/tableware
Tableware / serveware / Hotel & hospitality supplier,Tramontina UAE LLC,"Office 501/502, Al Tameem House, Tecom C",+97144504301,,serveware/tableware
Tableware / serveware,Trust Kitchens Equipment,,+97126665988,,serveware/tableware
Tableware / serveware,United Emirates Metals LLC,Dubai,+97148848880,,serveware/tableware
Tableware / serveware / Crockery,Universal Trading Co,"Next to Egypt Air, Istiqlal St",+97126335331,,serveware/tableware
Tableware / serveware,Van International FZC,Hamriya Free Zone,+97165340553,,serveware/tableware
Tableware / serveware,Venecia Kitchen Equipment,"Next to Liberty Showroom, Indl Area 4",+97165636798,,serveware/tableware
Tableware / serveware,Verona Kitchens,,+97165750553,,serveware/tableware
Tableware / serveware,Via Emirate Express Trading Establishment,"M02, Al Diwan Building, Jamal Abdul Naseer Street",+97165444118,,serveware/tableware
Tableware / serveware,Wahl International Food Equipment,"Plot 10, M 2, Mussafah",+97125545544,,serveware/tableware
Tableware / serveware,Western Kitchen Equipment Trading LLC,Abu Dhabi,+97125545003,,serveware/tableware
Tableware / serveware,Williams Refrigeration,"18th Floor, Crown Plaza Hotel Commercial Tower, Office # 1801, Sheikh Zayed Road, Trade Center First",+97143117145,,serveware/tableware
Tableware / serveware / Housewares / Hotel & hospitality supplier,Worth Way Fine Porcelain Company Limited,"Near St Georges Hotel, Al Ras, Deira",+97142268934,,serveware + decor / serveware/tableware
Tableware / serveware / Housewares / Hotel & hospitality supplier,Worthway General Trading LLC,"Al Ras Area, Deira",+97142268934,,serveware + decor / serveware/tableware
Tableware / serveware / Hotel & hospitality supplier,Yasmin Kitchens and Hotels Equipment LLC,"Next to Classic Metallic, Indl Area 15",,,serveware/tableware
Crockery / Housewares,Element Middle East LLC,Dubai,+97143530987,,serveware + decor / serveware/tableware
Crockery,A B S Middle East LLC,Al Qusais,+97142383464,,serveware/tableware
Crockery,Ababeel Household Trading LLC,Deira,+97142290108,,serveware/tableware
Crockery,Abdul Nasar Stores,Dubai,+97172221405,,serveware/tableware
Crockery,Abdul Rahman Karrani & Sons Co,Rolla,+97165696607,,serveware/tableware
Crockery,Abdul Razak M Tabei Trading,"Irani Market, Deira",+97142250490,,serveware/tableware
Crockery,Abrao LLC,"Lotus Plaza, Sh Zayed Rd",+97143467616,,serveware/tableware
Crockery / Housewares,Ahmed Abdulrehman and Sons LLC,Dubai,+97143536699,,serveware + decor / serveware/tableware
Crockery,Akbarshah Jangjou Trading Co LLC,Corniche Rd,+97165681486,,serveware/tableware
Crockery,Al Abadla Trading LLC,"84, Ahmed Abdul Rahim Hassan Bldg, Souk Al Kabeer, Deira",+97142266829,,serveware/tableware
Crockery,Al Abra Home Appliances Trading Co LLC,"Irani Market, Deira",+97142266634,,serveware/tableware
Crockery,Al Badiya Gifts,Abu Dhabi,+97126449336,,serveware/tableware
Crockery,Al Dawar Group,Al Quoz Indl Area 3,+97142674405,,serveware/tableware
Crockery,Al Dawodi Intl Kitchens,Mussafah,+97126423830,,serveware/tableware
Crockery / Hotel & hospitality supplier,Al Faraenah General Trading LLC,"112, Mayfair building, DIP1",+97148853741,,serveware/tableware
Crockery,Al Fateh Trading,"W/House 6, Mina Port",+97126733306,,serveware/tableware
Crockery,Al Fiada Household Equipments Establishment,"Old Gold Market, Rolla",+97165682282,,serveware/tableware
Crockery,Al Harmodi Stores,Gold Souk,,,serveware/tableware
Crockery,Al Karnak Consumer Material Est.,Indl Area 3,+97165422289,,serveware/tableware
Crockery,"Al Maahad Construction Equipment, Heavy Machinery and Spare Parts Manfacturing",Al Sajja,+97165317757,,serveware/tableware
Crockery / Gift / corporate-gift,Al Waseet Home Appliances and Gifts LLC,"Hikma Pharmacy Bldg, Salahuddin St, Deira",+97142975800,,decor objects + clocks + gifting / serveware/tableware
Crockery,Alkhajah Paint Store,Deira,+97143215083,,serveware/tableware
Crockery,Artline Trading LLC,"2, Al Falasi Hotel Apts Bldg, Al Nakheel Rd, Deira",+97142246435,,serveware/tableware
Crockery,Avci General Trading LLC,"Irani Market, Al Rada Al Ansari Exchange",+97142252664,,serveware/tableware
Crockery,AWM General Trading LLC,"22nd St, Al Quoz Indl Area 2",+97143390017,,serveware/tableware
Crockery,B S H Home Appliances FZE,"R/A 13, Jebel Ali Free Zone",+97148814401,,serveware/tableware
Crockery / Gift / corporate-gift,Bahram Mohd Rasool General Trading Company LLC,"Near Car Parking Bldg, Murshid Bazaar, Deira",+97142264842,,decor objects + clocks + gifting / serveware/tableware
Crockery,Barvar Trading Co,"Near Mashreqbank, Irani Market, Deira",+97142264230,,serveware/tableware
Crockery,Barzegar Trading Company LLC,"Near Seena Hotel, Sabakha Bus Station, Deira",+97142290227,,serveware/tableware
Crockery,BNL Trading LLC,"430, Al-Zarouni , Damascus Street Opposite to Eppco Petro Pump, Al-Qusais",+97142512142,,serveware/tableware
Crockery / Housewares,Bohara Trading Company LLC,"Bhnd Car Parking Bldg, Irani Bazaar, Deira",+97142255211,,serveware + decor / serveware/tableware
Crockery,Bright Line Trdg,,+97143475424,,serveware/tableware
Crockery,Caterlux Trdg LLC,,+97142284950,,serveware/tableware
Crockery,Chinese Sky Land Trading,"Irani Market, Al Ras, Deira",+97142351005,,serveware/tableware
Crockery,Classico Trading Company LLC,Ind Area 13,+97165386940,,serveware/tableware
Crockery,Crystalline,Dubai,+97143398897,,serveware/tableware
Crockery,Dayaram Trading Company LLC,"506, Al Abra Tower, Deira",,,serveware/tableware
Crockery,Dolphin Kitchen Eqpts,,+97165350020,,serveware/tableware
Crockery,Edison Elect Controls LLC,Deira,+97142340507,,serveware/tableware
Crockery,Emirates Steel Wool Manufacturing Establishment,"M-14 Plot No:25, Building No:31, Mussafah Industrial Area",+97125554544,,serveware/tableware
Crockery,Erfan Household Appliances Trading LLC,"Murshid Bazaar, Deira",+97142259927,,serveware/tableware
Crockery,Euro Forbes International Pte Limited,"Office 207, LOB 17, Jebel Ali Free Zone",+97148810115,,serveware/tableware
Crockery,Fathpur Ent,Dubai,+97143533846,,serveware/tableware
Crockery,Fujain Trading,"Al Kabeer Market, Al Ras, Deira",+97142267919,,serveware/tableware
Crockery,Fulmar General Trading LLC,"Shop # 3, Awqaf Bldg, Irani Mrkt, Al Ras St, Deira",+97142256677,,serveware/tableware
Crockery,Fuma Household Appliances Establishment,"Near Orient Exchange, Murshid Bazaar, Deira",+97142255810,,serveware/tableware
Crockery,Funet Trading Company LLC,"304, Al Dana Centre, Maktoum St, Deira",+97142226246,,serveware/tableware
Crockery,Future Palace,"10 G, Al Manal Centre, Naif Rd, Deira",+97142289944,,serveware/tableware
Crockery,Ghulam Rida and Mohd Hussain Trading Company LLC,"1 & 2, Rashid Al Mazroui Bldg, Al Ras St, Deira",+97142250140,,serveware/tableware
Crockery,Haji Mohamed And Sons Trading,Dibba,+97192446161,,serveware/tableware
Crockery,Haqeqat and Brothers Stores,"Irani Market, Corniche Rd",+97165687714,,serveware/tableware
Crockery,Home & Cook,"Bhnd City Centre, Deira",+97142362157,,serveware/tableware
Crockery,Hyperion Industries LLC,"2001, 20th Floor, One By Omniyat, Business Bay",+97142292552,,serveware/tableware
Crockery / Housewares,IKEA,Marina Mall,+97126812228,,serveware + decor / serveware/tableware
Crockery,Imperious Houseware Company LLC,"1st Flr, Al Rouhani Bldg, Al Ittihad St, Deira",,,serveware/tableware
Crockery / Hotel & hospitality supplier,Jas Tissues Manufacturing FZE,"Q3 073, SAIF Zone",+971504094680,,serveware/tableware
Crockery,Kambi International Trading,"Irani Market, Deira",+97142264145,,serveware/tableware
Crockery / Housewares,Khezreyan Trading Establishment,"Souq Al Khabir, Murshid Bazaar, Deira",+97142265118,,serveware + decor / serveware/tableware
Crockery / Housewares / Gift / corporate-gift / Hotel & hospitality supplier,Khiara Stores,"Irani Utensils Market, Al Ras, Deira",+97142356470,,decor objects + clocks + gifting / serveware + decor / serveware/tableware
Crockery,Khoory General Ent,"601, Emirates Gen Market Bldg, Electra St",+97126345655,,serveware/tableware
Crockery,Kings Stores,"1st Flr, Bahman Bldg, Opp Naif Police Station, Deira",+97142712376,,serveware/tableware
Crockery,Krishna Stores,Dubai,+97143552207,,serveware/tableware
Crockery / Housewares / Gift / corporate-gift / Hotel & hospitality supplier,Lifco Trading Company LLC,"Lifco Bldg, Al Wahda St",+97165335635,,decor objects + clocks + gifting / serveware + decor / serveware/tableware
Crockery,Majestic Home General Trading LLC,"Old Baldiya Street, Al Ras, Deira",+97142257723,,serveware/tableware
Crockery,Majestic House Trading LLC,"Next to Aweer Medical Centre, Ras Al Khor Indl Area",+97143334545,,serveware/tableware
Crockery,Majestic Trading Agencies,"Bhnd Lulu Centre, Salam St",+97126722310,,serveware/tableware
Crockery / Housewares,Mansoor Ahmad Mohammad Company LLC,"Utensil Market, Old Balidiya Road, Al Ras",+97142229988,,serveware + decor / serveware/tableware
Crockery / Housewares / Gift / corporate-gift,Mareb City Trading Co,"Opp Mashreqbank, Murshid Bazaar, Deira",+97142259047,,decor objects + clocks + gifting / serveware + decor / serveware/tableware
Crockery,Marox Catering and Kitchen Equipment Company,"Office Number 807, Prism Tower, Business Bay",+97144334715,,serveware/tableware
Crockery,Mehmood Ebrahim Badri and Company LLC,"Bhnd Ansari Exchange, Iranian Market, Deira",+97142264620,,serveware/tableware
Crockery,Mohd Al Awadi Kitchens Company LLC,"Al Badad R/A, Indl Area 15",+97165350596,,serveware/tableware
Crockery,Mohd Amin Ahmed Kamali Al Awazi Company LLC,"Murshid Bazaar, Deira",+97142263820,,serveware/tableware
Crockery,Mohd Mohd Noor Behadan Trading Company LLC,"Irani Market, Near Abra, Deira",+97142264763,,serveware/tableware
Crockery,Mohd Rashid Al Muthawa Trading,"Saleh Bldg, Frij Murar, Deira",+97142712469,,serveware/tableware
Crockery,Muddle ME,,,,serveware/tableware
Crockery,Nada Ameer General Trading LLC,Dubai,+97143534085,,serveware/tableware
Crockery,Namwar Trading Stores,"Near Ansari Exchange, Opp Abra, Deira",+97142266359,,serveware/tableware
Crockery,Naser Mohamed Naser Al Sayer Trading Co LLC,"Near Oman Ins, Salahuddin Rd, Deira",+97142681288,,serveware/tableware
Crockery,New Fulmar General Trading LLC,"Shop # 1, Ahmed Ali Al Zarooni Bldg, Al Zaghaya Street, Deira",+97142353350,,serveware/tableware
Crockery,Orange Gallery General Trading LLC,"Murshid Bazar, Deira",+97142352000,,serveware/tableware
Crockery,Orange Kitchen Equipment Establishment,"Salahuddin St, Deira",+97142979041,,serveware/tableware
Crockery / Hotel & hospitality supplier,Oxford Kitchen Cabinets & Fixtures Manufacturing,"Opp Zulekha Hosp, Al Qusais",+971507461794,,serveware/tableware
Crockery,Parcham General Trading,"Near Gold Souq, Al Ras, Deira",+97142265223,,serveware/tableware
Crockery,Pasanda Trading Company LLC,"2, Majid Al Ghurair Bldg, Murshid Bazaar, Deira",+97142266281,,serveware/tableware
Crockery,Pilsimo Trading Company LLC,"1,2 & 3, Kuwait Masjid Bldg, Al Soor St, Deira",+97142269925,,serveware/tableware
Crockery,Professional Bakery and Rest Equip LLC,Indl Area 17,+97165350665,,serveware/tableware
Crockery,Refa General Trading Company LLC,"1501, Pearl Bldg, Deira",+97142210202,,serveware/tableware
Crockery,Rose Land Trading LLC,"Near Souq Al Wasl, Deira",+97142211234,,serveware/tableware
Crockery,Rotana Kitchen,Al Ain,+97137220814,,serveware/tableware
Crockery,Saeed Bin Nasser Al Hashar,"Beside Renaissance Hotel, Salahuddin Road",+97142727788,,serveware/tableware
Crockery,Sahara King Trading (LLC),Al Ras Area,+97142352451,,serveware/tableware
Crockery,Salem Saud Trading Establishment,"111, Mussabeh Bldg, Gold Souk, Deira",+97142253460,,serveware/tableware
Crockery,Sama Italia Kitchen Trading LLC,"Union Mall Street #17, Shop No 14-16, Industrial Area 1",+97165251777,,serveware/tableware
Crockery,SAS Kitchens,"1, Jamal Abdul Nasser St.",,,serveware/tableware
Crockery,Scheherazade Gulf General Trading,"306, Above Standard Chartered Bank, Nasr Square, Deira",+97142213230,,serveware/tableware
Crockery,Searock Inc,"71, Al Karbash Bldg, Opp Karama Fish Market, Karama",+97143344822,,serveware/tableware
Crockery,Sevens LLC,"Al Nabooda Indl Area 5, Al Qusais",+97142670066,,serveware/tableware
Crockery,Shabani Household Trdg LLC,"Al Ras, Deira",+97142255913,,serveware/tableware
Crockery,Sinabro Intl LLC,,+97144504186,,serveware/tableware
Crockery,Sultan Group Accessories Trdg LLC,,+97142566828,,serveware/tableware
Crockery / Housewares,Summit Trading Company LLC,"M02 B, Al Hamra Centre, Electra St",+97126743100,,serveware + decor / serveware/tableware
Crockery,Super Shine LLC,,+97165453275,,serveware/tableware
Crockery,The One - Total Home Experience,Dubai,+97165312233,,serveware/tableware
Crockery,Tokyo Household LLC,"Al Ras, Deira",+97142351820,,serveware/tableware
Crockery,Tooba Electronics LLC,"Baniyas Square, Deira",+97142236244,,serveware/tableware
Crockery,Top Line Foodstuff Trading LLC,"Near Oasis Centre, Al Quoz 1",+97143380048,,serveware/tableware
Crockery,Tourist Club Trading Exhibition,"Salam Printing Press Bldg, Bhnd Baby Shop, Madinat Zayed",+97126393945,,serveware/tableware
Crockery,Utopia Bath and Kitchen,,+971501420504,,serveware/tableware
Crockery / Housewares,Winds Trading (Trade Winds),Dubai,+97143535314,,serveware + decor / serveware/tableware
Crockery,Zecorp Solutions FZE LLC,Dubai,+97142559793,,serveware/tableware
Crockery,Zubaida Home Material Shop,"Near Veg Market, Al Nakheel",,,serveware/tableware
Housewares,Cosmic International LLC,"Office 14, Arabian Jerusalem Bldg, Indl Area 10",+97165735767,,serveware + decor
Housewares,Abu Maher Trading Establishment,"Opp Fish Market, Old Airport Rd",+97126336519,,serveware + decor
Housewares,Afroz Household Company LLC,"6, Al Shamsi Bldg, Corniche Rd, Shuwein",+97165681707,,serveware + decor
Housewares,Al Borj Household Trading Establishment,"Beside Corniche Post Office, Corniche St, Shuwaiheen",+97165688477,,serveware + decor
Housewares,Al Harmood Trading Co,"Gold Market, Bhnd Main St",+97137510611,,serveware + decor
Housewares,Al Ittifaq General Trading LLC,"10th Floor, Baniyas Complex, Baniyas Square, Deira",+97142275251,,serveware + decor
Housewares,Al Jasar Household Trading,"Near Vegetable Market, Mina Rd",+97165690792,,serveware + decor
Housewares,Al Samim General Trading,"Bhnd Twin Towers, Al Maktoum St, Deira",+97142214931,,serveware + decor
Housewares,Al Shawkah Household Trading,"Old Central Market, Corniche Rd",+97165681875,,serveware + decor
Housewares,Ali Abdul Karim Shukralla General Trading Establishment,"Irani Market, Deira",+97142264546,,serveware + decor
Housewares,Awani Housewares & Furniture,Muroor Rd,+97124498244,,serveware + decor
Housewares,Central Trading Company LLC,Dubai,+97142661600,,serveware + decor
Housewares,Corniche Flower Trading Establishment,"Wholesale Market, Al Ras, Deira",+97142255887,,serveware + decor
Housewares,Delma General Trading Exhibition,"Near Down Town Hotel, Sabkha Rd, Deira",+97142260090,,serveware + decor
Housewares,Ghanem Home Appliances Factory,New Indl Area,+97167438073,,serveware + decor
Housewares,GiGiS International LLC,"1001, 34 Street, Centurion Star Tower-B, Port Saeed",+97142971900,,serveware + decor
Housewares / Gift / corporate-gift,Green House Centre,"Opp Natl Cinema, Al Najda",+97126315115,,decor objects + clocks + gifting / serveware + decor
Housewares,Gulf Store,"Shop 23, Central Market, Bhnd Main St",+97137664542,,serveware + decor
Housewares,Habil General Trading LLC,"5, Sheikha Latifa Bldg, Sabakha Rd, Deira",+97142250580,,serveware + decor
Housewares,Jasmin Palace Trading LLC,"G Flr, Al Kamali Bldg, Irani Market, Deira",+97142256552,,serveware + decor
Housewares,Khiara Household Company LLC,"Irani Market, Al Ras, Deira",+97142266358,,serveware + decor
Housewares,Mohd Rasool Fathi and Co,"Near Ansari Exchange, Souq Al Kabir, Deira",+97142264866,,serveware + decor
Housewares,Mushrif Household Trading Company LLC,"Irani Market, Corniche Rd",+97165682838,,serveware + decor
Housewares,Myco Trading LLC,"Near Galadari Ice Cream, Rashidiya",,,serveware + decor
Housewares,Niagra Trading Company LLC,"Opp UBL Bank, Murshid Bazaar, Deira",+97142260918,,serveware + decor
Housewares,Nikoupayan General Trading Company LLC,"Near Al Futtaim Mosque, Al Ras Area",+97142262278,,serveware + decor
Housewares,Parcham Trading Establishment,"Irani Market, Deira",+97142264525,,serveware + decor
Housewares,Pourmolla General Trading Company LLC,"Opp Al Manal Centre, Khaja Bldg, Deira",+97142226011,,serveware + decor
Housewares,S J International Agencies LLC,Dubai,+97143591530,,serveware + decor
Housewares,Safaa Household Trading LLC,Qusais Indl Area 3,+97142676433,,serveware + decor
Housewares,Tanus Trading Establishment,"Near Usman Auto Garage, Natl Paints R/A",+97165346288,,serveware + decor
Housewares,White Impex General Trading LLC,"101, Habib Bank Bldg, Corniche, Deira",+97142351356,,serveware + decor
Housewares,Yaspeco Trading Company LLC,"Al Ras, Deira",+97142261968,,serveware + decor
Housewares,Zainalaabedin Alkhajah,"Opp Maktoum Hospital, Deira",,,serveware + decor
Handicrafts,Abdul Razzaq Mohiddin Abdulla Trading Establishment,"Mohiddin Al Bastaki Co. Al Ras, Near Al Ras Metro Station, Sheikh Lathifa Building, Deira",+97142266700,,decor objects + serveware
Handicrafts,Al Nahda Flowers,"Shop # 12, Next to Burger Hub Restaurant, Malaka Street, Al Nahda",+971527864633,,decor objects + serveware
Handicrafts,Eastern Galaxy Novelty Trading LLC,"Souq Al Kabeer, Al Ras",+97143431311,,decor objects + serveware
Handicrafts,Luckys Furniture & Handicrafts LLC,"Shed No 8, Indl Area 11",+97165341937,,decor objects + serveware
Handicrafts,Al Fayad Carpets and Nov Trading,"53,54,55,56, Block 7, Central Market",+97165722617,,decor objects + serveware
Handicrafts,Al Salem Crafts and F/Glass Factory,"Near Khalid Seaport, J & P R/A",+97165282862,,decor objects + serveware
Handicrafts,Fakih Group of Co,"Bhnd Kanoo Bldg, Al Quoz Indl Area 1",+97143479935,,decor objects + serveware
Handicrafts,Fangda Trading LLC,Deira,+97142286182,,decor objects + serveware
Handicrafts,Kashmir Art Palace,"Classic House Hotel Bldg, Al Ras, Gold Souk, Deira",+97142255277,,decor objects + serveware
Handicrafts,Kashmir Oriental Trading Establishment,"Shop # 2, Obiad Omayar Bldg, Murshid Bazaar, Opp to Masreq Bank, Behind Dilhol Mosque, Al Buteena, D",+97143535501,,decor objects + serveware
Handicrafts,Latelier Des Arts,Fotouh Al Khair Center Tourist Club,+97126397104,,decor objects + serveware
Handicrafts,Luxe Art Gallery,Dubai,+971552859262,,decor objects + serveware
Handicrafts,Rash Ke Kashmir,"Murshid Bazar, Deira",+97142351350,,decor objects + serveware
Handicrafts / Gift / corporate-gift,Tebsa Trading,"1 & 2, Kanoo Bldg, 3rd I/Change, Al Quoz Indl Area",+97143479699,,decor objects + clocks + gifting / decor objects + serveware
Lighting shop,JMR Zenome Manufacturing LLC,M26 Musaffah,+97122358175,,lighting (lamps/chandeliers)
Lighting shop,Hayek Lighting LLC,"G1, ICAD 1(7A1), Musaffah",+97124412007,,lighting (lamps/chandeliers)
Lighting shop,Forza Al Khaleej Electromechanical Contracting,"Office 46, 8th Floor, Mazyad Mall Tower 1",+971523264141,,lighting (lamps/chandeliers)
Lighting shop,Tradesphere Equipment Trading LLC,"Office 42, Firdos Building, Plot 7, M3, Musaffah",+97124421056,,lighting (lamps/chandeliers)
Lighting shop,Gorlits International Lighting LLC SP,"Office 46, 8th Floor, Building 11, Tower 1, Mazyad Mall",+971553030563,,lighting (lamps/chandeliers)
Lighting shop,Al Badya Electrical Fittings Trading LLC,"Office 110, Kasco Tower, Al Qusais Industrial Area 3",+97143448958,,lighting (lamps/chandeliers)
Lighting shop,Tools Square Hardware Trading,"Office B 18, Al Sarab Building Commercial Centre, Musaffah M-14",+97125595095,,lighting (lamps/chandeliers)
Lighting shop,QCON General Trading LLC,"318th Almidan Road, Next to Al Ahli Driving Center, Al Quoz Industrial Area 4",+971564090966,,lighting (lamps/chandeliers)
Lighting shop,Cool Way Building Materials LLC,"Plot 50, Mussafah, Sanaya M-10",+97125523918,,lighting (lamps/chandeliers)
Lighting shop,JASPA Electrical,"Office 502, Anantara Business Tower, Business Bay",+97142249353,,lighting (lamps/chandeliers)
Lighting shop,Next Led Electrical & Sanitary Trading Sole Proprietorship LLC,"Office Number 06, Al Maldieve Center, Sanaiya, Musaffah M10",+971552961540,,lighting (lamps/chandeliers)
Lighting shop,Sonta Tools LLC,"Unit 35, LIU 8, DSO",+97180076682,,lighting (lamps/chandeliers)
Lighting shop,Adwaa Lighting,,+971555510096,,lighting (lamps/chandeliers)
Lighting shop,AV Concepts LLC,Dubai,+97143470714,,lighting (lamps/chandeliers)
Lighting shop,Bab Al Hikma Bldg Mat Tr LLC,"Shop No. B7, Union Mall, King Faisal Road",+971581852752,,lighting (lamps/chandeliers)
Lighting shop,Binja Building Materials Trading LLC,"Nakheel Center, Naif, Deira",+97145469399,,lighting (lamps/chandeliers)
Lighting shop,Build Line Building Materials,Al Yasmin,+97167476337,,lighting (lamps/chandeliers)
Lighting shop,Corys Build Centre LLC,Nad Al Hamar Road,+97147029406,,lighting (lamps/chandeliers)
Lighting shop,Cube Plus interior Decoration,Business Bay,+971544453323,,lighting (lamps/chandeliers)
Lighting shop / Hotel & hospitality supplier,Furniture Times,"906, B2B Tower, Al Abraj Street, Business Bay",+97142414494,,lighting (lamps/chandeliers) / serveware/tableware
Lighting shop,Future Light Lighting Llc,"Shop No - 19,20, Al Wahda St, Industrial area 1",+97165743435,,lighting (lamps/chandeliers)
Lighting shop,Host International Electrical LLC,"Shop No. 1, Street 28, Near National Paints, Indl Area 11",+97165346017,,lighting (lamps/chandeliers)
Lighting shop,Led World Lighting,"113th Street, al Wahda",+971552454320,,lighting (lamps/chandeliers)
Lighting shop,Light Pulse Electricals Trading LLC,"Off No 28, Manazel M Floor, Unispark, Al Garhoud",,,lighting (lamps/chandeliers)
Lighting shop,Mohan & Sons Trading LLC,"Warehouse 56/52, Opp. Al Ahli Driving Center, Al Sayel St, Al Quoz 3",+97143380345,,lighting (lamps/chandeliers)
Lighting shop,Most and Best General Trading Co LLC,"Shop 9, Ras Al Khor Industrial Area",+97142666510,,lighting (lamps/chandeliers)
Lighting shop,Orostar Engineering LLC,"Aladdin R/A, Ras Al Khor Indl Area",+97143339371,,lighting (lamps/chandeliers)
Lighting shop,Power MEP Group,"Warehouse 3, Al Qusais Industrial Area 5",+97142634355,,lighting (lamps/chandeliers)
Lighting shop,Prolight LLC,"505, GFC Bldg, Al Falah St",+97126229980,,lighting (lamps/chandeliers)
Lighting shop,Purity General Trading Company LLC,"Office Number 315 & 317, Purity Showroom, Jumeirah 2nd",+97143349943,,lighting (lamps/chandeliers)
Lighting shop,Scolmore International Electrical Trading LLC,"1803, Lake Central Tower, Marasi Drive, Business Bay",+97145896552,,lighting (lamps/chandeliers)
Lighting shop,Servetech Middle East General Trading,"Office 1012, Al Waha Community, Nad Al Hamar",+97142894550,,lighting (lamps/chandeliers)
Lighting shop,Smart Senses Supplies,"Umm Ramool, Rashidiya",+97143581336,,lighting (lamps/chandeliers)
Lighting shop,SMKA Electric LLC,"Office 102, Al Khallafi Building, Al Mamzar",+97142821065,,lighting (lamps/chandeliers)
Lighting shop,Starsline Electrical Equipments Trading LLC,"Office 1403, Burlington Tower, Business Bay",+97143549550,,lighting (lamps/chandeliers)
Lighting shop,Summer Light Electrical,"Beside Al Ansari Exchange, Opp Ibrahimi Restaurant, Electra Street",+97126450333,,lighting (lamps/chandeliers)
Lighting shop,Tephra Lighting Trading LLC,OfficeNo.306-4 Smark 9 Building Al Karama,+971524801067,,lighting (lamps/chandeliers)
Lighting shop,Toba Building Materials Trading LLC,"XL Tower, Damac Bldg, Business Bay",+97145833591,,lighting (lamps/chandeliers)
Lighting shop,TOPEX Safeline Electrical & Mechanical,Dubai,,,lighting (lamps/chandeliers)
Gift / corporate-gift,Evergrow International LLC,"Warehouse No. 2, Plot 128-168, Al Khabeesi, Deira",+97142254999,,decor objects + clocks + gifting
Gift / corporate-gift,Matrix Sign Media LLC,"Opposite Ministry Of Labour, Near Zulekha HospitalAl Baghdad Street, Al Qusais",+97142676030,,decor objects + clocks + gifting
Gift / corporate-gift,Rovix Global Equipments and Trading LLC SPC,"Office No.203, Talal Building, Madinat Zayed",+97125653288,,decor objects + clocks + gifting
Gift / corporate-gift,Color World Design & Artwork Services,"Office 9, Shaikah Warehouse 9, DIP 1",+97142695895,,decor objects + clocks + gifting
Gift / corporate-gift,Al Azhar Novelty,"Near Kwality Hospital, Kwality Road, Sinrouh",+97172268720,,decor objects + clocks + gifting
Gift / corporate-gift,Al Hami Adv. Gifts. Tr.,"Opp City Center, Al Wahda Street",+971504601460,,decor objects + clocks + gifting
Gift / corporate-gift,Al Mersal Advertising and Publishing,Sharjah,+97165339616,,decor objects + clocks + gifting
Gift / corporate-gift,Al Sabah Sign LLC,Ras Al Khor Industrial Area 2,+97145859961,,decor objects + clocks + gifting
Gift / corporate-gift,Ashbrook General Trading LLC,"Appartment 15, Nakheel 1",+97167498366,,decor objects + clocks + gifting
Gift / corporate-gift,Coordinate Advertising and Marketing,"Office 3, ADBI Bank Building, Zayed 1st Street, Khalidiya",+971503253173,,decor objects + clocks + gifting
Gift / corporate-gift,GCS Designing & Advertising Sole Proprietorship LLC,"M 10, Mussafah Indl Area",+97125546322,,decor objects + clocks + gifting
Gift / corporate-gift,Lakuva,Burjuman,+971507900295,,decor objects + clocks + gifting
Gift / corporate-gift,Lamsah Fakherah,Wahda St.,+971562523861,,decor objects + clocks + gifting
Gift / corporate-gift,Magic Trading Co LLC,"Next To City Centre, Al Wahda Rd, St 68, Indl Area 1",+97165331353,,decor objects + clocks + gifting
Gift / corporate-gift,Mardiny Trading LLC,"102-39, Bin Dasmal Building, Al Quoz Industrial Area 1",+97142579911,,decor objects + clocks + gifting
Gift / corporate-gift,Onlinedxb FZE LLC,Dubai,+971506845294,,decor objects + clocks + gifting
Gift / corporate-gift,Print Gallery Advertising LLC,"Near Nakheel Center, Deira",+971526234181,,decor objects + clocks + gifting
Gift / corporate-gift,Proximite Marketplace,"Office No. FD 35, Dragon Mart 2",+97142898404,,decor objects + clocks + gifting
Gift / corporate-gift,Signmax Adv. Sign Items Tr. LLC,"M 10, Musaffah",,,decor objects + clocks + gifting
Gift / corporate-gift,Souk Studio,"Gate Number 3, Gold Souk, Behind Baskin Robins Icecream Parlour, Deira",+971555455946,,decor objects + clocks + gifting
Gift / corporate-gift,Sun Light Sign,,+97165321800,,decor objects + clocks + gifting
Gift / corporate-gift,Tareeq Raha Flowers LLC,"First Floor, Maliya, 24B, Al Quoz",+971544711703,,decor objects + clocks + gifting
Gift / corporate-gift,Veez Middle East,"Office # 705, Waheeda Bldg, Al Soor",+971525957632,,decor objects + clocks + gifting
Gift / corporate-gift,Essa Advertising LLC,Al Qusais Industrial Area 1,+97142236970,,decor objects + clocks + gifting
Gift / corporate-gift,Milano Advertising LLC,"Warehouse No. 2, Industrial Area 13",+971505062069,,decor objects + clocks + gifting
Gift / corporate-gift,Magic Touch Advertising LLC,"54, Al Habtoor W/House Complex, Al Qusais Indl Area 3",+97142589895,,decor objects + clocks + gifting
Gift / corporate-gift,Abdul Razzak Khadem Trading Establishment,"1, Bin Thalib Bldg, Al Sabakha, Deira",+97142290445,,decor objects + clocks + gifting
Gift / corporate-gift,Abdul Salam Jamal General Trading Co LLC,,+97144474023,,decor objects + clocks + gifting
Gift / corporate-gift,Abha Advertising and Gifts Establishment,"32, Ameena Al Jazira Bldg, Near Maktoum Hospital, Deira",+971505650915,,decor objects + clocks + gifting
Gift / corporate-gift,Abida Trading FZE,Ajman,+971522253786,,decor objects + clocks + gifting
Gift / corporate-gift,Abu Dhabi Gifts and Antiques Establishment,"Ground Flr, Khalifa Centre, TCA",+97126455856,,decor objects + clocks + gifting
Gift / corporate-gift,Admac FZE LLC,Al Qusais,+971565687865,,decor objects + clocks + gifting
Gift / corporate-gift,Adventure City General Trading LLC,"Near Mareb City, Murshid Bazar, Deira",+97142255320,,decor objects + clocks + gifting
Gift / corporate-gift,Agindat Gift Trdg,Abu Dhabi,+97126734323,,decor objects + clocks + gifting
Gift / corporate-gift,Ahlam Ibrahim Kalanter Establishment,"Near Sina Hotel, Al Bateen St, Deira",+97142291945,,decor objects + clocks + gifting
Gift / corporate-gift,Ajwani Trading Establishment,"G Flr, Al Buteen Centre, Deira",+97142253502,,decor objects + clocks + gifting
Gift / corporate-gift,Al Bahr Al Hadi Company LLC,"Irani Market, Deira",+97142253565,,decor objects + clocks + gifting
Gift / corporate-gift,Al Bary Novelties and Gifts,"Block 3, New Central Market",+97165741567,,decor objects + clocks + gifting
Gift / corporate-gift,Al Buhaira Gifts and Antiques,"45-46, Block 4, New Central Market",,,decor objects + clocks + gifting
Gift / corporate-gift,Al Dalal Novelty Exhibition,"New Central Market, Gold Souk",+97165733365,,decor objects + clocks + gifting
Gift / corporate-gift,Al Dar Flowers and Gifts,"Opp Golden Fork Rest, Sh Zayed 1st St, Khalidiya",+97126651466,,decor objects + clocks + gifting
Gift / corporate-gift,Al Dirhams Gift Centre,"Opp Al Falah Plaza, Muroor Rd",+97126420844,,decor objects + clocks + gifting
Gift / corporate-gift,Al Diyafah General Trading Establishment,"Next to Al Rawda Arjaan by Rotana, Airport Road",+97126736566,,decor objects + clocks + gifting
Gift / corporate-gift,Al Fahidi Trading,"Old Gold Souq, Bhnd Kuwaiti Masjid, Deira",+97142268620,,decor objects + clocks + gifting
Gift / corporate-gift,Al Fareeda Trading,"1, Me & My Little One Bldg, Nasr St",+97126346644,,decor objects + clocks + gifting
Gift / corporate-gift,Al Gaida Novelties and Gifts,Dibba Al Hassan,+97192446043,,decor objects + clocks + gifting
Gift / corporate-gift,Al Ghafari Antiques and Stores,"Shop 3, Bridge 1, New Central Market",+97165735359,,decor objects + clocks + gifting
Gift / corporate-gift,Al Humaidi Stationery LLC,International City,+97143965096,,decor objects + clocks + gifting
Gift / corporate-gift,Al Jamal,"bhnd Al Noor Hospital, Lulu St,khalifa st",+97126272117,,decor objects + clocks + gifting
Gift / corporate-gift,Al Kaabi Gifts,Dibba,+97192441726,,decor objects + clocks + gifting
Gift / corporate-gift,Al Khazna Al Dahabiyya Gifts,Madinat Zayed,+97126327294,,decor objects + clocks + gifting
Gift / corporate-gift,Al Majlis Trading Company LLC,"Ground Floor, Falcon Tower, Al Nasr St",+97126331200,,decor objects + clocks + gifting
Gift / corporate-gift,Al Malaky Fastfood Packing LLC,"EB Entrance, Counter Number KE17, Dragon Mart",+97167404096,,decor objects + clocks + gifting
Gift / corporate-gift,Al Maraija Gift Corner,,+97146068172,,decor objects + clocks + gifting
Gift / corporate-gift,Al Mas Al Dahabi Gifts and Novelties,"Near Diplomat Hotel, Naif Rd, Deira",+97142722178,,decor objects + clocks + gifting
Gift / corporate-gift,Al Misbah Advertising Gifts Supply and Trading,"KM Trdg Rd, Rolla",+97165624540,,decor objects + clocks + gifting
Gift / corporate-gift,Al Mualin Trading LLC,,+97165668386,,decor objects + clocks + gifting
Gift / corporate-gift,Al Mukhtar Gifts and Promotional Items,Old Majda Rd,+97126728055,,decor objects + clocks + gifting
Gift / corporate-gift,Al Nawras Trading Establishment,Musaffah - M43,,,decor objects + clocks + gifting
Gift / corporate-gift,Al Ramadi Gift and Watches,Behind Habiba Al Nabulisi,+97126660341,,decor objects + clocks + gifting
Gift / corporate-gift,Al Saqee Handicrafts LLC,"Shop No. 3, Souk Al Arsa Irani Market, Al Ras, Deira",+97142217544,,decor objects + clocks + gifting
Gift / corporate-gift,Al Saqee Textile LLC,Dubai,+97142668405,,decor objects + clocks + gifting
Gift / corporate-gift,Al Saud Promotional Gifts,Al Bustan Area,+97167472204,,decor objects + clocks + gifting
Gift / corporate-gift,Al Shaima Advertising Gift Supply,Deira,+97142710643,,decor objects + clocks + gifting
Gift / corporate-gift,Al Sham Advertising And Gifts Supply LLC,"306, New Century Tower, Opp City Center, Deira",+97142981290,,decor objects + clocks + gifting
Gift / corporate-gift,Al Tamy General Trading,"New Souq, Khalifa St",+97126221441,,decor objects + clocks + gifting
Gift / corporate-gift,Al Thasneem Gifts,"Opp Pakistan School, Al Muroor Rd",+97124485088,,decor objects + clocks + gifting
Gift / corporate-gift,Al Uloom Stationery Sole Proprietorship LLC,"Opp Baladiya, Salam St, TCA",+97126671786,,decor objects + clocks + gifting
Gift / corporate-gift,Al Yasat Gifts,Ajman,+97126266246,,decor objects + clocks + gifting
Gift / corporate-gift,Al-Dafa Trading Co,Dubai,+97143532166,,decor objects + clocks + gifting
Gift / corporate-gift,Al-Misri Gift & Electronics,"Near Al-Noor City Market, opp Shoe Mart, Madeena Zahid",+971505063223,,decor objects + clocks + gifting
Gift / corporate-gift,Alkatef Copy Center,"Shop Number 5, Building Number 320, Shabiya 10, Mussafah",+971558910294,,decor objects + clocks + gifting
Gift / corporate-gift,Almanafie Novelties and Gifts,"Beside Mashreqbank, Immigration Rd",+97165742536,,decor objects + clocks + gifting
Gift / corporate-gift,Arabian Plastic and Paper Industry LLC,"M 9, Mussafah",+97125552737,,decor objects + clocks + gifting
Gift / corporate-gift,Arcadia Gifts & Artistic Cards,"Shop S14, 2nd Flr., Marina Mall",+97126810400,,decor objects + clocks + gifting
Gift / corporate-gift,Arch Novelties Trading,"Kuwait Masjid Rd, Deira",+97142264495,,decor objects + clocks + gifting
Gift / corporate-gift,Arts and Gems LLC,"2nd Flr, API Tower, Sh Zayed Rd",+97143310883,,decor objects + clocks + gifting
Gift / corporate-gift,AUM Trading LLC,"Office 1105, Al Moosa Tower 1, Sh Zayed Rd",,,decor objects + clocks + gifting
Gift / corporate-gift,Badri Electro Supply and Trading Co,"Creek Rd, Murshid Bazaar, Deira",+97142267183,,decor objects + clocks + gifting
Gift / corporate-gift,Bahadur Gift Shop,"Al Mullah Bldg, Near Al Rayan Travel",+97126323848,,decor objects + clocks + gifting
Gift / corporate-gift,Bait Al Wakeel,Dubai,+97143534870,,decor objects + clocks + gifting
Gift / corporate-gift,Bastaki International General Trading,"Abra St, Al Ras, Deira",+97142251025,,decor objects + clocks + gifting
Gift / corporate-gift,Bein Al Qasrain Gifts General Trading,"Near UAE Exchange, Naif Rd, Deira",+97142266960,,decor objects + clocks + gifting
Gift / corporate-gift,Bilhawash Trading Establishment,"3rd Flr, City Centre Bldg, Hamdan St",+97126441888,,decor objects + clocks + gifting
Gift / corporate-gift,Bin Thani Gift Trading Shop,TCA,+97126451719,,decor objects + clocks + gifting
Gift / corporate-gift,Blue Ink Publishing & Advertising LLC,"18, Plot 26, Opp Village Mall, M 25, Mussafah",+97125513645,,decor objects + clocks + gifting
Gift / corporate-gift,Brand Cerminus FZC,Al Mankhool,+971559414681,,decor objects + clocks + gifting
Gift / corporate-gift,Breigns Gift Trading LLC,"702, NGF House, Opp Deira City Center , Deira",+97142947020,,decor objects + clocks + gifting
Gift / corporate-gift,Bright Deal Trading LLC,"Murshid Bazaar, Deira",+97142352156,,decor objects + clocks + gifting
Gift / corporate-gift,Brilliance Gifts,"Fetouh Al Khair Centre, Electra Rd",+97126319133,,decor objects + clocks + gifting
Gift / corporate-gift,Brilliant Watches Company LLC,"6, Nasser Lootah Bldg, Al Nasr Sq, Deira",+97142220747,,decor objects + clocks + gifting
Gift / corporate-gift,C B Perfume Gift Trading Establishment,"Near Apsara Textiles, Rolla Market",+97165620786,,decor objects + clocks + gifting
Gift / corporate-gift,Cadorim,Beach Rd,+97143493333,,decor objects + clocks + gifting
Gift / corporate-gift,Cambridge Trading Establishment,"G Flr, Al Buteen Centre, Murshid Bazaar, Deira",+97142258693,,decor objects + clocks + gifting
Gift / corporate-gift,City House Gifts Shop,"Near A/D Islami Bank, Khalifa St.",+971505749816,,decor objects + clocks + gifting
Gift / corporate-gift,Crescent Gifts and Designing,"Sector M9, Mussafah",,,decor objects + clocks + gifting
Gift / corporate-gift,Crystal Bohemia International,Abu Dhabi,+97126455088,,decor objects + clocks + gifting
Gift / corporate-gift,Crystal Galaxy,Al Ghusais Indl Area 4,+97142673273,,decor objects + clocks + gifting
Gift / corporate-gift,Curio Novelties and Gifts LLC,"Opp King Faisal Mosque, Central Market, King Faisal St",+97165724308,,decor objects + clocks + gifting
Gift / corporate-gift,Dabaan Trading Company LLC,"Jovial Centre Bldg, Nasr Square, Deira",+97142229595,,decor objects + clocks + gifting
Gift / corporate-gift,Dabdoobee Gifts Trading,,+971503975577,,decor objects + clocks + gifting
Gift / corporate-gift,Dana Gifts LLC,Marina Mall,+97126812686,,decor objects + clocks + gifting
Gift / corporate-gift,Designpod Advertising Gifts,"M-1, Office No.3 (Same Building of Trent Oilfield Equipment), Al Mina Road",+97126658881,,decor objects + clocks + gifting
Gift / corporate-gift,Divian Trading LLC,"103, King Faisal Street, Abu Shagara",+97167465918,,decor objects + clocks + gifting
Gift / corporate-gift,Dream Sea Gift,"Opp Kuwaiti Hospital, Sh Humaid Bin Abdul Azeez Rd",+97167470353,,decor objects + clocks + gifting
Gift / corporate-gift,Dubai Gifts Trading,"Bhnd Cosmos Computer, Near Eldorado Cinema",+97126740761,,decor objects + clocks + gifting
Gift / corporate-gift,Emirates Balloons Gifts,Tourist Club Area,+97126745744,,decor objects + clocks + gifting
Gift / corporate-gift,Emsons LLC,"Al Juma Salem Mubarak Al Junaibi Building, Muroor Road",+97126731660,,decor objects + clocks + gifting
Gift / corporate-gift,Emsons Trading LLC,"Near Al Jaseera Hotel, Al Ras, Deira",+97142266058,,decor objects + clocks + gifting
Gift / corporate-gift,Euro Novelties LLC,"Murshid Bazaar, Deira",+97142265264,,decor objects + clocks + gifting
Gift / corporate-gift,Evening Flower Gifts Center,"Opp Navy Gate, TCA",+97126440511,,decor objects + clocks + gifting
Gift / corporate-gift,Event Gifts,Deira,+97142387745,,decor objects + clocks + gifting
Gift / corporate-gift,Fakruddin Gifts and Novelties,"Near Old Gold Souk, Deira",+97142255132,,decor objects + clocks + gifting
Gift / corporate-gift,Fancy Star Advtg,"Al Nakeel Plaza, Deira",+971505956802,,decor objects + clocks + gifting
Gift / corporate-gift,Fay Lawson Gift Trdg LLC,,,,decor objects + clocks + gifting
Gift / corporate-gift,Flag's' Fly Gifts LLC,"S 09, P 11, France Cluster, International City",+97142721745,,decor objects + clocks + gifting
Gift / corporate-gift,Flamingo Gifts and Novelties,"S 196, Karama Shopping Complex, Karama",+97143373285,,decor objects + clocks + gifting
Gift / corporate-gift,Framers Gallery,"Opp Rotana Beach Hotel, Near TCA",+97126455580,,decor objects + clocks + gifting
Gift / corporate-gift,Gate of Rolla Trading,Dubai,+97143595803,,decor objects + clocks + gifting
Gift / corporate-gift,Gift Gallery Centre,"Riqqa Rd, Deira",+97142223400,,decor objects + clocks + gifting
Gift / corporate-gift,Gift Garden,"38, Hamdan Centre, Hamdan St",+97126345245,,decor objects + clocks + gifting
Gift / corporate-gift,Gift Land,"Bhnd Hamdan Centre, Hamdan St",+97126323554,,decor objects + clocks + gifting
Gift / corporate-gift,Gift Palace,"Al Khabeesi, Deira",+97142662955,,decor objects + clocks + gifting
Gift / corporate-gift,Gift Village,"Opp Toys R Us, Salah Al Din Rd, Deira",+97142721133,,decor objects + clocks + gifting
Gift / corporate-gift,Gift's Tent,"52 & 53, D Block, Karama Shopping Complex, Karama",+97143354416,,decor objects + clocks + gifting
Gift / corporate-gift,Gift.Com,"Near Russian Embassy, Khalifa St",+97126766468,,decor objects + clocks + gifting
Gift / corporate-gift,Giftadz LLC,,+97142550538,,decor objects + clocks + gifting
Gift / corporate-gift,GiftMakers Corporate Gifts,"Office 316, Burj Nahar Views, Naif, Deira",+971555487863,,decor objects + clocks + gifting
Gift / corporate-gift,Gifts Session Tech LLC,Dubai,+971504968254,,decor objects + clocks + gifting
Gift / corporate-gift,Gifts World Trading,"168, Block 'B', Karama Shopping Complex, Karama",+97143479935,,decor objects + clocks + gifting
Gift / corporate-gift,Glow Life Lighting LLC,"Opposite Burjeel Hospital, Najda Street",+97126444090,,decor objects + clocks + gifting
Gift / corporate-gift,Golden Coast General Trading,"Near Choithram S/Market, Al Ras, Deira",+97142253581,,decor objects + clocks + gifting
Gift / corporate-gift,Golden Coast Printing and Gift Items,Muroor Rd,+97124455180,,decor objects + clocks + gifting
Gift / corporate-gift,Golden Line Italian Gifts,A.D. Co-Op Society (Mina Br.),+97126734125,,decor objects + clocks + gifting
Gift / corporate-gift,Golden Times Gifts,"Bhnd KM Trdg, Electra Str",,,decor objects + clocks + gifting
Gift / corporate-gift,Green Gifts Concepts Establishment,"1st Commerical Broker
LLC Building(Zigzag Building),
Electra St",+97126458101,,decor objects + clocks + gifting
Gift / corporate-gift,Gulf Axis,"M 1, My Home Furniture Bldg, Khalidiya",+97126339197,,decor objects + clocks + gifting
Gift / corporate-gift,Ibrahim Abdul Rehman Trading,"Nr Fikhree Market, Murshid Bazaar, Deira",+97142265495,,decor objects + clocks + gifting
Gift / corporate-gift,Ibrahim Abdulrahman Children's Toys Company LLC,"Near Novi Hotel, Opp Fikri Market, Deira",+97142252778,,decor objects + clocks + gifting
Gift / corporate-gift,Iqbal and Anwar Trading Company LLC,"Opp Choithram S/Market, Al Ras, Deira",+97142263301,,decor objects + clocks + gifting
Gift / corporate-gift,Isra Middle East,"Bhnd City Centre, Indl Area 1",+97165397833,,decor objects + clocks + gifting
Gift / corporate-gift,Jasani LLC,"Office 305, Bay Square No 3, Business Bay",+97144411522,,decor objects + clocks + gifting
Gift / corporate-gift,JWAMCO General Trading LLC,"Blgd # 7, Bin Hamedhan Complex, Industrial Area 2, Ras Al Khor",+97143235240,,decor objects + clocks + gifting
Gift / corporate-gift,K Mart,"Opp Liwa Centre, Hamdan St",+97126342525,,decor objects + clocks + gifting
Gift / corporate-gift,Kassion Trading Establishment,"Main St, Clock Tower Area",+97137519699,,decor objects + clocks + gifting
Gift / corporate-gift,Khader Yussuf Store,"Old Modern Bakery Bldg, Near Fish Market, Airport Rd",+97126325644,,decor objects + clocks + gifting
Gift / corporate-gift,Khoor Plaza Gifts,Abu Dhabi,+97126732231,,decor objects + clocks + gifting
Gift / corporate-gift,Kyoto General Trading,Al Quoz Indl Area 2,+97143395599,,decor objects + clocks + gifting
Gift / corporate-gift,Kyoto International General Trading LLC,"Bhnd Souk Okadh Bldg, Naif Rd, Deira",+97142269001,,decor objects + clocks + gifting
Gift / corporate-gift,La Laverie Leather Product Trading,"Abu Shagara Area, Al Wadha Rd",+97165592664,,decor objects + clocks + gifting
Gift / corporate-gift,Landmark General Trading FZC,"702 A, ACICO Business Park, Deira",+97142953888,,decor objects + clocks + gifting
Gift / corporate-gift,Lebanese Gift Centre,"Bhnd Siddique Gifts, Hamdan St, Zayani",+97126726233,,decor objects + clocks + gifting
Gift / corporate-gift,Lifestyle,"Dana Plaza, Al Madhab",+97192232740,,decor objects + clocks + gifting
Gift / corporate-gift,Little Egg,"Bhnd Abu  Dhabi Media, Muroor Rd",+97124439449,,decor objects + clocks + gifting
Gift / corporate-gift,Look Advertising,"Office 5, Al Habtoor Bldg, Al Khabaisi, Deira",+97142599899,,decor objects + clocks + gifting
Gift / corporate-gift,Look Advertising FZE,"Room 61, Z1, SAIF Zone",+97165575009,,decor objects + clocks + gifting
Gift / corporate-gift,Lucky Trading Establishment,"9, Ideal Hotel Bldg, Near Alam S/Market, Electra St",+97126319060,,decor objects + clocks + gifting
Gift / corporate-gift,M H Gift Trading LLC,"Bhnd Elenco, Hamdan Str",+97126721539,,decor objects + clocks + gifting
Gift / corporate-gift,Mahmood Exhibition,"Irani Market, Al Ras Area, Deira",+97142262141,,decor objects + clocks + gifting
Gift / corporate-gift,Mission Media Electronics LLC,Hor Al Anz,+97142239910,,decor objects + clocks + gifting
Gift / corporate-gift,Mohamed Hussain Promotional Gift Preparing LLC,"Old Maktoum Hosp Rd, Deira",+97142981312,,decor objects + clocks + gifting
Gift / corporate-gift,Mohamed Mirza Toys Trading LLC,Irani Market,+97142291113,,decor objects + clocks + gifting
Gift / corporate-gift,Mohd Al Hussain Trading LLC,"Al Hilal Centre, Al Sabkha Rd, Deira",+97142290748,,decor objects + clocks + gifting
Gift / corporate-gift,Mohd Hussain and Brothers,"Near Down Town Hotel, Murshid Bazaar, Deira",+97142250451,,decor objects + clocks + gifting
Gift / corporate-gift,Mohd Sharief and Bros,"1st Flr, Al Ghurair City, Al Riqqa St, Deira",+97142214339,,decor objects + clocks + gifting
Gift / corporate-gift,Mohd Sharief and Bros Stores,"Al Humaida Bldg, Port Saeed, Deira",+97142666646,,decor objects + clocks + gifting
Gift / corporate-gift,Moments,"Mothercare Bldg, Corniche Rd",+97126815048,,decor objects + clocks + gifting
Gift / corporate-gift,National Traders LLC,"Murshid Bazaar, Fikree Market, Deira",+97142263906,,decor objects + clocks + gifting
Gift / corporate-gift,New Index Trading Establishment,"Behind Elenco, Hamdan Str",+97126775549,,decor objects + clocks + gifting
Gift / corporate-gift,Noor Abbas Gifts LLC,Al Khaleej Centre,+97143592250,,decor objects + clocks + gifting
Gift / corporate-gift,Obaid Ahmaed Trading Company L.L.C,,,,decor objects + clocks + gifting
Gift / corporate-gift,Paris Palace Gifts,,+97137640445,,decor objects + clocks + gifting
Gift / corporate-gift / Gift shop,Party Centre LLC,"Opp Welcare Hospital, Al Garhoud",+97142831353,,decor objects + clocks / decor objects + clocks + gifting
Gift / corporate-gift,Patchi LLC,"Mashreqbank Bldg, Khalidiya, TCA",+97126666748,,decor objects + clocks + gifting
Gift / corporate-gift,Peekey Creation LLC,"M 2 & 3, Gold Souq, Deira",+97142250043,,decor objects + clocks + gifting
Gift / corporate-gift,Personalized Gift Hub,,+971505754260,,decor objects + clocks + gifting
Gift / corporate-gift,Petal Box Flowers and Chocolate LLC,"Defence Road, Opposite Burjeel Hospital",+97126411566,,decor objects + clocks + gifting
Gift / corporate-gift,Premium Partners FZ LLC,"2518, Shatha Tower, DMC",+97143912603,,decor objects + clocks + gifting
Gift / corporate-gift,Qasar Al Murjan Adv. Gifts Tr. & Supplies LLC,"W/House No. 3-10, Street 15, Industrial Area 17",+97165359072,,decor objects + clocks + gifting
Gift / corporate-gift,R M Z A Trading FZE,"Bhnd Shoala School, Indl Area 13",+97165389630,,decor objects + clocks + gifting
Gift / corporate-gift,ras advertising & gifts,,+97142385356,,decor objects + clocks + gifting
Gift / corporate-gift,Reshie Novelties L.L.C.,"Shop No. 206, 1st Flr.. Khalidiyah Mall",+97126354664,,decor objects + clocks + gifting
Gift / corporate-gift,Rico Gifts LLC,"1st Floor, Marina mall facing Hediard Cafe",+971567137265,,decor objects + clocks + gifting
Gift / corporate-gift,Right Choice Trading,"Near Wall Street Exchange, Rolla St",+97165685767,,decor objects + clocks + gifting
Gift / corporate-gift / Hotel & hospitality supplier,Rikan Trading LLC,Dubai,+97143962111,,decor objects + clocks + gifting / serveware/tableware
Gift / corporate-gift,Romantic Roses Gifts,,+97124457394,,decor objects + clocks + gifting
Gift / corporate-gift,Roots Trdg Co,Deira,+97142222391,,decor objects + clocks + gifting
Gift / corporate-gift,Royal Futures Gift Trading,"10, Abu Hail Centre, Abu Hail Rd, Deira",+97142629097,,decor objects + clocks + gifting
Gift / corporate-gift,Rozella Promotional Gifts LLC,"Office 12, G Flr, Firdous Guest House, Naif, Deira",+97142728290,,decor objects + clocks + gifting
Gift / corporate-gift,Sahara Co,Al Gharoud Area,+97142237309,,decor objects + clocks + gifting
Gift / corporate-gift,Saleh El-Mizari Trade Center,"S/Room 17, Al Fardan Center, Buhairah Corniche Rd",,,decor objects + clocks + gifting
Gift / corporate-gift,Salloum Trading Company Gulf Limited,"Al Wahda St, Al Majaz",+97165591068,,decor objects + clocks + gifting
Gift / corporate-gift,Sawalma Gifts Establishment,"Bhnd Al Salama Hospital, TCA",+97126780505,,decor objects + clocks + gifting
Gift / corporate-gift,Scotpac Advertising Gift LLC,"18, W 03, Russia Cluster, International City",+97145136528,,decor objects + clocks + gifting
Gift / corporate-gift,Seven Seas Gifts,,+97125562856,,decor objects + clocks + gifting
Gift / corporate-gift,Shafi Palace Gifts Trading LLC,"Opp Gold Souk Bus Stn, Near Rak Bank, Deira",+97142351290,,decor objects + clocks + gifting
Gift / corporate-gift,Sharefco Trading LLC,"Souk Al Kabeer, Al Ras, Deira",+97142264327,,decor objects + clocks + gifting
Gift / corporate-gift,Si Bonne,Al Ghusais Indl Area,+97142671950,,decor objects + clocks + gifting
Gift / corporate-gift,Siddiq Gifts,"Next to K M Trdg, Salam St",+97126760082,,decor objects + clocks + gifting
Gift / corporate-gift,Signmax Gift & Promotions,,+97142668811,,decor objects + clocks + gifting
Gift / corporate-gift,Silver Life Gifts,"Near Plung Ins Marina Mall,",+97126818957,,decor objects + clocks + gifting
Gift / corporate-gift,Silver Tower Gift Shop,Al Raha Mall,+97125561048,,decor objects + clocks + gifting
Gift / corporate-gift,SMS Trading,"Shop 1, Samar Tower, Near Safia Park, Al Majaz 3",+97165307775,,decor objects + clocks + gifting
Gift / corporate-gift,Sofia Gift Establishment,"Near Blood Bank, Al Salam St",+97126445266,,decor objects + clocks + gifting
Gift / corporate-gift,Stallion Electronics,"Opp Orient Exchange, Murshid Bazaar, Deira",+97142264438,,decor objects + clocks + gifting
Gift / corporate-gift,Stallion Gifts LLC,"Office 414, A Block, Al Shaali Building, Al Qusais",+97142592388,,decor objects + clocks + gifting
Gift / corporate-gift,Star Zone Novelties and Household,"Al Shamal St, Deira",+97142252680,,decor objects + clocks + gifting
Gift / corporate-gift,Sunrays Gifts Company WLL,"Gate 5, Madinat Zayed Shopping Centre",+97126322436,,decor objects + clocks + gifting
Gift / corporate-gift,Sunrise Gift Shop,"Hamdan St, Ziyani",+97126768352,,decor objects + clocks + gifting
Gift / corporate-gift,Supreme Novelties and Gifts Trading LLC,"7, 8 & 9, Souk Al Markazi, King Faisal Rd",+97165723196,,decor objects + clocks + gifting
Gift / corporate-gift,Tahiyya Gift Shop,"Zayani Area, Hamdan St., Near Al Qamzi Mosque",,,decor objects + clocks + gifting
Gift / corporate-gift,Tanagra,"Near McDonalds, King Faisal St",+97165723700,,decor objects + clocks + gifting
Gift / corporate-gift,Texas For Gifts,"Near Al Ansari Exchange, Shabiya Khalifa, ME 12, New Mussaffah",+97125530552,,decor objects + clocks + gifting
Gift / corporate-gift,Tickles and Giggles Trading LLC,"JBR, Sadaf 1 No. 26",+97144328681,,decor objects + clocks + gifting
Gift / corporate-gift,Top in Town Gift Shop,"Ziyani Market, Hamdan Road",+97126768227,,decor objects + clocks + gifting
Gift / corporate-gift,Traditions Trading LLC,"M2, Marine & Indl Bldg, Next to Saba Hotel, TCA",+97126448669,,decor objects + clocks + gifting
Gift / corporate-gift,Tshirt Hutt,"Warehiuse # 7, Near Lucky R/A, Industrial Area 2",+971569004257,,decor objects + clocks + gifting
Gift / corporate-gift,Tuba International Trading Establishment,"Green Belt Rd, Indl Area 5",+97165433696,,decor objects + clocks + gifting
Gift / corporate-gift,Two Dirhams Centre,"Near K M R/A, Hamad Bin Matar St",+97192244754,,decor objects + clocks + gifting
Gift / corporate-gift,Two Land Gifts LLC,"Near Deira Park Hotel, Yousuf Baker Rd, Deira",+97142240063,,decor objects + clocks + gifting
Gift / corporate-gift,U Shop Gifts LLC,"One to One Hotel, Salam St",+97124995607,,decor objects + clocks + gifting
Gift / corporate-gift,Venus Gifts,"Dana Plaza, Khalidiya",+97126653622,,decor objects + clocks + gifting
Gift / corporate-gift,Vertex Trading,"1st Flr, Al Mulla Plaza, Al Ghusais",+97142988300,,decor objects + clocks + gifting
Gift / corporate-gift,Vista International Advertising LLC,"Near Al Abbar Glass, Ras Al Khor",+97143332011,,decor objects + clocks + gifting
Gift / corporate-gift,Wafi Gifts Trading,"Suwan Tower, Near Dream Sea Discount Centre",+97167471503,,decor objects + clocks + gifting
Gift / corporate-gift,White Gates Gifts,TCA,+97126444989,,decor objects + clocks + gifting
Gift / corporate-gift,Winner Awards,"Al Aweer Rd, Ras Al Khor Indl Area 1",+97143201415,,decor objects + clocks + gifting
Gift / corporate-gift,Wisconson Trading Establishment,"66, Al Sahara Bldg, Near Boorj 2000, Municipality R/A",+97165616536,,decor objects + clocks + gifting
Gift / corporate-gift,Yademan Gifts Trading,"33rd Floor, Prime Tower Building, Business Bay",,,decor objects + clocks + gifting
Gift / corporate-gift,Zohaib Promotions and Marketing Services,"301, A Block, Twin Towers, Jamal Abdul Naser St",,,decor objects + clocks + gifting
Gift shop,Al Mabsoot Gift Trading,"Shop 2, Near Gold Souk, Deira",+97142257696,,decor objects + clocks
Gift shop,Al Malmas Gifts Centre LLC,"Old Gold Mrkt, Deira",+97142354787,,decor objects + clocks
Gift shop,Al Mumtaz Flower Tr.,"Shop # 9, Bldg # 3010, Al Reem Heights, Al Reem 5, Muweilah Commercial",+971569827992,,decor objects + clocks
Gift shop,Cecilia Collections,Al Bustan Center,+97142639986,,decor objects + clocks
Gift shop,Dar Al Ibdaa Advertising,"Al Muteena St, Deira",+97142733215,,decor objects + clocks
Gift shop,Papa Gifts,"21, Al Baraha Bldg, Bhnd Aeroplane Rest, Deira",+97142732529,,decor objects + clocks
Gift shop,Tada International FZE,Al Barsha,,,decor objects + clocks
Hotel & hospitality supplier,Hamida Garments and Workshop LLC,Industrial Area,+971526991006,,serveware/tableware
Hotel & hospitality supplier,Asian Plastic Products Trading LLC,"Office 8, Ground Floor, Al Muwaihat 3",+971504935123,,serveware/tableware
Hotel & hospitality supplier,Best Care General Trading LLC,Industrial Area 2,+97167490620,,serveware/tableware
Hotel & hospitality supplier,Biome Pack LLC,"Warehouse 3, Warsan 2, International City",+97145779775,,serveware/tableware
Hotel & hospitality supplier,Al Mas Cleaning Mat Trdg LLC,Industrial Area 10,+97165438444,,serveware/tableware
Hotel & hospitality supplier,B Tex International LLC,New Indl Area,+97167480425,,serveware/tableware
Hotel & hospitality supplier,Bravo Kitchen Equipment Factory LLC,AI Qusais Ind.Area,+97142273004,,serveware/tableware
Hotel & hospitality supplier,Carekitchen Equipment Trading LLC,"Office 138, Unique World Business Centre, R 364, Building Al Wasl Properties, Al Karama",+97142610363,,serveware/tableware
Hotel & hospitality supplier,Casino Hotel Supplies LLC,"Office M03, Ali Obaid PS Building, Port Saeed Area, Deira",+97143249819,,serveware/tableware
Hotel & hospitality supplier,Dana Kitchen Manufacturing LLC,,+97142520680,,serveware/tableware
Hotel & hospitality supplier,Display Solutions Hub,,+971556779064,,serveware/tableware
Hotel & hospitality supplier,Emerald Glow LLC,Sharjah,+971551229215,,serveware/tableware
Hotel & hospitality supplier,Emmarko Pools Trading LLC,"Shop No. 2, O-07, Persia Cluster, International City",,,serveware/tableware
Hotel & hospitality supplier,Emporia General Trading LLC,"Next to Emirates Logistics, Al Ghusais Industrial Area 5",+97142026500,,serveware/tableware
Hotel & hospitality supplier,Exact Trading LLC,Dubai,+97143861622,,serveware/tableware
Hotel & hospitality supplier,Global Stores,,+97167426001,,serveware/tableware
Hotel & hospitality supplier,Greenline FZC,"P6 142, SAIF Zone",+97165578990,,serveware/tableware
Hotel & hospitality supplier,Hongkong General Trading LLC,"Central Plaza 2, Street Number 71, Al Jurf 2",+97167678800,,serveware/tableware
Hotel & hospitality supplier,Horeca Trading Co. LLC,"Showroom 01, Bldg No 9, 19 Street Al Quoz  Industrial Area 3",+971800467322,,serveware/tableware
Hotel & hospitality supplier,Indo Arabian Global General Trading LLC,"Opp Home Centre Logistics, Al Quoz 2",+97143415210,,serveware/tableware
Hotel & hospitality supplier,Infinity Hotel Supplies LLC,Mohd Obaid Al Majid Building,+97142639688,,serveware/tableware
Hotel & hospitality supplier,INMA Hotels Outfit LLC,"Office 3, Al Nuaimia 1",+971569326504,,serveware/tableware
Hotel & hospitality supplier,Khiara Traders,"Shop 1, The Metro Centre, Near Abu Baker Al Siddique Metro Station",+97142661772,,serveware/tableware
Hotel & hospitality supplier,Luxor General Trading LLC,"Abu Ghazaleh Bldg, Al Quoz 3",+97143809399,,serveware/tableware
Hotel & hospitality supplier,Masterful Hotels Accessories Trading LLC,"2302, Level 23, BM Office Towers, Al Ittihad Rd",+97165547400,,serveware/tableware
Hotel & hospitality supplier,Metro Hotel Supplies LLC,"Near Abu Baker Al Siddique Metro Station, Salahuddin Street, Deira",+97143539331,,serveware/tableware
Hotel & hospitality supplier,My Cotton General Trading LLC,Dubai,+97142873626,,serveware/tableware
Hotel & hospitality supplier,Nilkamal Crates and Bins FZE,Ajman,+97167401252,,serveware/tableware
Hotel & hospitality supplier,OS & E International LLC,Business Bay,+97144565813,,serveware/tableware
Hotel & hospitality supplier,Pure Tex,"1404-11, 14th Floor, Opal Tower, Business Bay",,,serveware/tableware
Hotel & hospitality supplier,Regency Bed Linen Industry LLC,"Industrial Area 1, Opposite Sanaiya Police Station",+971565618513,,serveware/tableware
Hotel & hospitality supplier,Royal Hospitality LLC,Ajman,+971565486516,,serveware/tableware
Hotel & hospitality supplier,RSAS Trading LLC,"Al Reem Avenue, Al Nahda",+97165541051,,serveware/tableware
Hotel & hospitality supplier,SPA World General Trading,"Store Number 7, Plot Number 15, M17 Mussafah",+971588382030,,serveware/tableware
Hotel & hospitality supplier,Tex Mart,New Indl Area,+97167482565,,serveware/tableware
Hotel & hospitality supplier,Trimurty Trading FZCO,"13, E5, China Cluster, International City",+97144205481,,serveware/tableware
Hotel & hospitality supplier,Valencia International General Trading LLC,"Near Unimix, Jebel Ali Ind Area 1",+97143406533,,serveware/tableware
Hotel & hospitality supplier,Whiteline Detergents Factory LLC,"11 /2,3,4 & 7, Al Bayan Complex, Umm al Thoub, New Industrial Area",+97167670945,,serveware/tableware
Hotel & hospitality supplier,ADA Pacific Direct General Trading LLC,"Office 106, Bldg. 7, Gold & Diamond Park",+97143418920,,serveware/tableware
Hotel & hospitality supplier,Ajmal Plastic Ware Trading,"12, Near Bin Ladin R/A",+97165347325,,serveware/tableware
Hotel & hospitality supplier,Al Ahrar Hotel Supplies LLC,"Salahuddin Rd, Deira",+97142622661,,serveware/tableware
Hotel & hospitality supplier,Al Andalus Hotel Supplies LLC,"Showroom 01, King Abdul Aziz Street",+97165744485,,serveware/tableware
Hotel & hospitality supplier,Al Basma Detergents and Cleaning Ind LLC,"Near GE Electrical Co., Indl Area 15",+97165351554,,serveware/tableware
Hotel & hospitality supplier,Al Bayan Kitchen Equipment LLC,"Spectra Building, Salahuddin Road, Deira",+97142666980,,serveware/tableware
Hotel & hospitality supplier,Al Khatib Vending LLC,"W/House 2, Al Qusais Indl Area 1",+97142671107,,serveware/tableware
Hotel & hospitality supplier,Al Majal Company LLC,"Arenco Bldg, Zabeel Rd",+97143375135,,serveware/tableware
Hotel & hospitality supplier,Al Nahar Building Materials LLC,"Bhnd Times Square, Al Quoz",+97143408626,,serveware/tableware
Hotel & hospitality supplier,Al Shemail Garment Trading,"Bhnd Lacnor Juice Factory, Indl Area 4",+97165398570,,serveware/tableware
Hotel & hospitality supplier,Al Zaher General Facilities Supply LLC,Al Qusais Indl Area 3,+97142585000,,serveware/tableware
Hotel & hospitality supplier,Allsorts,Al Quoz,+97143414175,,serveware/tableware
Hotel & hospitality supplier,Aranco Hotel Suppliers LLC,"101, Al Adil Bldg, Beside Adnoc, Al Falah St",+97126506697,,serveware/tableware
Hotel & hospitality supplier,Astro ME FZC,Ajman,+97142647749,,serveware/tableware
Hotel & hospitality supplier,Avia Tech Company LLC,"Bhnd Spinneys, Al Quoz",+97143408331,,serveware/tableware
Hotel & hospitality supplier,Aviation Hotel Supplies LLC,"2nd Floor, Al Jamal Bldg, Near Al Noor Hospital, Khalifa St",+97126275611,,serveware/tableware
Hotel & hospitality supplier,Bahraja Trading,"222, Nehal S/Market Bldg, Al Qusais",+97142672353,,serveware/tableware
Hotel & hospitality supplier,Baseem Trading Establishment,"Opposite Strand Hotel, Building No. 28, Alia Rashid Al Suwaidi Building",+97126448129,,serveware/tableware
Hotel & hospitality supplier,Blossom Household Appliances Trading LLC,"Shop 4, Al Amani Bldg, Bhnd Ministry of Health, Karama",+97143965636,,serveware/tableware
Hotel & hospitality supplier,Blue Horizon Trading Company LLC,"al nakheel building,al karama",+97143353177,,serveware/tableware
Hotel & hospitality supplier,Casinetto Trading LLC,Al Quoz 1,+97143419230,,serveware/tableware
Hotel & hospitality supplier,Champions Energy Inc,A3-23 SAIF Zone,,,serveware/tableware
Hotel & hospitality supplier,Ciarla Group FZE,Jebal Ali,+97148833576,,serveware/tableware
Hotel & hospitality supplier,Cleres Dyne General Trading LLC,"309, Nawras Tower, Al Qusais 1",+97142735787,,serveware/tableware
Hotel & hospitality supplier,Coffema International General Trading LLC,Dubai,+97143386401,,serveware/tableware
Hotel & hospitality supplier,Crystal Cleaning Material LLC,"313, Firdous Compound, Sector M3, Musaffah",+97125551658,,serveware/tableware
Hotel & hospitality supplier,Diamond Line FZE,"Opp Unimix, Between R/A 12 & 13, Jebel Ali Free Zone",+97148838782,,serveware/tableware
Hotel & hospitality supplier,Direct Hotel Supplies,"4th I/Change, Al Quoz",+97143479449,,serveware/tableware
Hotel & hospitality supplier,East West World General Trading LLC,Dubai,+97142556552,,serveware/tableware
Hotel & hospitality supplier,Emirates Dimlaj Trading LLC,"Office 10, Mansoor Building, Al Quoz",+97142351045,,serveware/tableware
Hotel & hospitality supplier,Empire Trading Establishment,"Bhnd Falcon Pack, Indl Area 15",+97165340430,,serveware/tableware
Hotel & hospitality supplier,Etihad Global Hospitality,"Port Saeed, Deira",+97142526622,,serveware/tableware
Hotel & hospitality supplier,Euphoria,"102, Ahmed Al Badie Tower, Lulu St",+97126277055,,serveware/tableware
Hotel & hospitality supplier,Excel International Middle East LLC,Al Ghusais Indl Area 3,+97142677682,,serveware/tableware
Hotel & hospitality supplier,Excellence Hotel Supplies LLC,"202, Abdulla Asari Bldg, Bhnd Dnata, Deira",+97142546178,,serveware/tableware
Hotel & hospitality supplier,Falaknaz Habitat,"1st Floor, Jumeirah Plaza Building, Jumeirah 1 Street, Between 3rd & 4th InterChange, Al Quoz Indust",+97143447456,,serveware/tableware
Hotel & hospitality supplier,Farshu Hospitality Supplies LLC,"Al Makeen Bldg, Airport Rd, Deira",,,serveware/tableware
Hotel & hospitality supplier,Golden Crane Trdg Co LLC,Deira,+97142669533,,serveware/tableware
Hotel & hospitality supplier,Grand Shanghai Hotel Supplies LLC,"City Avenue Bldg, Port Saeed",+97142504958,,serveware/tableware
Hotel & hospitality supplier,Grand Stores,"Saleh Bin Lahij Bldg, Al Garhoud",+97142823700,,serveware/tableware
Hotel & hospitality supplier,Gulf Hotel Supplies Co LLC,Deira,+97142501003,,serveware/tableware
Hotel & hospitality supplier,Hot Rest Packaging,Al Quoz 1,+97143476561,,serveware/tableware
Hotel & hospitality supplier,Hotel Concepts,"Bhnd BMTC Bldg, Khabisi Area, Deira",+97142662581,,serveware/tableware
Hotel & hospitality supplier,Ideas For Brands,"202, Zabeel Bldg, Opp Rivoli S/Room, Karama",+97143576777,,serveware/tableware
Hotel & hospitality supplier,Indigo Hospitality Supplies LLC,"Opp of Centuary Express WH No 3, Industrial Area 4, Al Qusais",+97142860960,,serveware/tableware
Hotel & hospitality supplier,Infinity Hospitality Turnkey Solution,"2nd Floor, Mohd. Obaid Al Majid Bldg, Marrakech Street",+971553873297,,serveware/tableware
Hotel & hospitality supplier,Jora Vending Machines LLC,Al Quoz Indl Area 3,+97142652663,,serveware/tableware
Hotel & hospitality supplier,Jumeirah Hospitality,Emirates Towers Hotel,+97143403952,,serveware/tableware
Hotel & hospitality supplier,Kamal Laundry and Kitchen Equipment Trading LLC,"Shop No 1, Al Nasr Plaza, Oud Metha",+97143574370,,serveware/tableware
Hotel & hospitality supplier,Land & Sea Trading,"Near Muraqabat Police Stn, Salahuddin R",+97142526601,,serveware/tableware
Hotel & hospitality supplier,Land and Sea Household Trading Company LLC,"Shipco Bldg, Corniche Rd, Suweihan Area",,,serveware/tableware
Hotel & hospitality supplier,Linkage Trading LLC,"Block B, Trade Centre Apts, Sh Zayed Rd",+97143318548,,serveware/tableware
Hotel & hospitality supplier,Maples Hotel Supplies,"Opposite China Mall, Al Jurf",+97167488836,,serveware/tableware
Hotel & hospitality supplier,Marhaba Facility Supplies,"Near Lulu Centre, Bhnd ADCB Bank",+97167457863,,serveware/tableware
Hotel & hospitality supplier,Messerschmitt,JAFZA,+97148871662,,serveware/tableware
Hotel & hospitality supplier,MG Hotel Supplies,"WH 14, Al Quoz",+97142955600,,serveware/tableware
Hotel & hospitality supplier,Middle East Fuji LLC,"Bldg # 7, Street # 4, Al Quoz Industrial Area 3",+97143474444,,serveware/tableware
Hotel & hospitality supplier,Middle East Hotel Supplies,"Showroom 7 & 8, Salah Uddin Street, Al Sahib Building, Deira",+97142540044,,serveware/tableware
Hotel & hospitality supplier,Middle River General Trading LLC,Deira,+97142950345,,serveware/tableware
Hotel & hospitality supplier,Milano Bedlinen Factory LLC,Industrial Area 2,+97167433104,,serveware/tableware
Hotel & hospitality supplier,Nada Hotels Accessories Trading,"Near Maza Signal, Double Cola Rd, Indl Area 5",+97165421500,,serveware/tableware
Hotel & hospitality supplier,Noor Al Fadal Trading L.L.C,Al Qusais,+97148817587,,serveware/tableware
Hotel & hospitality supplier,Orsini Middle East,"2nd Flr, Atrium Centre, Sh Zayed Rd",+97143434878,,serveware/tableware
Hotel & hospitality supplier,Perfetti Hospitality Supplies,,+97143618820,,serveware/tableware
Hotel & hospitality supplier,R J Business Hub FZE,Hamriya Free Zone 2,+97165264867,,serveware/tableware
Hotel & hospitality supplier,Red Line Building Material Trading LLC,"Near Nakheel Centre, Al Nakheel Road, Deira",,,serveware/tableware
Hotel & hospitality supplier,Reem Asia Trading LLC,"Twin Tower, Block D, Al Qusais",+97142588920,,serveware/tableware
Hotel & hospitality supplier,Restofair RAK LLC,"Al Jazeera, Al Hamra",+97172445591,,serveware/tableware
Hotel & hospitality supplier,Royal Clean LLC,"Bhnd Gulf Car Svce & Khalifa Masjid, New Indl Area",+97167481955,,serveware/tableware
Hotel & hospitality supplier,S H A Hospitality Solutions,Dubai,+97143932539,,serveware/tableware
Hotel & hospitality supplier,Sahaba Hospitality Supplies,Deira,+97142599604,,serveware/tableware
Hotel & hospitality supplier,Sara Hotel and Restaurant Div,"Near Traders Hotel, Salauddin Rd, Deira",+97142659797,,serveware/tableware
Hotel & hospitality supplier,Silver Arcade Linen LLC,DIP,+97148815902,,serveware/tableware
Hotel & hospitality supplier,Sky Horizon Facilities Supply LLC,"3rd I/Change, Al Quoz",+97143409031,,serveware/tableware
Hotel & hospitality supplier,Star Link General Trading LLC,Deira,+97142293731,,serveware/tableware
Hotel & hospitality supplier,Super Star Indl Equipment for Hotel and Restaurants,New Indl Area,+97167438982,,serveware/tableware
Hotel & hospitality supplier,Swiss Hotel Supplies,"King Faisal Rd, Behind RAK Bank",+97165739777,,serveware/tableware
Hotel & hospitality supplier,Tarrab Trading Company LLC,"Near Home Center Logistics, Al Quoz",+97143388533,,serveware/tableware
Hotel & hospitality supplier,Top Ten Catering Equipments Trading,Dubai,+97143539931,,serveware/tableware
Hotel & hospitality supplier,Towel and Linen Supplies Company LLC,"22, Arbift Tower, Baniyas Rd, Deira",+97143297360,,serveware/tableware
Hotel & hospitality supplier,Trade City General Trading,"Auto Centre Bldg, Deira",,,serveware/tableware
Hotel & hospitality supplier,Twenty Ones FZE,,+97142952606,,serveware/tableware
Hotel & hospitality supplier,Unique Precise International LLC,"1603, Sidra Tower, Shk Zayed Rd",+97144572012,,serveware/tableware
Hotel & hospitality supplier,WML International Electronic Trading LLC,"Office E25, Plot C-60, ADCB Building P/528 M1, Al Nahyan Camp",+97124438870,,serveware/tableware
